pop_frac,labour_frac
0.0,0.0
4.435376563470239e-05,0.0
8.870753126940477e-05,0.0
0.00013306129690410717,0.0
0.00017741506253880955,0.0
0.00022176882817351193,0.0
0.00026612259380821434,0.0
0.0003104763594429167,0.0
0.0003548301250776191,0.0
0.0003991838907123215,0.0
0.00044353765634702386,0.0
0.00048789142198172626,0.0
0.0005322451876164287,0.0
0.000576598953251131,0.0
0.0006209527188858334,0.0
0.0006653064845205358,0.0
0.0007096602501552382,0.0
0.0007540140157899405,0.0
0.000798367781424643,0.0
0.0008427215470593454,0.0
0.0008870753126940477,0.0
0.0009314290783287502,0.0
0.0009757828439634525,0.0
0.001020136609598155,0.0
0.0010644903752328573,0.0
0.0011088441408675597,0.0
0.001153197906502262,0.0
0.0011975516721369644,0.0
0.0012419054377716668,0.0
0.0012862592034063693,0.0
0.0013306129690410717,0.0
0.001374966734675774,0.0
0.0014193205003104764,0.0
0.0014636742659451787,0.0
0.001508028031579881,0.0
0.0015523817972145834,0.0
0.001596735562849286,0.0
0.0016410893284839884,0.0
0.0016854430941186907,0.0
0.001729796859753393,0.0
0.0017741506253880954,0.0
0.0018185043910227978,0.0
0.0018628581566575003,0.0
0.0019072119222922027,0.0
0.001951565687926905,0.0
0.0019959194535616076,0.0
0.00204027321919631,0.0
0.0020846269848310123,0.0
0.0021289807504657147,0.0
0.002173334516100417,0.0
0.0022176882817351194,0.0
0.0022620420473698217,0.0
0.002306395813004524,0.0
0.0023507495786392264,0.0
0.002395103344273929,0.0
0.002439457109908631,0.0
0.0024838108755433335,0.0
0.002528164641178036,0.0
0.0025725184068127386,0.0
0.002616872172447441,0.0
0.0026612259380821434,0.0
0.0027055797037168457,0.0
0.002749933469351548,0.0
0.0027942872349862504,0.0
0.0028386410006209528,0.0
0.002882994766255655,0.0
0.0029273485318903575,0.0
0.00297170229752506,0.0
0.003016056063159762,0.0
0.0030604098287944645,0.0
0.003104763594429167,0.0
0.0031491173600638697,0.0
0.003193471125698572,0.0
0.0032378248913332744,0.0
0.0032821786569679767,0.0
0.003326532422602679,0.0
0.0033708861882373814,0.0
0.003415239953872084,0.0
0.003459593719506786,0.0
0.0035039474851414885,0.0
0.003548301250776191,0.0
0.003592655016410893,0.0
0.0036370087820455956,0.0
0.003681362547680298,0.0
0.0037257163133150007,0.0
0.003770070078949703,0.0
0.0038144238445844054,0.0
0.0038587776102191077,0.0
0.00390313137585381,0.0
0.0039474851414885125,0.0
0.003991838907123215,0.0
0.004036192672757917,0.0
0.00408054643839262,0.0
0.004124900204027322,0.0
0.004169253969662025,0.0
0.004213607735296727,0.0
0.004257961500931429,0.0
0.004302315266566131,0.0
0.004346669032200834,0.0
0.004391022797835536,0.0
0.004435376563470239,0.0
0.004479730329104941,0.0
0.0045240840947396435,0.0
0.004568437860374346,0.0
0.004612791626009048,0.0
0.004657145391643751,0.0
0.004701499157278453,0.0
0.004745852922913156,0.0
0.004790206688547858,0.0
0.00483456045418256,0.0
0.004878914219817262,0.0
0.004923267985451965,0.0
0.004967621751086667,0.0
0.00501197551672137,0.0
0.005056329282356072,0.0
0.0051006830479907745,0.0
0.005145036813625477,0.0
0.005189390579260179,0.0
0.005233744344894882,0.0
0.005278098110529584,0.0
0.005322451876164287,0.0
0.005366805641798989,0.0
0.005411159407433691,0.0
0.005455513173068393,0.0
0.005499866938703096,0.0
0.005544220704337798,0.0
0.005588574469972501,0.0
0.005632928235607203,0.0
0.0056772820012419055,0.0
0.005721635766876608,0.0
0.00576598953251131,0.0
0.005810343298146013,0.0
0.005854697063780715,0.0
0.005899050829415418,0.0
0.00594340459505012,0.0
0.005987758360684822,0.0
0.006032112126319524,0.0
0.006076465891954227,0.0
0.006120819657588929,0.0
0.006165173423223632,0.0
0.006209527188858334,0.0
0.0062538809544930365,0.0
0.006298234720127739,0.0
0.006342588485762441,0.0
0.006386942251397144,0.0
0.006431296017031846,0.0
0.006475649782666549,0.0
0.006520003548301251,0.0
0.0065643573139359535,0.0
0.006608711079570655,0.0
0.006653064845205358,0.0
0.00669741861084006,0.0
0.006741772376474763,0.0
0.006786126142109465,0.0
0.006830479907744168,0.0
0.00687483367337887,0.0
0.006919187439013572,0.0
0.006963541204648275,0.0
0.007007894970282977,0.0
0.00705224873591768,0.0
0.007096602501552382,0.0
0.0071409562671870845,0.0
0.007185310032821786,0.0
0.007229663798456489,0.0
0.007274017564091191,0.0
0.007318371329725894,0.0
0.007362725095360596,0.0
0.007407078860995299,0.0
0.007451432626630001,0.0
0.007495786392264703,0.0
0.007540140157899406,0.0
0.007584493923534108,0.0
0.007628847689168811,0.0
0.007673201454803513,0.0
0.0077175552204382155,0.0
0.007761908986072917,0.0
0.00780626275170762,0.0
0.007850616517342323,0.0
0.007894970282977025,0.0
0.007939324048611727,0.0
0.00798367781424643,0.0
0.008028031579881132,0.0
0.008072385345515834,0.0
0.008116739111150536,0.0
0.00816109287678524,0.0
0.008205446642419942,0.0
0.008249800408054644,0.0
0.008294154173689346,0.0
0.00833850793932405,0.0
0.008382861704958751,0.0
0.008427215470593453,0.0
0.008471569236228155,0.0
0.008515923001862859,0.0
0.00856027676749756,0.0
0.008604630533132263,0.0
0.008648984298766966,0.0
0.008693338064401668,0.0
0.00873769183003637,0.0
0.008782045595671072,0.0
0.008826399361305776,0.0
0.008870753126940478,0.0
0.00891510689257518,0.0
0.008959460658209881,0.0
0.009003814423844585,0.0
0.009048168189479287,0.0
0.009092521955113989,0.0
0.009136875720748693,0.0
0.009181229486383394,0.0
0.009225583252018096,0.0
0.009269937017652798,0.0
0.009314290783287502,0.0
0.009358644548922204,0.0
0.009402998314556906,0.0
0.009447352080191608,0.0
0.009491705845826311,0.0
0.009536059611461013,0.0
0.009580413377095715,0.0
0.009624767142730417,0.0
0.00966912090836512,0.0
0.009713474673999823,0.0
0.009757828439634525,0.0
0.009802182205269228,0.0
0.00984653597090393,0.0
0.009890889736538632,0.0
0.009935243502173334,0.0
0.009979597267808038,0.0
0.01002395103344274,0.0
0.010068304799077442,0.0
0.010112658564712143,0.0
0.010157012330346847,0.0
0.010201366095981549,0.0
0.010245719861616251,0.0
0.010290073627250955,0.0
0.010334427392885656,0.0
0.010378781158520358,0.0
0.01042313492415506,0.0
0.010467488689789764,0.0
0.010511842455424466,0.0
0.010556196221059168,0.0
0.01060054998669387,0.0
0.010644903752328573,0.0
0.010689257517963275,0.0
0.010733611283597977,0.0
0.01077796504923268,0.0
0.010822318814867383,0.0
0.010866672580502085,0.0
0.010911026346136787,0.0
0.01095538011177149,0.0
0.010999733877406192,0.0
0.011044087643040894,0.0
0.011088441408675596,0.0
0.0111327951743103,0.0
0.011177148939945002,0.0
0.011221502705579704,0.0
0.011265856471214405,0.0
0.011310210236849109,0.0
0.011354564002483811,0.0
0.011398917768118513,0.0
0.011443271533753217,0.0
0.011487625299387919,0.0
0.01153197906502262,0.0
0.011576332830657322,0.0
0.011620686596292026,0.0
0.011665040361926728,0.0
0.01170939412756143,0.0
0.011753747893196132,0.0
0.011798101658830835,0.0
0.011842455424465537,0.0
0.01188680919010024,0.0
0.011931162955734943,0.0
0.011975516721369645,0.0
0.012019870487004347,0.0
0.012064224252639049,0.0
0.012108578018273752,0.0
0.012152931783908454,0.0
0.012197285549543156,0.0
0.012241639315177858,0.0
0.012285993080812562,0.0
0.012330346846447264,0.0
0.012374700612081966,0.0
0.012419054377716668,0.0
0.012463408143351371,0.0
0.012507761908986073,0.0
0.012552115674620775,0.0
0.012596469440255479,0.0
0.01264082320589018,0.0
0.012685176971524883,0.0
0.012729530737159584,0.0
0.012773884502794288,0.0
0.01281823826842899,0.0
0.012862592034063692,0.0
0.012906945799698394,0.0
0.012951299565333097,0.0
0.0129956533309678,0.0
0.013040007096602501,0.0
0.013084360862237205,0.0
0.013128714627871907,0.0
0.013173068393506609,0.0
0.01321742215914131,0.0
0.013261775924776014,0.0
0.013306129690410716,0.0
0.013350483456045418,0.0
0.01339483722168012,0.0
0.013439190987314824,0.0
0.013483544752949526,0.0
0.013527898518584228,0.0
0.01357225228421893,0.0
0.013616606049853633,0.0
0.013660959815488335,0.0
0.013705313581123037,0.0
0.01374966734675774,0.0
0.013794021112392443,0.0
0.013838374878027145,0.0
0.013882728643661846,0.0
0.01392708240929655,0.0
0.013971436174931252,0.0
0.014015789940565954,0.0
0.014060143706200656,0.0
0.01410449747183536,0.0
0.014148851237470061,0.0
0.014193205003104763,0.0
0.014237558768739467,0.0
0.014281912534374169,0.0
0.014326266300008871,0.0
0.014370620065643573,0.0
0.014414973831278276,0.0
0.014459327596912978,0.0
0.01450368136254768,0.0
0.014548035128182382,0.0
0.014592388893817086,0.0
0.014636742659451788,0.0
0.01468109642508649,0.0
0.014725450190721192,0.0
0.014769803956355895,0.0
0.014814157721990597,0.0
0.014858511487625299,0.0
0.014902865253260003,0.0
0.014947219018894705,0.0
0.014991572784529407,0.0
0.015035926550164109,0.0
0.015080280315798812,0.0
0.015124634081433514,0.0
0.015168987847068216,0.0
0.015213341612702918,0.0
0.015257695378337622,0.0
0.015302049143972324,0.0
0.015346402909607025,0.0
0.015390756675241729,0.0
0.015435110440876431,0.0
0.015479464206511133,0.0
0.015523817972145835,0.0
0.015568171737780538,0.0
0.01561252550341524,0.0
0.015656879269049944,0.0
0.015701233034684646,0.0
0.015745586800319348,0.0
0.01578994056595405,0.0
0.015834294331588752,0.0
0.015878648097223454,0.0
0.015923001862858156,0.0
0.01596735562849286,0.0
0.016011709394127563,0.0
0.016056063159762265,0.0
0.016100416925396967,0.0
0.01614477069103167,0.0
0.01618912445666637,0.0
0.016233478222301072,0.0
0.016277831987935774,0.0
0.01632218575357048,0.0
0.01636653951920518,0.0
0.016410893284839884,0.0
0.016455247050474586,0.0
0.016499600816109287,0.0
0.01654395458174399,0.0
0.01658830834737869,0.0
0.016632662113013397,0.0
0.0166770158786481,0.0
0.0167213696442828,0.0
0.016765723409917502,0.0
0.016810077175552204,0.0
0.016854430941186906,0.0
0.016898784706821608,0.0
0.01694313847245631,0.0
0.016987492238091016,0.0
0.017031846003725717,0.0
0.01707619976936042,0.0
0.01712055353499512,0.0
0.017164907300629823,0.0
0.017209261066264525,0.0
0.017253614831899227,0.0
0.017297968597533932,0.0
0.017342322363168634,0.0
0.017386676128803336,0.0
0.017431029894438038,0.0
0.01747538366007274,0.0
0.017519737425707442,0.0
0.017564091191342144,0.0
0.01760844495697685,0.0
0.01765279872261155,0.0
0.017697152488246253,0.0
0.017741506253880955,0.0
0.017785860019515657,0.0
0.01783021378515036,0.0
0.01787456755078506,0.0
0.017918921316419763,0.0
0.017963275082054468,0.0
0.01800762884768917,0.0
0.018051982613323872,0.0
0.018096336378958574,0.0
0.018140690144593276,0.0
0.018185043910227978,0.0
0.01822939767586268,0.0
0.018273751441497385,0.0
0.018318105207132087,0.0
0.01836245897276679,0.0
0.01840681273840149,0.0
0.018451166504036193,0.0
0.018495520269670895,0.0
0.018539874035305597,0.0
0.0185842278009403,0.0
0.018628581566575004,0.0
0.018672935332209706,0.0
0.018717289097844408,0.0
0.01876164286347911,0.0
0.01880599662911381,0.0
0.018850350394748513,0.0
0.018894704160383215,0.0
0.01893905792601792,0.0
0.018983411691652623,0.0
0.019027765457287325,0.0
0.019072119222922027,0.0
0.01911647298855673,0.0
0.01916082675419143,0.0
0.019205180519826132,0.0
0.019249534285460834,0.0
0.01929388805109554,0.0
0.01933824181673024,0.0
0.019382595582364943,0.0
0.019426949347999645,0.0
0.019471303113634347,0.0
0.01951565687926905,0.0
0.01956001064490375,0.0
0.019604364410538457,0.0
0.01964871817617316,0.0
0.01969307194180786,0.0
0.019737425707442562,0.0
0.019781779473077264,0.0
0.019826133238711966,0.0
0.019870487004346668,0.0
0.019914840769981373,0.0
0.019959194535616075,0.0
0.020003548301250777,0.0
0.02004790206688548,0.0
0.02009225583252018,0.0
0.020136609598154883,0.0
0.020180963363789585,0.0
0.020225317129424287,0.0
0.020269670895058992,0.0
0.020314024660693694,0.0
0.020358378426328396,0.0
0.020402732191963098,0.0
0.0204470859575978,0.0
0.020491439723232502,0.0
0.020535793488867204,0.0
0.02058014725450191,0.0
0.02062450102013661,0.0
0.020668854785771313,0.0
0.020713208551406015,0.0
0.020757562317040717,0.0
0.02080191608267542,0.0
0.02084626984831012,0.0
0.020890623613944823,0.0
0.020934977379579528,0.0
0.02097933114521423,0.0
0.021023684910848932,0.0
0.021068038676483634,0.0
0.021112392442118336,0.0
0.021156746207753038,0.0
0.02120109997338774,0.0
0.021245453739022445,0.0
0.021289807504657147,0.0
0.02133416127029185,0.0
0.02137851503592655,0.0
0.021422868801561253,0.0
0.021467222567195954,0.0
0.021511576332830656,0.0
0.02155593009846536,0.0
0.021600283864100064,0.0
0.021644637629734766,0.0
0.021688991395369468,0.0
0.02173334516100417,0.0
0.02177769892663887,0.0
0.021822052692273573,0.0
0.021866406457908275,0.0
0.02191076022354298,0.0
0.021955113989177683,0.0
0.021999467754812384,0.0
0.022043821520447086,0.0
0.02208817528608179,0.0
0.02213252905171649,0.0
0.022176882817351192,0.0
0.022221236582985898,0.0
0.0222655903486206,0.0
0.0223099441142553,0.0
0.022354297879890003,0.0
0.022398651645524705,0.0
0.022443005411159407,0.0
0.02248735917679411,0.0
0.02253171294242881,0.0
0.022576066708063516,0.0
0.022620420473698218,0.0
0.02266477423933292,0.0
0.022709128004967622,0.0
0.022753481770602324,0.0
0.022797835536237026,0.0
0.022842189301871728,0.0
0.022886543067506433,0.0
0.022930896833141135,0.0
0.022975250598775837,0.0
0.02301960436441054,0.0
0.02306395813004524,0.0
0.023108311895679943,0.0
0.023152665661314645,0.0
0.023197019426949347,0.0
0.023241373192584052,0.0
0.023285726958218754,0.0
0.023330080723853456,0.0
0.023374434489488158,0.0
0.02341878825512286,0.0
0.02346314202075756,0.0
0.023507495786392264,0.0
0.02355184955202697,0.0
0.02359620331766167,0.0
0.023640557083296373,0.0
0.023684910848931075,0.0
0.023729264614565777,0.0
0.02377361838020048,0.0
0.02381797214583518,0.0
0.023862325911469886,0.0
0.023906679677104588,0.0
0.02395103344273929,0.0
0.02399538720837399,0.0
0.024039740974008694,0.0
0.024084094739643395,0.0
0.024128448505278097,0.0
0.0241728022709128,0.0
0.024217156036547505,0.0
0.024261509802182207,0.0
0.02430586356781691,0.0
0.02435021733345161,0.0
0.024394571099086312,0.0
0.024438924864721014,0.0
0.024483278630355716,0.0
0.02452763239599042,0.0
0.024571986161625124,0.0
0.024616339927259825,0.0
0.024660693692894527,0.0
0.02470504745852923,0.0
0.02474940122416393,0.0
0.024793754989798633,0.0
0.024838108755433335,0.0
0.02488246252106804,0.0
0.024926816286702742,0.0
0.024971170052337444,0.0
0.025015523817972146,0.0
0.025059877583606848,0.0
0.02510423134924155,0.0
0.025148585114876252,0.0
0.025192938880510957,0.0
0.02523729264614566,0.0
0.02528164641178036,0.0
0.025326000177415063,0.0
0.025370353943049765,0.0
0.025414707708684467,0.0
0.02545906147431917,0.0
0.02550341523995387,0.0
0.025547769005588576,0.0
0.025592122771223278,0.0
0.02563647653685798,0.0
0.025680830302492682,0.0
0.025725184068127384,0.0
0.025769537833762086,0.0
0.025813891599396788,0.0
0.025858245365031493,0.0
0.025902599130666195,0.0
0.025946952896300897,0.0
0.0259913066619356,0.0
0.0260356604275703,0.0
0.026080014193205003,0.0
0.026124367958839705,0.0
0.02616872172447441,0.0
0.026213075490109112,0.0
0.026257429255743814,0.0
0.026301783021378516,0.0
0.026346136787013218,0.0
0.02639049055264792,0.0
0.02643484431828262,0.0
0.026479198083917323,0.0
0.02652355184955203,0.0
0.02656790561518673,0.0
0.026612259380821433,0.0
0.026656613146456135,0.0
0.026700966912090836,0.0
0.02674532067772554,0.0
0.02678967444336024,0.0
0.026834028208994946,0.0
0.026878381974629648,0.0
0.02692273574026435,0.0
0.02696708950589905,0.0
0.027011443271533753,0.0
0.027055797037168455,0.0
0.027100150802803157,0.0
0.02714450456843786,0.0
0.027188858334072565,0.0
0.027233212099707266,0.0
0.02727756586534197,0.0
0.02732191963097667,0.0
0.027366273396611372,0.0
0.027410627162246074,0.0
0.027454980927880776,0.0
0.02749933469351548,0.0
0.027543688459150183,0.0
0.027588042224784885,0.0
0.027632395990419587,0.0
0.02767674975605429,0.0
0.02772110352168899,0.0
0.027765457287323693,0.0
0.027809811052958395,0.0
0.0278541648185931,0.0
0.027898518584227802,0.0
0.027942872349862504,0.0
0.027987226115497206,0.0
0.028031579881131908,0.0
0.02807593364676661,0.0
0.028120287412401312,0.0
0.028164641178036017,0.0
0.02820899494367072,0.0
0.02825334870930542,0.0
0.028297702474940123,0.0
0.028342056240574825,0.0
0.028386410006209527,0.0
0.02843076377184423,0.0
0.028475117537478934,0.0
0.028519471303113636,0.0
0.028563825068748338,0.0
0.02860817883438304,0.0
0.028652532600017742,0.0
0.028696886365652444,0.0
0.028741240131287146,0.0
0.028785593896921848,0.0
0.028829947662556553,0.0
0.028874301428191255,0.0
0.028918655193825957,0.0
0.02896300895946066,0.0
0.02900736272509536,0.0
0.029051716490730062,0.0
0.029096070256364764,0.0
0.02914042402199947,0.0
0.02918477778763417,0.0
0.029229131553268874,0.0
0.029273485318903576,0.0
0.029317839084538277,0.0
0.02936219285017298,0.0
0.02940654661580768,0.0
0.029450900381442383,0.0
0.02949525414707709,0.0
0.02953960791271179,0.0
0.029583961678346492,0.0
0.029628315443981194,0.0
0.029672669209615896,0.0
0.029717022975250598,0.0
0.0297613767408853,0.0
0.029805730506520006,0.0
0.029850084272154707,0.0
0.02989443803778941,0.0
0.02993879180342411,0.0
0.029983145569058813,0.0
0.030027499334693515,0.0
0.030071853100328217,0.0
0.030116206865962922,0.0
0.030160560631597624,0.0
0.030204914397232326,0.0
0.030249268162867028,0.0
0.03029362192850173,0.0
0.030337975694136432,0.0
0.030382329459771134,0.0
0.030426683225405836,0.0
0.03047103699104054,0.0
0.030515390756675243,0.0
0.030559744522309945,0.0
0.030604098287944647,0.0
0.03064845205357935,0.0
0.03069280581921405,0.0
0.030737159584848753,0.0
0.030781513350483458,0.0
0.03082586711611816,0.0
0.030870220881752862,0.0
0.030914574647387564,0.0
0.030958928413022266,0.0
0.031003282178656968,0.0
0.03104763594429167,0.0
0.03109198970992637,0.0
0.031136343475561077,0.0
0.03118069724119578,0.0
0.03122505100683048,0.0
0.03126940477246518,0.0
0.03131375853809989,0.0
0.03135811230373459,0.0
0.03140246606936929,0.0
0.03144681983500399,0.0
0.031491173600638696,0.0
0.031535527366273394,0.0
0.0315798811319081,0.0
0.031624234897542805,0.0
0.031668588663177503,0.0
0.03171294242881221,0.0
0.03175729619444691,0.0
0.03180164996008161,0.0
0.03184600372571631,0.0
0.03189035749135102,0.0
0.03193471125698572,0.0
0.03197906502262042,0.0
0.032023418788255126,0.0
0.032067772553889824,0.0
0.03211212631952453,0.0
0.03215648008515923,0.0
0.03220083385079393,0.0
0.03224518761642863,0.0
0.03228954138206334,0.0
0.03233389514769804,0.0
0.03237824891333274,0.0
0.032422602678967447,0.0
0.032466956444602145,0.0
0.03251131021023685,0.0
0.03255566397587155,0.0
0.032600017741506254,0.0
0.03264437150714096,0.0
0.03268872527277566,0.0
0.03273307903841036,0.0
0.03277743280404506,0.0
0.03282178656967977,0.0
0.032866140335314466,0.0
0.03291049410094917,0.0
0.032954847866583876,0.0
0.032999201632218575,0.0
0.03304355539785328,0.0
0.03308790916348798,0.0
0.033132262929122684,0.0
0.03317661669475738,0.0
0.03322097046039209,0.0
0.03326532422602679,0.0
0.03330967799166149,0.0
0.0333540317572962,0.0
0.033398385522930896,0.0
0.0334427392885656,0.0
0.0334870930542003,0.0
0.033531446819835005,0.0
0.03357580058546971,0.0
0.03362015435110441,0.0
0.033664508116739114,0.0
0.03370886188237381,0.0
0.03375321564800852,0.0
0.033797569413643216,0.0
0.03384192317927792,0.0
0.03388627694491262,0.0
0.033930630710547326,0.0
0.03397498447618203,0.0
0.03401933824181673,0.0
0.034063692007451435,0.0
0.03410804577308613,0.0
0.03415239953872084,0.0
0.03419675330435554,0.0
0.03424110706999024,0.0
0.03428546083562495,0.0
0.034329814601259646,0.0
0.03437416836689435,0.0
0.03441852213252905,0.0
0.034462875898163756,0.0
0.034507229663798454,0.0
0.03455158342943316,0.0
0.034595937195067865,0.0
0.03464029096070256,0.0
0.03468464472633727,0.0
0.03472899849197197,0.0
0.03477335225760667,0.0
0.03481770602324137,0.0
0.034862059788876076,0.0
0.03490641355451078,0.0
0.03495076732014548,0.0
0.034995121085780186,0.0
0.035039474851414884,0.0
0.03508382861704959,0.0
0.03512818238268429,0.0
0.03517253614831899,0.0
0.0352168899139537,0.0
0.0352612436795884,0.0
0.0353055974452231,0.0
0.0353499512108578,0.0
0.035394304976492506,0.0
0.035438658742127205,0.0
0.03548301250776191,0.0
0.03552736627339661,0.0
0.035571720039031314,0.0
0.03561607380466602,0.0
0.03566042757030072,0.0
0.03570478133593542,0.0
0.03574913510157012,0.0
0.03579348886720483,0.0
0.035837842632839526,0.0
0.03588219639847423,0.0
0.035926550164108936,0.0
0.035970903929743635,0.0
0.03601525769537834,0.0
0.03605961146101304,0.0
0.036103965226647744,0.0
0.03614831899228244,0.0
0.03619267275791715,0.0
0.03623702652355185,0.0
0.03628138028918655,0.0
0.03632573405482126,0.0
0.036370087820455956,0.0
0.03641444158609066,0.0
0.03645879535172536,0.0
0.036503149117360065,0.0
0.03654750288299477,0.0
0.03659185664862947,0.0
0.036636210414264174,0.0
0.03668056417989887,0.0
0.03672491794553358,0.0
0.036769271711168276,0.0
0.03681362547680298,0.0
0.03685797924243768,0.0
0.036902333008072385,0.0
0.03694668677370709,0.0
0.03699104053934179,0.0
0.037035394304976495,0.0
0.03707974807061119,0.0
0.0371241018362459,0.0
0.0371684556018806,0.0
0.0372128093675153,0.0
0.03725716313315001,0.0
0.037301516898784706,0.0
0.03734587066441941,0.0
0.03739022443005411,0.0
0.037434578195688815,0.0
0.037478931961323514,0.0
0.03752328572695822,0.0
0.037567639492592925,0.0
0.03761199325822762,0.0
0.03765634702386233,0.0
0.03770070078949703,0.0
0.03774505455513173,0.0
0.03778940832076643,0.0
0.037833762086401136,0.0
0.03787811585203584,0.0
0.03792246961767054,0.0
0.037966823383305245,0.0
0.038011177148939944,0.0
0.03805553091457465,0.0
0.03809988468020935,0.0
0.03814423844584405,0.0
0.03818859221147876,0.0
0.03823294597711346,0.0
0.03827729974274816,0.0
0.03832165350838286,0.0
0.038366007274017566,0.0
0.038410361039652265,0.0
0.03845471480528697,0.0
0.03849906857092167,0.0
0.038543422336556374,0.0
0.03858777610219108,0.0
0.03863212986782578,0.0
0.03867648363346048,0.0
0.03872083739909518,0.0
0.03876519116472989,0.0
0.038809544930364585,0.0
0.03885389869599929,0.0
0.038898252461633996,0.0
0.038942606227268695,0.0
0.0389869599929034,0.0
0.0390313137585381,0.0
0.039075667524172804,0.0
0.0391200212898075,0.0
0.03916437505544221,0.0
0.03920872882107691,0.0
0.03925308258671161,0.0
0.03929743635234632,0.0
0.039341790117981015,0.0
0.03938614388361572,0.0
0.03943049764925042,0.0
0.039474851414885125,0.0
0.03951920518051983,0.0
0.03956355894615453,0.0
0.039607912711789234,0.0
0.03965226647742393,0.0
0.03969662024305864,0.0
0.039740974008693336,0.0
0.03978532777432804,0.0
0.03982968153996275,0.0
0.039874035305597445,0.0
0.03991838907123215,0.0
0.03996274283686685,0.0
0.040007096602501555,0.0
0.04005145036813625,0.0
0.04009580413377096,0.0
0.04014015789940566,0.0
0.04018451166504036,0.0
0.04022886543067507,0.0
0.040273219196309766,0.0
0.04031757296194447,0.0
0.04036192672757917,0.0
0.040406280493213875,0.0
0.040450634258848574,0.0
0.04049498802448328,0.0
0.040539341790117984,0.0
0.04058369555575268,0.0
0.04062804932138739,0.0
0.04067240308702209,0.0
0.04071675685265679,0.0
0.04076111061829149,0.0
0.040805464383926196,0.0
0.0408498181495609,0.0
0.0408941719151956,0.0
0.040938525680830305,0.0
0.040982879446465004,0.0
0.04102723321209971,0.0
0.04107158697773441,0.0
0.04111594074336911,0.0
0.04116029450900382,0.0
0.04120464827463852,0.0
0.04124900204027322,0.0
0.04129335580590792,0.0
0.041337709571542626,0.0
0.041382063337177324,0.0
0.04142641710281203,0.0
0.041470770868446735,0.0
0.041515124634081434,0.0
0.04155947839971614,0.0
0.04160383216535084,0.0
0.04164818593098554,0.0
0.04169253969662024,0.0
0.04173689346225495,0.0
0.041781247227889645,0.0
0.04182560099352435,0.0
0.041869954759159056,0.0
0.041914308524793754,0.0
0.04195866229042846,0.0
0.04200301605606316,0.0
0.042047369821697864,0.0
0.04209172358733256,0.0
0.04213607735296727,0.0
0.04218043111860197,0.0
0.04222478488423667,0.0
0.04226913864987138,0.0
0.042313492415506075,0.0
0.04235784618114078,0.0
0.04240219994677548,0.0
0.042446553712410184,0.0
0.04249090747804489,0.0
0.04253526124367959,0.0
0.042579615009314294,0.0
0.04262396877494899,0.0
0.0426683225405837,0.0
0.042712676306218396,0.0
0.0427570300718531,0.0
0.04280138383748781,0.0
0.042845737603122505,0.0
0.04289009136875721,0.0
0.04293444513439191,0.0
0.042978798900026614,0.0
0.04302315266566131,0.0
0.04306750643129602,0.0
0.04311186019693072,0.0
0.04315621396256542,0.0
0.04320056772820013,0.0
0.043244921493834826,0.0
0.04328927525946953,0.0
0.04333362902510423,0.0
0.043377982790738935,0.0
0.043422336556373634,0.0
0.04346669032200834,0.0
0.043511044087643044,0.0
0.04355539785327774,0.0
0.04359975161891245,0.0
0.04364410538454715,0.0
0.04368845915018185,0.0
0.04373281291581655,0.0
0.043777166681451256,0.0
0.04382152044708596,0.0
0.04386587421272066,0.0
0.043910227978355365,0.0
0.043954581743990064,0.0
0.04399893550962477,0.0
0.04404328927525947,0.0
0.04408764304089417,0.0
0.04413199680652888,0.0
0.04417635057216358,0.0
0.04422070433779828,0.0
0.04426505810343298,0.0
0.044309411869067686,0.0
0.044353765634702384,0.0
0.04439811940033709,0.0
0.044442473165971795,0.0
0.044486826931606493,0.0
0.0445311806972412,0.0
0.0445755344628759,0.0
0.0446198882285106,0.0
0.0446642419941453,0.0
0.04470859575978001,0.0
0.044752949525414705,0.0
0.04479730329104941,0.0
0.044841657056684116,0.0
0.044886010822318814,0.0
0.04493036458795352,0.0
0.04497471835358822,0.0
0.04501907211922292,0.0
0.04506342588485762,0.0
0.04510777965049233,0.0
0.04515213341612703,0.0
0.04519648718176173,0.0
0.045240840947396437,0.0
0.045285194713031135,0.0
0.04532954847866584,0.0
0.04537390224430054,0.0
0.045418256009935244,0.0
0.04546260977556995,0.0
0.04550696354120465,0.0
0.04555131730683935,0.0
0.04559567107247405,0.0
0.04564002483810876,0.0
0.045684378603743456,0.0
0.04572873236937816,0.0
0.045773086135012866,0.0
0.045817439900647565,0.0
0.04586179366628227,0.0
0.04590614743191697,0.0
0.045950501197551674,0.0
0.04599485496318637,0.0
0.04603920872882108,0.0
0.04608356249445578,0.0
0.04612791626009048,0.0
0.04617227002572519,0.0
0.046216623791359886,0.0
0.04626097755699459,0.0
0.04630533132262929,0.0
0.046349685088263995,0.0
0.04639403885389869,0.0
0.0464383926195334,0.0
0.046482746385168104,0.0
0.0465271001508028,0.0
0.04657145391643751,0.0
0.046615807682072206,0.0
0.04666016144770691,0.0
0.04670451521334161,0.0
0.046748868978976316,0.0
0.04679322274461102,0.0
0.04683757651024572,0.0
0.046881930275880425,0.0
0.04692628404151512,0.0
0.04697063780714983,0.0
0.04701499157278453,0.0
0.04705934533841923,0.0
0.04710369910405394,0.0
0.047148052869688636,0.0
0.04719240663532334,0.0
0.04723676040095804,0.0
0.047281114166592746,0.0
0.047325467932227444,0.0
0.04736982169786215,0.0
0.047414175463496855,0.0
0.04745852922913155,0.0
0.04750288299476626,0.0
0.04754723676040096,0.0
0.04759159052603566,0.0
0.04763594429167036,0.0
0.047680298057305066,0.0
0.04772465182293977,0.0
0.04776900558857447,0.0
0.047813359354209176,0.0
0.047857713119843874,0.0
0.04790206688547858,0.0
0.04794642065111328,0.0
0.04799077441674798,0.0
0.04803512818238268,0.0
0.04807948194801739,0.0
0.04812383571365209,0.0
0.04816818947928679,0.0
0.048212543244921496,0.0
0.048256897010556195,0.0
0.0483012507761909,0.0
0.0483456045418256,0.0
0.048389958307460304,0.0
0.04843431207309501,0.0
0.04847866583872971,0.0
0.04852301960436441,0.0
0.04856737336999911,0.0
0.04861172713563382,0.0
0.048656080901268516,0.0
0.04870043466690322,0.0
0.048744788432537926,0.0
0.048789142198172625,0.0
0.04883349596380733,0.0
0.04887784972944203,0.0
0.048922203495076734,0.0
0.04896655726071143,0.0
0.04901091102634614,0.0
0.04905526479198084,0.0
0.04909961855761554,0.0
0.04914397232325025,0.0
0.049188326088884946,0.0
0.04923267985451965,0.0
0.04927703362015435,0.0
0.049321387385789055,0.0
0.04936574115142375,0.0
0.04941009491705846,0.0
0.049454448682693164,0.0
0.04949880244832786,0.0
0.04954315621396257,0.0
0.049587509979597266,0.0
0.04963186374523197,0.0
0.04967621751086667,0.0
0.049720571276501375,0.0
0.04976492504213608,0.0
0.04980927880777078,0.0
0.049853632573405485,0.0
0.04989798633904018,0.0
0.04994234010467489,0.0
0.04998669387030959,0.0
0.05003104763594429,0.0
0.050075401401579,0.0
0.050119755167213696,0.0
0.0501641089328484,0.0
0.0502084626984831,0.0
0.050252816464117805,0.0
0.050297170229752504,0.0
0.05034152399538721,0.0
0.050385877761021915,0.0
0.05043023152665661,0.0
0.05047458529229132,0.0
0.05051893905792602,0.0
0.05056329282356072,0.0
0.05060764658919542,0.0
0.050652000354830126,0.0
0.05069635412046483,0.0
0.05074070788609953,0.0
0.050785061651734235,0.0
0.050829415417368934,0.0
0.05087376918300364,0.0
0.05091812294863834,0.0
0.05096247671427304,0.0
0.05100683047990774,0.0
0.05105118424554245,0.0
0.05109553801117715,0.0
0.05113989177681185,0.0
0.051184245542446556,0.0
0.051228599308081255,0.0
0.05127295307371596,0.0
0.05131730683935066,0.0
0.051361660604985364,0.0
0.05140601437062007,0.0
0.05145036813625477,0.0
0.05149472190188947,0.0
0.05153907566752417,0.0
0.05158342943315888,0.0
0.051627783198793575,0.0
0.05167213696442828,0.0
0.051716490730062986,0.0
0.051760844495697685,0.0
0.05180519826133239,0.0
0.05184955202696709,0.0
0.051893905792601794,0.0
0.05193825955823649,0.0
0.0519826133238712,0.0
0.0520269670895059,0.0
0.0520713208551406,0.0
0.05211567462077531,0.0
0.052160028386410005,0.0
0.05220438215204471,0.0
0.05224873591767941,0.0
0.052293089683314115,0.0
0.05233744344894882,0.0
0.05238179721458352,0.0
0.052426150980218224,0.0
0.05247050474585292,0.0
0.05251485851148763,0.0
0.052559212277122326,0.0
0.05260356604275703,0.0
0.05264791980839173,0.0
0.052692273574026435,0.0
0.05273662733966114,0.0
0.05278098110529584,0.0
0.052825334870930545,0.0
0.05286968863656524,0.0
0.05291404240219995,0.0
0.05295839616783465,0.0
0.05300274993346935,0.0
0.05304710369910406,0.0
0.053091457464738756,0.0
0.05313581123037346,0.0
0.05318016499600816,0.0
0.053224518761642865,0.0
0.053268872527277564,0.0
0.05331322629291227,0.0
0.053357580058546974,0.0
0.05340193382418167,0.0
0.05344628758981638,0.0
0.05349064135545108,0.0
0.05353499512108578,0.0
0.05357934888672048,0.0
0.053623702652355186,0.0
0.05366805641798989,0.0
0.05371241018362459,0.0
0.053756763949259295,0.0
0.053801117714893994,0.0
0.0538454714805287,0.0
0.0538898252461634,0.0
0.0539341790117981,0.0
0.05397853277743281,0.0
0.05402288654306751,0.0
0.05406724030870221,0.0
0.05411159407433691,0.0
0.054155947839971616,0.0
0.054200301605606314,0.0
0.05424465537124102,0.0
0.05428900913687572,0.0
0.054333362902510424,0.0
0.05437771666814513,0.0
0.05442207043377983,0.0
0.05446642419941453,0.0
0.05451077796504923,0.0
0.05455513173068394,0.0
0.054599485496318635,0.0
0.05464383926195334,0.0
0.054688193027588046,0.0
0.054732546793222744,0.0
0.05477690055885745,0.0
0.05482125432449215,0.0
0.054865608090126854,0.0
0.05490996185576155,0.0
0.05495431562139626,0.0
0.05499866938703096,0.0
0.05504302315266566,0.0
0.05508737691830037,0.0
0.055131730683935065,0.0
0.05517608444956977,0.0
0.05522043821520447,0.0
0.055264791980839174,0.0
0.05530914574647388,0.0
0.05535349951210858,0.0
0.055397853277743284,0.0
0.05544220704337798,0.0
0.05548656080901269,0.0
0.055530914574647386,0.0
0.05557526834028209,0.0
0.05561962210591679,0.0
0.055663975871551495,0.0
0.0557083296371862,0.0
0.0557526834028209,0.0
0.055797037168455604,0.0
0.0558413909340903,0.0
0.05588574469972501,0.0
0.05593009846535971,0.0
0.05597445223099441,0.0
0.05601880599662912,0.0
0.056063159762263816,0.0
0.05610751352789852,0.0
0.05615186729353322,0.0
0.056196221059167925,0.0
0.056240574824802624,0.0
0.05628492859043733,0.0
0.056329282356072034,0.0
0.05637363612170673,0.0
0.05641798988734144,0.0
0.05646234365297614,0.0
0.05650669741861084,0.0
0.05655105118424554,0.0
0.056595404949880246,0.0
0.05663975871551495,0.0
0.05668411248114965,0.0
0.056728466246784355,0.0
0.056772820012419054,0.0
0.05681717377805376,0.0
0.05686152754368846,0.0
0.05690588130932316,0.0
0.05695023507495787,0.0
0.05699458884059257,0.0
0.05703894260622727,0.0
0.05708329637186197,0.0
0.057127650137496676,0.0
0.057172003903131374,0.0
0.05721635766876608,0.0
0.05726071143440078,0.0
0.057305065200035483,0.0
0.05734941896567019,0.0
0.05739377273130489,0.0
0.05743812649693959,0.0
0.05748248026257429,0.0
0.057526834028209,0.0
0.057571187793843695,0.0
0.0576155415594784,0.0
0.057659895325113106,0.0
0.057704249090747804,0.0
0.05774860285638251,0.0
0.05779295662201721,0.0
0.05783731038765191,0.0
0.05788166415328661,0.0
0.05792601791892132,0.0
0.05797037168455602,0.0
0.05801472545019072,0.0
0.058059079215825427,0.0
0.058103432981460125,0.0
0.05814778674709483,0.0
0.05819214051272953,0.0
0.058236494278364234,0.0
0.05828084804399894,0.0
0.05832520180963364,0.0
0.05836955557526834,0.0
0.05841390934090304,0.0
0.05845826310653775,0.0
0.058502616872172446,0.0
0.05854697063780715,0.0
0.058591324403441856,0.0
0.058635678169076555,0.0
0.05868003193471126,0.0
0.05872438570034596,0.0
0.058768739465980664,0.0
0.05881309323161536,0.0
0.05885744699725007,0.0
0.058901800762884766,0.0
0.05894615452851947,0.0
0.05899050829415418,0.0
0.059034862059788876,0.0
0.05907921582542358,0.0
0.05912356959105828,0.0
0.059167923356692985,0.0
0.05921227712232768,0.0
0.05925663088796239,0.0
0.059300984653597094,0.0
0.05934533841923179,0.0
0.0593896921848665,0.0
0.059434045950501196,0.0
0.0594783997161359,0.0
0.0595227534817706,0.0
0.059567107247405306,0.0
0.05961146101304001,0.0
0.05965581477867471,0.0
0.059700168544309415,0.0
0.05974452230994411,0.0
0.05978887607557882,0.0
0.05983322984121352,0.0
0.05987758360684822,0.0
0.05992193737248293,0.0
0.059966291138117626,0.0
0.06001064490375233,0.0
0.06005499866938703,0.0
0.060099352435021736,0.0
0.060143706200656434,0.0
0.06018805996629114,0.0
0.060232413731925845,0.0
0.06027676749756054,0.0
0.06032112126319525,0.0
0.06036547502882995,0.0
0.06040982879446465,0.0
0.06045418256009935,0.0
0.060498536325734056,0.0
0.060542890091368755,0.0
0.06058724385700346,0.0
0.060631597622638166,0.0
0.060675951388272864,0.0
0.06072030515390757,0.0
0.06076465891954227,0.0
0.06080901268517697,0.0
0.06085336645081167,0.0
0.06089772021644638,0.0
0.06094207398208108,0.0
0.06098642774771578,0.0
0.061030781513350486,0.0
0.061075135278985185,0.0
0.06111948904461989,0.0
0.06116384281025459,0.0
0.061208196575889294,0.0
0.061252550341524,0.0
0.0612969041071587,0.0
0.0613412578727934,0.0
0.0613856116384281,0.0
0.06142996540406281,0.0
0.061474319169697506,0.0
0.06151867293533221,0.0
0.061563026700966916,0.0
0.061607380466601615,0.0
0.06165173423223632,0.0
0.06169608799787102,0.0
0.061740441763505724,0.0
0.06178479552914042,0.0
0.06182914929477513,0.0
0.061873503060409826,0.0
0.06191785682604453,0.0
0.06196221059167924,0.0
0.062006564357313936,0.0
0.06205091812294864,0.0
0.06209527188858334,0.0
0.062139625654218045,0.0
0.06218397941985274,0.0
0.06222833318548745,0.0
0.062272686951122154,0.0
0.06231704071675685,0.0
0.06236139448239156,0.0
0.062405748248026256,0.0
0.06245010201366096,0.0
0.06249445577929566,0.0
0.06253880954493037,0.0
0.06258316331056507,0.0
0.06262751707619978,0.0
0.06267187084183447,0.0
0.06271622460746917,0.0
0.06276057837310388,0.0
0.06280493213873858,0.0
0.06284928590437328,0.0
0.06289363967000798,0.0
0.06293799343564269,0.0
0.06298234720127739,0.0
0.0630267009669121,0.0
0.06307105473254679,0.0
0.0631154084981815,0.0
0.0631597622638162,0.0
0.0632041160294509,0.0
0.06324846979508561,0.0
0.0632928235607203,0.0
0.06333717732635501,0.0
0.06338153109198971,0.0
0.06342588485762442,0.0
0.06347023862325911,0.0
0.06351459238889381,0.0
0.06355894615452852,0.0
0.06360329992016323,0.0
0.06364765368579793,0.0
0.06369200745143262,0.0
0.06373636121706733,0.0
0.06378071498270203,0.0
0.06382506874833674,0.0
0.06386942251397144,0.0
0.06391377627960614,0.0
0.06395813004524084,0.0
0.06400248381087555,0.0
0.06404683757651025,0.0
0.06409119134214494,0.0
0.06413554510777965,0.0
0.06417989887341435,0.0
0.06422425263904906,0.0
0.06426860640468376,0.0
0.06431296017031846,0.0
0.06435731393595316,0.0
0.06440166770158787,0.0
0.06444602146722257,0.0
0.06449037523285726,0.0
0.06453472899849197,0.0
0.06457908276412667,0.0
0.06462343652976138,0.0
0.06466779029539609,0.0
0.06471214406103078,0.0
0.06475649782666548,0.0
0.06480085159230019,0.0
0.06484520535793489,0.0
0.0648895591235696,0.0
0.06493391288920429,0.0
0.064978266654839,0.0
0.0650226204204737,0.0
0.0650669741861084,0.0
0.0651113279517431,0.0
0.0651556817173778,0.0
0.06520003548301251,0.0
0.06524438924864721,0.0
0.06528874301428192,0.0
0.06533309677991661,0.0
0.06537745054555132,0.0
0.06542180431118602,0.0
0.06546615807682073,0.0
0.06551051184245543,0.0
0.06555486560809012,0.0
0.06559921937372483,0.0
0.06564357313935953,0.0
0.06568792690499424,0.0
0.06573228067062893,0.0
0.06577663443626364,0.0
0.06582098820189834,0.0
0.06586534196753305,0.0
0.06590969573316775,0.0
0.06595404949880244,0.0
0.06599840326443715,0.0
0.06604275703007186,0.0
0.06608711079570656,0.0
0.06613146456134125,0.0
0.06617581832697596,0.0
0.06622017209261066,0.0
0.06626452585824537,0.0
0.06630887962388007,0.0
0.06635323338951477,0.0
0.06639758715514947,0.0
0.06644194092078418,0.0
0.06648629468641888,0.0
0.06653064845205359,0.0
0.06657500221768828,0.0
0.06661935598332298,0.0
0.06666370974895769,0.0
0.0667080635145924,0.0
0.06675241728022709,0.0
0.06679677104586179,0.0
0.0668411248114965,0.0
0.0668854785771312,0.0
0.06692983234276591,0.0
0.0669741861084006,0.0
0.0670185398740353,0.0
0.06706289363967001,0.0
0.06710724740530472,0.0
0.06715160117093942,0.0
0.06719595493657411,0.0
0.06724030870220882,0.0
0.06728466246784352,0.0
0.06732901623347823,0.0
0.06737336999911292,0.0
0.06741772376474763,0.0
0.06746207753038233,0.0
0.06750643129601704,0.0
0.06755078506165174,0.0
0.06759513882728643,0.0
0.06763949259292114,0.0
0.06768384635855584,0.0
0.06772820012419055,0.0
0.06777255388982524,0.0
0.06781690765545995,0.0
0.06786126142109465,0.0
0.06790561518672936,0.0
0.06794996895236406,0.0
0.06799432271799875,0.0
0.06803867648363346,0.0
0.06808303024926816,0.0
0.06812738401490287,0.0
0.06817173778053758,0.0
0.06821609154617227,0.0
0.06826044531180697,0.0
0.06830479907744168,0.0
0.06834915284307638,0.0
0.06839350660871107,0.0
0.06843786037434578,0.0
0.06848221413998049,0.0
0.06852656790561519,0.0
0.0685709216712499,0.0
0.06861527543688459,0.0
0.06865962920251929,0.0
0.068703982968154,0.0
0.0687483367337887,0.0
0.06879269049942341,0.0
0.0688370442650581,0.0
0.0688813980306928,0.0
0.06892575179632751,0.0
0.06897010556196222,0.0
0.06901445932759691,0.0
0.06905881309323161,0.0
0.06910316685886632,0.0
0.06914752062450102,0.0
0.06919187439013573,0.0
0.06923622815577042,0.0
0.06928058192140513,0.0
0.06932493568703983,0.0
0.06936928945267454,0.0
0.06941364321830923,0.0
0.06945799698394393,0.0
0.06950235074957864,0.0
0.06954670451521335,0.0
0.06959105828084805,0.0
0.06963541204648274,0.0
0.06967976581211745,0.0
0.06972411957775215,0.0
0.06976847334338686,0.0
0.06981282710902156,0.0
0.06985718087465626,0.0
0.06990153464029096,0.0
0.06994588840592567,0.0
0.06999024217156037,0.0
0.07003459593719506,0.0
0.07007894970282977,0.0
0.07012330346846447,0.0
0.07016765723409918,0.0
0.07021201099973388,0.0
0.07025636476536858,0.0
0.07030071853100328,0.0
0.07034507229663799,0.0
0.07038942606227269,0.0
0.0704337798279074,0.0
0.07047813359354209,0.0
0.0705224873591768,0.0
0.0705668411248115,0.0
0.0706111948904462,0.0
0.0706555486560809,0.0
0.0706999024217156,0.0
0.07074425618735031,0.0
0.07078860995298501,0.0
0.07083296371861972,0.0
0.07087731748425441,0.0
0.07092167124988911,0.0
0.07096602501552382,0.0
0.07101037878115853,0.0
0.07105473254679322,0.0
0.07109908631242792,0.0
0.07114344007806263,0.0
0.07118779384369733,0.0
0.07123214760933204,0.0
0.07127650137496673,0.0
0.07132085514060144,0.0
0.07136520890623614,0.0
0.07140956267187085,0.0
0.07145391643750555,0.0
0.07149827020314024,0.0
0.07154262396877495,0.0
0.07158697773440965,0.0
0.07163133150004436,0.0
0.07167568526567905,0.0
0.07172003903131376,0.0
0.07176439279694846,0.0
0.07180874656258317,0.0
0.07185310032821787,0.0
0.07189745409385256,0.0
0.07194180785948727,0.0
0.07198616162512197,0.0
0.07203051539075668,0.0
0.07207486915639137,0.0
0.07211922292202608,0.0
0.07216357668766078,0.0
0.07220793045329549,0.0
0.0722522842189302,0.0
0.07229663798456488,0.0
0.07234099175019959,0.0
0.0723853455158343,0.0
0.072429699281469,0.0
0.0724740530471037,0.0
0.0725184068127384,0.0
0.0725627605783731,0.0
0.07260711434400781,0.0
0.07265146810964251,0.0
0.0726958218752772,0.0
0.07274017564091191,0.0
0.07278452940654662,0.0
0.07282888317218132,0.0
0.07287323693781603,0.0
0.07291759070345072,0.0
0.07296194446908542,0.0
0.07300629823472013,0.0
0.07305065200035483,0.0
0.07309500576598954,0.0
0.07313935953162423,0.0
0.07318371329725894,0.0
0.07322806706289364,0.0
0.07327242082852835,0.0
0.07331677459416304,0.0
0.07336112835979774,0.0
0.07340548212543245,0.0
0.07344983589106716,0.0
0.07349418965670186,0.0
0.07353854342233655,0.0
0.07358289718797126,0.0
0.07362725095360596,0.0
0.07367160471924067,0.0
0.07371595848487536,0.0
0.07376031225051007,0.0
0.07380466601614477,0.0
0.07384901978177948,0.0
0.07389337354741418,0.0
0.07393772731304887,0.0
0.07398208107868358,0.0
0.07402643484431828,0.0
0.07407078860995299,0.0
0.0741151423755877,0.0
0.07415949614122239,0.0
0.07420384990685709,0.0
0.0742482036724918,0.0
0.0742925574381265,0.0
0.0743369112037612,0.0
0.0743812649693959,0.0
0.0744256187350306,0.0
0.07446997250066531,0.0
0.07451432626630002,0.0
0.07455868003193471,0.0
0.07460303379756941,0.0
0.07464738756320412,0.0
0.07469174132883882,0.0
0.07473609509447353,0.0
0.07478044886010822,0.0
0.07482480262574293,0.0
0.07486915639137763,0.0
0.07491351015701234,0.0
0.07495786392264703,0.0
0.07500221768828173,0.0
0.07504657145391644,0.0
0.07509092521955114,0.0
0.07513527898518585,0.0
0.07517963275082054,0.0
0.07522398651645525,0.0
0.07526834028208995,0.0
0.07531269404772466,0.0
0.07535704781335935,0.0
0.07540140157899405,0.0
0.07544575534462876,0.0
0.07549010911026346,0.0
0.07553446287589817,0.0
0.07557881664153286,0.0
0.07562317040716757,0.0
0.07566752417280227,0.0
0.07571187793843698,0.0
0.07575623170407168,0.0
0.07580058546970637,0.0
0.07584493923534108,0.0
0.07588929300097579,0.0
0.07593364676661049,0.0
0.07597800053224518,0.0
0.07602235429787989,0.0
0.0760667080635146,0.0
0.0761110618291493,0.0
0.076155415594784,0.0
0.0761997693604187,0.0
0.0762441231260534,0.0
0.0762884768916881,0.0
0.07633283065732281,0.0
0.07637718442295752,0.0
0.07642153818859221,0.0
0.07646589195422691,0.0
0.07651024571986162,0.0
0.07655459948549632,0.0
0.07659895325113102,0.0
0.07664330701676572,0.0
0.07668766078240043,0.0
0.07673201454803513,0.0
0.07677636831366984,0.0
0.07682072207930453,0.0
0.07686507584493923,0.0
0.07690942961057394,0.0
0.07695378337620865,0.0
0.07699813714184334,0.0
0.07704249090747804,0.0
0.07708684467311275,0.0
0.07713119843874745,0.0
0.07717555220438216,0.0
0.07721990597001685,0.0
0.07726425973565156,0.0
0.07730861350128626,0.0
0.07735296726692097,0.0
0.07739732103255567,0.0
0.07744167479819036,0.0
0.07748602856382507,0.0
0.07753038232945977,0.0
0.07757473609509448,0.0
0.07761908986072917,0.0
0.07766344362636388,0.0
0.07770779739199858,0.0
0.07775215115763329,0.0
0.07779650492326799,0.0
0.07784085868890268,0.0
0.07788521245453739,0.0
0.0779295662201721,0.0
0.0779739199858068,0.0
0.0780182737514415,0.0
0.0780626275170762,0.0
0.0781069812827109,0.0
0.07815133504834561,0.0
0.07819568881398031,0.0
0.078240042579615,0.0
0.07828439634524971,0.0
0.07832875011088442,0.0
0.07837310387651912,0.0
0.07841745764215383,0.0
0.07846181140778852,0.0
0.07850616517342322,0.0
0.07855051893905793,0.0
0.07859487270469263,0.0
0.07863922647032733,0.0
0.07868358023596203,0.0
0.07872793400159674,0.0
0.07877228776723144,0.0
0.07881664153286615,0.0
0.07886099529850084,0.0
0.07890534906413554,0.0
0.07894970282977025,0.0
0.07899405659540495,0.0
0.07903841036103966,0.0
0.07908276412667435,0.0
0.07912711789230906,0.0
0.07917147165794376,0.0
0.07921582542357847,0.0
0.07926017918921316,0.0
0.07930453295484786,0.0
0.07934888672048257,0.0
0.07939324048611728,0.0
0.07943759425175198,0.0
0.07948194801738667,0.0
0.07952630178302138,0.0
0.07957065554865608,0.0
0.07961500931429079,0.0
0.0796593630799255,0.0
0.07970371684556019,0.0
0.07974807061119489,0.0
0.0797924243768296,0.0
0.0798367781424643,0.0
0.07988113190809899,0.0
0.0799254856737337,0.0
0.0799698394393684,0.0
0.08001419320500311,0.0
0.08005854697063781,0.0
0.0801029007362725,0.0
0.08014725450190721,0.0
0.08019160826754192,0.0
0.08023596203317662,0.0
0.08028031579881131,0.0
0.08032466956444602,0.0
0.08036902333008072,0.0
0.08041337709571543,0.0
0.08045773086135014,0.0
0.08050208462698483,0.0
0.08054643839261953,0.0
0.08059079215825424,0.0
0.08063514592388894,0.0
0.08067949968952365,0.0
0.08072385345515834,0.0
0.08076820722079305,0.0
0.08081256098642775,0.0
0.08085691475206246,0.0
0.08090126851769715,0.0
0.08094562228333185,0.0
0.08098997604896656,0.0
0.08103432981460126,0.0
0.08107868358023597,0.0
0.08112303734587066,0.0
0.08116739111150537,0.0
0.08121174487714007,0.0
0.08125609864277478,0.0
0.08130045240840948,0.0
0.08134480617404417,0.0
0.08138915993967888,0.0
0.08143351370531358,0.0
0.08147786747094829,0.0
0.08152222123658298,0.0
0.08156657500221769,0.0
0.08161092876785239,0.0
0.0816552825334871,0.0
0.0816996362991218,0.0
0.0817439900647565,0.0
0.0817883438303912,0.0
0.0818326975960259,0.0
0.08187705136166061,0.0
0.0819214051272953,0.0
0.08196575889293001,0.0
0.08201011265856471,0.0
0.08205446642419942,0.0
0.08209882018983412,0.0
0.08214317395546882,0.0
0.08218752772110352,0.0
0.08223188148673823,0.0
0.08227623525237293,0.0
0.08232058901800764,0.0
0.08236494278364233,0.0
0.08240929654927703,0.0
0.08245365031491174,0.0
0.08249800408054644,0.0
0.08254235784618114,0.0
0.08258671161181584,0.0
0.08263106537745055,0.0
0.08267541914308525,0.0
0.08271977290871996,0.0
0.08276412667435465,0.0
0.08280848043998935,0.0
0.08285283420562406,0.0
0.08289718797125877,0.0
0.08294154173689347,0.0
0.08298589550252816,0.0
0.08303024926816287,0.0
0.08307460303379757,0.0
0.08311895679943228,0.0
0.08316331056506697,0.0
0.08320766433070168,0.0
0.08325201809633638,0.0
0.08329637186197109,0.0
0.08334072562760579,0.0
0.08338507939324048,0.0
0.08342943315887519,0.0
0.0834737869245099,0.0
0.0835181406901446,0.0
0.08356249445577929,0.0
0.083606848221414,0.0
0.0836512019870487,0.0
0.0836955557526834,0.0
0.08373990951831811,0.0
0.0837842632839528,0.0
0.08382861704958751,0.0
0.08387297081522221,0.0
0.08391732458085692,0.0
0.08396167834649162,0.0
0.08400603211212632,0.0
0.08405038587776102,0.0
0.08409473964339573,0.0
0.08413909340903043,0.0
0.08418344717466512,0.0
0.08422780094029983,0.0
0.08427215470593453,0.0
0.08431650847156924,0.0
0.08436086223720395,0.0
0.08440521600283864,0.0
0.08444956976847334,0.0
0.08449392353410805,0.0
0.08453827729974275,0.0
0.08458263106537744,0.0
0.08462698483101215,0.0
0.08467133859664686,0.0
0.08471569236228156,0.0
0.08476004612791627,0.0
0.08480439989355096,0.0
0.08484875365918566,0.0
0.08489310742482037,0.0
0.08493746119045507,0.0
0.08498181495608978,0.0
0.08502616872172447,0.0
0.08507052248735918,0.0
0.08511487625299388,0.0
0.08515923001862859,0.0
0.08520358378426328,0.0
0.08524793754989798,0.0
0.08529229131553269,0.0
0.0853366450811674,0.0
0.0853809988468021,0.0
0.08542535261243679,0.0
0.0854697063780715,0.0
0.0855140601437062,0.0
0.08555841390934091,0.0
0.08560276767497561,0.0
0.0856471214406103,0.0
0.08569147520624501,0.0
0.08573582897187972,0.0
0.08578018273751442,0.0
0.08582453650314911,0.0
0.08586889026878382,0.0
0.08591324403441852,0.0
0.08595759780005323,0.0
0.08600195156568793,0.0
0.08604630533132263,0.0
0.08609065909695733,0.0
0.08613501286259204,0.0
0.08617936662822674,0.0
0.08622372039386143,0.0
0.08626807415949614,0.0
0.08631242792513084,0.0
0.08635678169076555,0.0
0.08640113545640025,0.0
0.08644548922203495,0.0
0.08648984298766965,0.0
0.08653419675330436,0.0
0.08657855051893906,0.0
0.08662290428457377,0.0
0.08666725805020846,0.0
0.08671161181584316,0.0
0.08675596558147787,0.0
0.08680031934711258,0.0
0.08684467311274727,0.0
0.08688902687838197,0.0
0.08693338064401668,0.0
0.08697773440965138,0.0
0.08702208817528609,0.0
0.08706644194092078,0.0
0.08711079570655549,0.0
0.08715514947219019,0.0
0.0871995032378249,0.0
0.0872438570034596,0.0
0.0872882107690943,0.0
0.087332564534729,0.0
0.0873769183003637,0.0
0.08742127206599841,0.0
0.0874656258316331,0.0
0.0875099795972678,0.0
0.08755433336290251,0.0
0.08759868712853722,0.0
0.08764304089417192,0.0
0.08768739465980661,0.0
0.08773174842544132,0.0
0.08777610219107602,0.0
0.08782045595671073,0.0
0.08786480972234542,0.0
0.08790916348798013,0.0
0.08795351725361483,0.0
0.08799787101924954,0.0
0.08804222478488424,0.0
0.08808657855051893,0.0
0.08813093231615364,0.0
0.08817528608178835,0.0
0.08821963984742305,0.0
0.08826399361305776,0.0
0.08830834737869245,0.0
0.08835270114432715,0.0
0.08839705490996186,0.0
0.08844140867559656,0.0
0.08848576244123126,0.0
0.08853011620686596,0.0
0.08857446997250067,0.0
0.08861882373813537,0.0
0.08866317750377008,0.0
0.08870753126940477,0.0
0.08875188503503947,0.0
0.08879623880067418,0.0
0.08884059256630888,0.0
0.08888494633194359,0.0
0.08892930009757828,0.0
0.08897365386321299,0.0
0.08901800762884769,0.0
0.0890623613944824,0.0
0.08910671516011709,0.0
0.0891510689257518,0.0
0.0891954226913865,0.0
0.0892397764570212,0.0
0.08928413022265591,0.0
0.0893284839882906,0.0
0.08937283775392531,0.0
0.08941719151956001,0.0
0.08946154528519472,0.0
0.08950589905082941,0.0
0.08955025281646412,0.0
0.08959460658209882,0.0
0.08963896034773353,0.0
0.08968331411336823,0.0
0.08972766787900292,0.0
0.08977202164463763,0.0
0.08981637541027233,0.0
0.08986072917590704,0.0
0.08990508294154174,0.0
0.08994943670717644,0.0
0.08999379047281114,0.0
0.09003814423844585,0.0
0.09008249800408055,0.0
0.09012685176971524,0.0
0.09017120553534995,0.0
0.09021555930098465,0.0
0.09025991306661936,0.0
0.09030426683225407,0.0
0.09034862059788876,0.0
0.09039297436352346,0.0
0.09043732812915817,0.0
0.09048168189479287,0.0
0.09052603566042758,0.0
0.09057038942606227,0.0
0.09061474319169698,0.0
0.09065909695733168,0.0
0.09070345072296639,0.0
0.09074780448860108,0.0
0.09079215825423578,0.0
0.09083651201987049,0.0
0.0908808657855052,0.0
0.0909252195511399,0.0
0.09096957331677459,0.0
0.0910139270824093,0.0
0.091058280848044,0.0
0.0911026346136787,0.0
0.0911469883793134,0.0
0.0911913421449481,0.0
0.09123569591058281,0.0
0.09128004967621751,0.0
0.09132440344185222,0.0
0.09136875720748691,0.0
0.09141311097312162,0.0
0.09145746473875632,0.0
0.09150181850439103,0.0
0.09154617227002573,0.0
0.09159052603566042,0.0
0.09163487980129513,0.0
0.09167923356692984,0.0
0.09172358733256454,0.0
0.09176794109819923,0.0
0.09181229486383394,0.0
0.09185664862946864,0.0
0.09190100239510335,0.0
0.09194535616073805,0.0
0.09198970992637275,0.0
0.09203406369200745,0.0
0.09207841745764216,0.0
0.09212277122327686,0.0
0.09216712498891157,0.0
0.09221147875454626,0.0
0.09225583252018096,0.0
0.09230018628581567,0.0
0.09234454005145037,0.0
0.09238889381708507,0.0
0.09243324758271977,0.0
0.09247760134835448,0.0
0.09252195511398918,0.0
0.09256630887962389,0.0
0.09261066264525858,0.0
0.09265501641089328,0.0
0.09269937017652799,0.0
0.0927437239421627,0.0
0.09278807770779739,0.0
0.09283243147343209,0.0
0.0928767852390668,0.0
0.0929211390047015,0.0
0.09296549277033621,0.0
0.0930098465359709,0.0
0.0930542003016056,0.0
0.09309855406724031,0.0
0.09314290783287502,0.0
0.09318726159850972,0.0
0.09323161536414441,0.0
0.09327596912977912,0.0
0.09332032289541382,0.0
0.09336467666104853,0.0
0.09340903042668322,0.0
0.09345338419231793,0.0
0.09349773795795263,0.0
0.09354209172358734,0.0
0.09358644548922204,0.0
0.09363079925485673,0.0
0.09367515302049144,0.0
0.09371950678612614,0.0
0.09376386055176085,0.0
0.09380821431739556,0.0
0.09385256808303025,0.0
0.09389692184866495,0.0
0.09394127561429966,0.0
0.09398562937993436,0.0
0.09402998314556905,0.0
0.09407433691120376,0.0
0.09411869067683847,0.0
0.09416304444247317,0.0
0.09420739820810788,0.0
0.09425175197374257,0.0
0.09429610573937727,0.0
0.09434045950501198,0.0
0.09438481327064668,0.0
0.09442916703628138,0.0
0.09447352080191608,0.0
0.09451787456755079,0.0
0.09456222833318549,0.0
0.0946065820988202,0.0
0.09465093586445489,0.0
0.0946952896300896,0.0
0.0947396433957243,0.0
0.094783997161359,0.0
0.09482835092699371,0.0
0.0948727046926284,0.0
0.0949170584582631,0.0
0.09496141222389781,0.0
0.09500576598953252,0.0
0.09505011975516721,0.0
0.09509447352080191,0.0
0.09513882728643662,0.0
0.09518318105207133,0.0
0.09522753481770603,0.0
0.09527188858334072,0.0
0.09531624234897543,0.0
0.09536059611461013,0.0
0.09540494988024484,0.0
0.09544930364587954,0.0
0.09549365741151424,0.0
0.09553801117714894,0.0
0.09558236494278365,0.0
0.09562671870841835,0.0
0.09567107247405304,0.0
0.09571542623968775,0.0
0.09575978000532245,0.0
0.09580413377095716,0.0
0.09584848753659186,0.0
0.09589284130222656,0.0
0.09593719506786126,0.0
0.09598154883349597,0.0
0.09602590259913067,0.0
0.09607025636476536,0.0
0.09611461013040007,0.0
0.09615896389603477,0.0
0.09620331766166948,0.0
0.09624767142730419,0.0
0.09629202519293888,0.0
0.09633637895857358,0.0
0.09638073272420829,0.0
0.09642508648984299,0.0
0.0964694402554777,0.0
0.09651379402111239,0.0
0.0965581477867471,0.0
0.0966025015523818,0.0
0.0966468553180165,0.0
0.0966912090836512,0.0
0.0967355628492859,0.0
0.09677991661492061,0.0
0.09682427038055531,0.0
0.09686862414619002,0.0
0.09691297791182471,0.0
0.09695733167745942,0.0
0.09700168544309412,0.0
0.09704603920872883,0.0
0.09709039297436353,0.0
0.09713474673999822,0.0
0.09717910050563293,0.0
0.09722345427126763,0.0
0.09726780803690234,0.0
0.09731216180253703,0.0
0.09735651556817174,0.0
0.09740086933380644,0.0
0.09744522309944115,0.0
0.09748957686507585,0.0
0.09753393063071054,0.0
0.09757828439634525,0.0
0.09762263816197995,0.0
0.09766699192761466,0.0
0.09771134569324935,0.0
0.09775569945888406,0.0
0.09780005322451876,0.0
0.09784440699015347,0.0
0.09788876075578817,0.0
0.09793311452142286,0.0
0.09797746828705757,0.0
0.09802182205269228,0.0
0.09806617581832698,0.0
0.09811052958396169,0.0
0.09815488334959638,0.0
0.09819923711523108,0.0
0.09824359088086579,0.0
0.0982879446465005,0.0
0.09833229841213519,0.0
0.09837665217776989,0.0
0.0984210059434046,0.0
0.0984653597090393,0.0
0.09850971347467401,0.0
0.0985540672403087,0.0
0.0985984210059434,0.0
0.09864277477157811,0.0
0.09868712853721281,0.0
0.0987314823028475,0.0
0.09877583606848221,0.0
0.09882018983411692,0.0
0.09886454359975162,0.0
0.09890889736538633,0.0
0.09895325113102102,0.0
0.09899760489665572,0.0
0.09904195866229043,0.0
0.09908631242792514,0.0
0.09913066619355984,0.0
0.09917501995919453,0.0
0.09921937372482924,0.0
0.09926372749046394,0.0
0.09930808125609865,0.0
0.09935243502173334,0.0
0.09939678878736805,0.0
0.09944114255300275,0.0
0.09948549631863746,0.0
0.09952985008427216,0.0
0.09957420384990685,0.0
0.09961855761554156,0.0
0.09966291138117626,0.0
0.09970726514681097,0.0
0.09975161891244567,0.0
0.09979597267808037,0.0
0.09984032644371507,0.0
0.09988468020934978,0.0
0.09992903397498448,0.0
0.09997338774061917,0.0
0.10001774150625388,0.0
0.10006209527188858,0.0
0.10010644903752329,0.0
0.100150802803158,0.0
0.10019515656879269,0.0
0.10023951033442739,0.0
0.1002838641000621,0.0
0.1003282178656968,0.0
0.1003725716313315,0.0
0.1004169253969662,0.0
0.1004612791626009,0.0
0.10050563292823561,0.0
0.10054998669387032,0.0
0.10059434045950501,0.0
0.10063869422513971,0.0
0.10068304799077442,0.0
0.10072740175640912,0.0
0.10077175552204383,0.0
0.10081610928767852,0.0
0.10086046305331323,0.0
0.10090481681894793,0.0
0.10094917058458264,0.0
0.10099352435021733,0.0
0.10103787811585203,0.0
0.10108223188148674,0.0
0.10112658564712144,0.0
0.10117093941275615,0.0
0.10121529317839084,0.0
0.10125964694402555,0.0
0.10130400070966025,0.0
0.10134835447529496,0.0
0.10139270824092966,0.0
0.10143706200656435,0.0
0.10148141577219906,0.0
0.10152576953783377,0.0
0.10157012330346847,0.0
0.10161447706910316,0.0
0.10165883083473787,0.0
0.10170318460037257,0.0
0.10174753836600728,0.0
0.10179189213164198,0.0
0.10183624589727668,0.0
0.10188059966291138,0.0
0.10192495342854609,0.0
0.10196930719418079,0.0
0.10201366095981548,0.0
0.10205801472545019,0.0
0.1021023684910849,0.0
0.1021467222567196,0.0
0.1021910760223543,0.0
0.102235429787989,0.0
0.1022797835536237,0.0
0.10232413731925841,0.0
0.10236849108489311,0.0
0.10241284485052782,0.0
0.10245719861616251,0.0
0.10250155238179721,0.0
0.10254590614743192,0.0
0.10259025991306663,0.0
0.10263461367870132,0.0
0.10267896744433602,0.0
0.10272332120997073,0.0
0.10276767497560543,0.0
0.10281202874124014,0.0
0.10285638250687483,0.0
0.10290073627250954,0.0
0.10294509003814424,0.0
0.10298944380377895,0.0
0.10303379756941365,0.0
0.10307815133504834,0.0
0.10312250510068305,0.0
0.10316685886631775,0.0
0.10321121263195246,0.0
0.10325556639758715,0.0
0.10329992016322186,0.0
0.10334427392885656,0.0
0.10338862769449127,0.0
0.10343298146012597,0.0
0.10347733522576066,0.0
0.10352168899139537,0.0
0.10356604275703007,0.0
0.10361039652266478,0.0
0.10365475028829947,0.0
0.10369910405393418,0.0
0.10374345781956888,0.0
0.10378781158520359,0.0
0.10383216535083829,0.0
0.10387651911647298,0.0
0.10392087288210769,0.0
0.1039652266477424,0.0
0.1040095804133771,0.0
0.1040539341790118,0.0
0.1040982879446465,0.0
0.1041426417102812,0.0
0.10418699547591591,0.0
0.10423134924155061,0.0
0.1042757030071853,0.0
0.10432005677282001,0.0
0.10436441053845472,0.0
0.10440876430408942,0.0
0.10445311806972413,0.0
0.10449747183535882,0.0
0.10454182560099352,0.0
0.10458617936662823,0.0
0.10463053313226293,0.0
0.10467488689789764,0.0
0.10471924066353233,0.0
0.10476359442916704,0.0
0.10480794819480174,0.0
0.10485230196043645,0.0
0.10489665572607114,0.0
0.10494100949170584,0.0
0.10498536325734055,0.0
0.10502971702297526,0.0
0.10507407078860996,0.0
0.10511842455424465,0.0
0.10516277831987936,0.0
0.10520713208551406,0.0
0.10525148585114877,0.0
0.10529583961678346,0.0
0.10534019338241817,0.0
0.10538454714805287,0.0
0.10542890091368758,0.0
0.10547325467932228,0.0
0.10551760844495697,0.0
0.10556196221059168,0.0
0.10560631597622638,0.0
0.10565066974186109,0.0
0.1056950235074958,0.0
0.10573937727313049,0.0
0.10578373103876519,0.0
0.1058280848043999,0.0
0.1058724385700346,0.0
0.1059167923356693,0.0
0.105961146101304,0.0
0.1060054998669387,0.0
0.10604985363257341,0.0
0.10609420739820812,0.0
0.1061385611638428,0.0
0.10618291492947751,0.0
0.10622726869511222,0.0
0.10627162246074692,0.0
0.10631597622638163,0.0
0.10636032999201632,0.0
0.10640468375765103,0.0
0.10644903752328573,0.0
0.10649339128892044,0.0
0.10653774505455513,0.0
0.10658209882018983,0.0
0.10662645258582454,0.0
0.10667080635145924,0.0
0.10671516011709395,0.0
0.10675951388272864,0.0
0.10680386764836335,0.0
0.10684822141399805,0.0
0.10689257517963276,0.0
0.10693692894526745,0.0
0.10698128271090215,0.0
0.10702563647653686,0.0
0.10706999024217156,0.0
0.10711434400780627,0.0
0.10715869777344096,0.0
0.10720305153907567,0.0
0.10724740530471037,0.0
0.10729175907034508,0.0
0.10733611283597978,0.0
0.10738046660161447,0.0
0.10742482036724918,0.0
0.10746917413288389,0.0
0.10751352789851859,0.0
0.10755788166415328,0.0
0.10760223542978799,0.0
0.10764658919542269,0.0
0.1076909429610574,0.0
0.1077352967266921,0.0
0.1077796504923268,0.0
0.1078240042579615,0.0
0.1078683580235962,0.0
0.10791271178923091,0.0
0.10795706555486562,0.0
0.10800141932050031,0.0
0.10804577308613501,0.0
0.10809012685176972,0.0
0.10813448061740442,0.0
0.10817883438303912,0.0
0.10822318814867382,0.0
0.10826754191430853,0.0
0.10831189567994323,0.0
0.10835624944557794,0.0
0.10840060321121263,0.0
0.10844495697684733,0.0
0.10848931074248204,0.0
0.10853366450811675,0.0
0.10857801827375144,0.0
0.10862237203938614,0.0
0.10866672580502085,0.0
0.10871107957065555,0.0
0.10875543333629026,0.0
0.10879978710192495,0.0
0.10884414086755966,0.0
0.10888849463319436,0.0
0.10893284839882907,0.0
0.10897720216446377,0.0
0.10902155593009846,0.0
0.10906590969573317,0.0
0.10911026346136787,0.0
0.10915461722700258,0.0
0.10919897099263727,0.0
0.10924332475827198,0.0
0.10928767852390668,0.0
0.10933203228954139,0.0
0.10937638605517609,0.0
0.10942073982081078,0.0
0.10946509358644549,0.0
0.1095094473520802,0.0
0.1095538011177149,0.0
0.1095981548833496,0.0
0.1096425086489843,0.0
0.109686862414619,0.0
0.10973121618025371,0.0
0.10977556994588841,0.0
0.1098199237115231,0.0
0.10986427747715781,0.0
0.10990863124279251,0.0
0.10995298500842722,0.0
0.10999733877406193,0.0
0.11004169253969662,0.0
0.11008604630533132,0.0
0.11013040007096603,0.0
0.11017475383660073,0.0
0.11021910760223542,0.0
0.11026346136787013,0.0
0.11030781513350484,0.0
0.11035216889913954,0.0
0.11039652266477425,0.0
0.11044087643040894,0.0
0.11048523019604364,0.0
0.11052958396167835,0.0
0.11057393772731305,0.0
0.11061829149294776,0.0
0.11066264525858245,0.0
0.11070699902421716,0.0
0.11075135278985186,0.0
0.11079570655548657,0.0
0.11084006032112126,0.0
0.11088441408675596,0.0
0.11092876785239067,0.0
0.11097312161802537,0.0
0.11101747538366008,0.0
0.11106182914929477,0.0
0.11110618291492948,0.0
0.11115053668056418,0.0
0.11119489044619889,0.0
0.11123924421183358,0.0
0.11128359797746828,0.0
0.11132795174310299,0.0
0.1113723055087377,0.0
0.1114166592743724,0.0
0.11146101304000709,0.0
0.1115053668056418,0.0
0.1115497205712765,0.0
0.11159407433691121,0.0
0.11163842810254591,0.0
0.1116827818681806,0.0
0.11172713563381531,0.0
0.11177148939945002,0.0
0.11181584316508472,0.0
0.11186019693071941,0.0
0.11190455069635412,0.0
0.11194890446198882,0.0
0.11199325822762353,0.0
0.11203761199325823,0.0
0.11208196575889293,0.0
0.11212631952452763,0.0
0.11217067329016234,0.0
0.11221502705579704,0.0
0.11225938082143175,0.0
0.11230373458706644,0.0
0.11234808835270114,0.0
0.11239244211833585,0.0
0.11243679588397056,0.0
0.11248114964960525,0.0
0.11252550341523995,0.0
0.11256985718087466,0.0
0.11261421094650936,0.0
0.11265856471214407,0.0
0.11270291847777876,0.0
0.11274727224341347,0.0
0.11279162600904817,0.0
0.11283597977468288,0.0
0.11288033354031757,0.0
0.11292468730595227,0.0
0.11296904107158698,0.0
0.11301339483722168,0.0
0.11305774860285639,0.0
0.11310210236849108,0.0
0.11314645613412579,0.0
0.11319080989976049,0.0
0.1132351636653952,0.0
0.1132795174310299,0.0
0.1133238711966646,0.0
0.1133682249622993,0.0
0.113412578727934,0.0
0.11345693249356871,0.0
0.1135012862592034,0.0
0.11354564002483811,0.0
0.11358999379047281,0.0
0.11363434755610752,0.0
0.11367870132174222,0.0
0.11372305508737691,0.0
0.11376740885301162,0.0
0.11381176261864633,0.0
0.11385611638428103,0.0
0.11390047014991574,0.0
0.11394482391555043,0.0
0.11398917768118513,0.0
0.11403353144681984,0.0
0.11407788521245454,0.0
0.11412223897808924,0.0
0.11416659274372394,0.0
0.11421094650935865,0.0
0.11425530027499335,0.0
0.11429965404062806,0.0
0.11434400780626275,0.0
0.11438836157189745,0.0
0.11443271533753216,0.0
0.11447706910316686,0.0
0.11452142286880156,0.0
0.11456577663443626,0.0
0.11461013040007097,0.0
0.11465448416570567,0.0
0.11469883793134038,0.0
0.11474319169697507,0.0
0.11478754546260977,0.0
0.11483189922824448,0.0
0.11487625299387919,0.0
0.11492060675951389,0.0
0.11496496052514858,0.0
0.11500931429078329,0.0
0.115053668056418,0.0
0.1150980218220527,0.0
0.11514237558768739,0.0
0.1151867293533221,0.0
0.1152310831189568,0.0
0.1152754368845915,0.0
0.11531979065022621,0.0
0.1153641444158609,0.0
0.11540849818149561,0.0
0.11545285194713031,0.0
0.11549720571276502,0.0
0.11554155947839972,0.0
0.11558591324403442,0.0
0.11563026700966912,0.0
0.11567462077530383,0.0
0.11571897454093853,0.0
0.11576332830657322,0.0
0.11580768207220793,0.0
0.11585203583784263,0.0
0.11589638960347734,0.0
0.11594074336911205,0.0
0.11598509713474674,0.0
0.11602945090038144,0.0
0.11607380466601615,0.0
0.11611815843165085,0.0
0.11616251219728554,0.0
0.11620686596292025,0.0
0.11625121972855496,0.0
0.11629557349418966,0.0
0.11633992725982437,0.0
0.11638428102545906,0.0
0.11642863479109376,0.0
0.11647298855672847,0.0
0.11651734232236317,0.0
0.11656169608799788,0.0
0.11660604985363257,0.0
0.11665040361926728,0.0
0.11669475738490198,0.0
0.11673911115053669,0.0
0.11678346491617138,0.0
0.11682781868180608,0.0
0.11687217244744079,0.0
0.1169165262130755,0.0
0.1169608799787102,0.0
0.11700523374434489,0.0
0.1170495875099796,0.0
0.1170939412756143,0.0
0.11713829504124901,0.0
0.11718264880688371,0.0
0.1172270025725184,0.0
0.11727135633815311,0.0
0.11731571010378782,0.0
0.11736006386942252,0.0
0.11740441763505721,0.0
0.11744877140069192,0.0
0.11749312516632662,0.0
0.11753747893196133,0.0
0.11758183269759603,0.0
0.11762618646323073,0.0
0.11767054022886543,0.0
0.11771489399450014,0.0
0.11775924776013484,0.0
0.11780360152576953,0.0
0.11784795529140424,0.0
0.11789230905703894,0.0
0.11793666282267365,0.0
0.11798101658830835,0.0
0.11802537035394305,0.0
0.11806972411957775,0.0
0.11811407788521246,0.0
0.11815843165084716,0.0
0.11820278541648187,0.0
0.11824713918211656,0.0
0.11829149294775126,0.0
0.11833584671338597,0.0
0.11838020047902068,0.0
0.11842455424465537,0.0
0.11846890801029007,0.0
0.11851326177592478,0.0
0.11855761554155948,0.0
0.11860196930719419,0.0
0.11864632307282888,0.0
0.11869067683846359,0.0
0.11873503060409829,0.0
0.118779384369733,0.0
0.1188237381353677,0.0
0.11886809190100239,0.0
0.1189124456666371,0.0
0.1189567994322718,0.0
0.11900115319790651,0.0
0.1190455069635412,0.0
0.1190898607291759,0.0
0.11913421449481061,0.0
0.11917856826044532,0.0
0.11922292202608002,0.0
0.11926727579171471,0.0
0.11931162955734942,0.0
0.11935598332298412,0.0
0.11940033708861883,0.0
0.11944469085425352,0.0
0.11948904461988823,0.0
0.11953339838552293,0.0
0.11957775215115764,0.0
0.11962210591679234,0.0
0.11966645968242703,0.0
0.11971081344806174,0.0
0.11975516721369645,0.0
0.11979952097933115,0.0
0.11984387474496586,0.0
0.11988822851060055,0.0
0.11993258227623525,0.0
0.11997693604186996,0.0
0.12002128980750466,0.0
0.12006564357313936,0.0
0.12010999733877406,0.0
0.12015435110440877,0.0
0.12019870487004347,0.0
0.12024305863567818,0.0
0.12028741240131287,0.0
0.12033176616694757,0.0
0.12037611993258228,0.0
0.12042047369821698,0.0
0.12046482746385169,0.0
0.12050918122948638,0.0
0.12055353499512109,0.0
0.12059788876075579,0.0
0.1206422425263905,0.0
0.12068659629202519,0.0
0.1207309500576599,0.0
0.1207753038232946,0.0
0.1208196575889293,0.0
0.12086401135456401,0.0
0.1209083651201987,0.0
0.12095271888583341,0.0
0.12099707265146811,0.0
0.12104142641710282,0.0
0.12108578018273751,0.0
0.12113013394837222,0.0
0.12117448771400692,0.0
0.12121884147964163,0.0
0.12126319524527633,0.0
0.12130754901091102,0.0
0.12135190277654573,0.0
0.12139625654218043,0.0
0.12144061030781514,0.0
0.12148496407344984,0.0
0.12152931783908454,0.0
0.12157367160471924,0.0
0.12161802537035395,0.0
0.12166237913598865,0.0
0.12170673290162334,0.0
0.12175108666725805,0.0
0.12179544043289275,0.0
0.12183979419852746,0.0
0.12188414796416217,0.0
0.12192850172979686,0.0
0.12197285549543156,0.0
0.12201720926106627,0.0
0.12206156302670097,0.0
0.12210591679233568,0.0
0.12215027055797037,0.0
0.12219462432360507,0.0
0.12223897808923978,0.0
0.12228333185487449,0.0
0.12232768562050918,0.0
0.12237203938614388,0.0
0.12241639315177859,0.0
0.1224607469174133,0.0
0.122505100683048,0.0
0.12254945444868269,0.0
0.1225938082143174,0.0
0.1226381619799521,0.0
0.1226825157455868,0.0
0.1227268695112215,0.0
0.1227712232768562,0.0
0.12281557704249091,0.0
0.12285993080812561,0.0
0.12290428457376032,0.0
0.12294863833939501,0.0
0.12299299210502972,0.0
0.12303734587066442,0.0
0.12308169963629913,0.0
0.12312605340193383,0.0
0.12317040716756852,0.0
0.12321476093320323,0.0
0.12325911469883793,0.0
0.12330346846447264,0.0
0.12334782223010733,0.0
0.12339217599574204,0.0
0.12343652976137674,0.0
0.12348088352701145,0.0
0.12352523729264615,0.0
0.12356959105828084,0.0
0.12361394482391555,0.0
0.12365829858955026,0.0
0.12370265235518496,0.0
0.12374700612081965,0.0
0.12379135988645436,0.0
0.12383571365208906,0.0
0.12388006741772377,0.0
0.12392442118335847,0.0
0.12396877494899317,0.0
0.12401312871462787,0.0
0.12405748248026258,0.0
0.12410183624589728,0.0
0.12414619001153199,0.0
0.12419054377716668,0.0
0.12423489754280138,0.0
0.12427925130843609,0.0
0.1243236050740708,0.0
0.12436795883970549,0.0
0.12441231260534019,0.0
0.1244566663709749,0.0
0.1245010201366096,0.0
0.12454537390224431,0.0
0.124589727667879,0.0
0.1246340814335137,0.0
0.12467843519914841,0.0
0.12472278896478312,0.0
0.12476714273041782,0.0
0.12481149649605251,0.0
0.12485585026168722,0.0
0.12490020402732192,0.0
0.12494455779295663,0.0
0.12498891155859132,0.0
0.12503326532422604,0.0
0.12507761908986073,0.0
0.12512197285549542,0.0
0.12516632662113014,0.0
0.12521068038676483,0.0
0.12525503415239955,0.0
0.12529938791803424,0.0
0.12534374168366894,0.0
0.12538809544930365,0.0
0.12543244921493835,0.0
0.12547680298057307,0.0
0.12552115674620776,0.0
0.12556551051184245,0.0
0.12560986427747717,0.0
0.12565421804311186,0.0
0.12569857180874655,0.0
0.12574292557438127,0.0
0.12578727934001596,0.0
0.12583163310565068,0.0
0.12587598687128537,0.0
0.12592034063692006,0.0
0.12596469440255478,0.0
0.12600904816818947,0.0
0.1260534019338242,0.0
0.12609775569945889,0.0
0.12614210946509358,0.0
0.1261864632307283,0.0
0.126230816996363,0.0
0.1262751707619977,0.0
0.1263195245276324,0.0
0.1263638782932671,0.0
0.1264082320589018,0.0
0.1264525858245365,0.0
0.12649693959017122,0.0
0.1265412933558059,0.0
0.1265856471214406,0.0
0.12663000088707532,0.0
0.12667435465271001,0.0
0.12671870841834473,0.0
0.12676306218397942,0.0
0.12680741594961412,0.0
0.12685176971524884,0.0
0.12689612348088353,0.0
0.12694047724651822,0.0
0.12698483101215294,0.0
0.12702918477778763,0.0
0.12707353854342235,0.0
0.12711789230905704,0.0
0.12716224607469173,0.0
0.12720659984032645,0.0
0.12725095360596114,0.0
0.12729530737159586,0.0
0.12733966113723055,0.0
0.12738401490286524,0.0
0.12742836866849996,0.0
0.12747272243413466,0.0
0.12751707619976937,0.0
0.12756142996540407,0.0
0.12760578373103876,0.0
0.12765013749667348,0.0
0.12769449126230817,0.0
0.1277388450279429,0.0
0.12778319879357758,0.0
0.12782755255921227,0.0
0.127871906324847,0.0
0.12791626009048168,0.0
0.12796061385611637,0.0
0.1280049676217511,0.0
0.12804932138738578,0.0
0.1280936751530205,0.0
0.1281380289186552,0.0
0.1281823826842899,0.0
0.1282267364499246,0.0
0.1282710902155593,0.0
0.12831544398119402,0.0
0.1283597977468287,0.0
0.1284041515124634,0.0
0.12844850527809812,0.0
0.1284928590437328,0.0
0.12853721280936753,0.0
0.12858156657500222,0.0
0.1286259203406369,0.0
0.12867027410627163,0.0
0.12871462787190632,0.0
0.12875898163754104,0.0
0.12880333540317573,0.0
0.12884768916881043,0.0
0.12889204293444514,0.0
0.12893639670007984,0.0
0.12898075046571453,0.0
0.12902510423134925,0.0
0.12906945799698394,0.0
0.12911381176261866,0.0
0.12915816552825335,0.0
0.12920251929388804,0.0
0.12924687305952276,0.0
0.12929122682515745,0.0
0.12933558059079217,0.0
0.12937993435642686,0.0
0.12942428812206155,0.0
0.12946864188769627,0.0
0.12951299565333096,0.0
0.12955734941896568,0.0
0.12960170318460038,0.0
0.12964605695023507,0.0
0.12969041071586979,0.0
0.12973476448150448,0.0
0.1297791182471392,0.0
0.1298234720127739,0.0
0.12986782577840858,0.0
0.1299121795440433,0.0
0.129956533309678,0.0
0.13000088707531268,0.0
0.1300452408409474,0.0
0.1300895946065821,0.0
0.1301339483722168,0.0
0.1301783021378515,0.0
0.1302226559034862,0.0
0.13026700966912091,0.0
0.1303113634347556,0.0
0.13035571720039033,0.0
0.13040007096602502,0.0
0.1304444247316597,0.0
0.13048877849729443,0.0
0.13053313226292912,0.0
0.13057748602856384,0.0
0.13062183979419853,0.0
0.13066619355983322,0.0
0.13071054732546794,0.0
0.13075490109110263,0.0
0.13079925485673735,0.0
0.13084360862237204,0.0
0.13088796238800673,0.0
0.13093231615364145,0.0
0.13097666991927615,0.0
0.13102102368491086,0.0
0.13106537745054556,0.0
0.13110973121618025,0.0
0.13115408498181497,0.0
0.13119843874744966,0.0
0.13124279251308435,0.0
0.13128714627871907,0.0
0.13133150004435376,0.0
0.13137585380998848,0.0
0.13142020757562317,0.0
0.13146456134125786,0.0
0.13150891510689258,0.0
0.13155326887252727,0.0
0.131597622638162,0.0
0.13164197640379668,0.0
0.13168633016943138,0.0
0.1317306839350661,0.0
0.1317750377007008,0.0
0.1318193914663355,0.0
0.1318637452319702,0.0
0.1319080989976049,0.0
0.1319524527632396,0.0
0.1319968065288743,0.0
0.13204116029450902,0.0
0.1320855140601437,0.0
0.1321298678257784,0.0
0.13217422159141312,0.0
0.1322185753570478,0.0
0.1322629291226825,0.0
0.13230728288831722,0.0
0.13235163665395192,0.0
0.13239599041958663,0.0
0.13244034418522133,0.0
0.13248469795085602,0.0
0.13252905171649074,0.0
0.13257340548212543,0.0
0.13261775924776015,0.0
0.13266211301339484,0.0
0.13270646677902953,0.0
0.13275082054466425,0.0
0.13279517431029894,0.0
0.13283952807593366,0.0
0.13288388184156835,0.0
0.13292823560720304,0.0
0.13297258937283776,0.0
0.13301694313847245,0.0
0.13306129690410717,0.0
0.13310565066974187,0.0
0.13315000443537656,0.0
0.13319435820101128,0.0
0.13323871196664597,0.0
0.13328306573228066,0.0
0.13332741949791538,0.0
0.13337177326355007,0.0
0.1334161270291848,0.0
0.13346048079481948,0.0
0.13350483456045417,0.0
0.1335491883260889,0.0
0.13359354209172358,0.0
0.1336378958573583,0.0
0.133682249622993,0.0
0.13372660338862769,0.0
0.1337709571542624,0.0
0.1338153109198971,0.0
0.13385966468553182,0.0
0.1339040184511665,0.0
0.1339483722168012,0.0
0.13399272598243592,0.0
0.1340370797480706,0.0
0.13408143351370533,0.0
0.13412578727934002,0.0
0.1341701410449747,0.0
0.13421449481060943,0.0
0.13425884857624412,0.0
0.13430320234187884,0.0
0.13434755610751353,0.0
0.13439190987314822,0.0
0.13443626363878294,0.0
0.13448061740441764,0.0
0.13452497117005233,0.0
0.13456932493568705,0.0
0.13461367870132174,0.0
0.13465803246695646,0.0
0.13470238623259115,0.0
0.13474673999822584,0.0
0.13479109376386056,0.0
0.13483544752949525,0.0
0.13487980129512997,0.0
0.13492415506076466,0.0
0.13496850882639935,0.0
0.13501286259203407,0.0
0.13505721635766876,0.0
0.13510157012330348,0.0
0.13514592388893817,0.0
0.13519027765457287,0.0
0.13523463142020758,0.0
0.13527898518584228,0.0
0.135323338951477,0.0
0.1353676927171117,0.0
0.13541204648274638,0.0
0.1354564002483811,0.0
0.1355007540140158,0.0
0.13554510777965048,0.0
0.1355894615452852,0.0
0.1356338153109199,0.0
0.1356781690765546,0.0
0.1357225228421893,0.0
0.135766876607824,0.0
0.1358112303734587,0.0
0.1358555841390934,0.0
0.13589993790472812,0.0
0.13594429167036282,0.0
0.1359886454359975,0.0
0.13603299920163223,0.0
0.13607735296726692,0.0
0.13612170673290164,0.0
0.13616606049853633,0.0
0.13621041426417102,0.0
0.13625476802980574,0.0
0.13629912179544043,0.0
0.13634347556107515,0.0
0.13638782932670984,0.0
0.13643218309234453,0.0
0.13647653685797925,0.0
0.13652089062361394,0.0
0.13656524438924864,0.0
0.13660959815488335,0.0
0.13665395192051805,0.0
0.13669830568615277,0.0
0.13674265945178746,0.0
0.13678701321742215,0.0
0.13683136698305687,0.0
0.13687572074869156,0.0
0.13692007451432628,0.0
0.13696442827996097,0.0
0.13700878204559566,0.0
0.13705313581123038,0.0
0.13709748957686507,0.0
0.1371418433424998,0.0
0.13718619710813448,0.0
0.13723055087376917,0.0
0.1372749046394039,0.0
0.13731925840503859,0.0
0.1373636121706733,0.0
0.137407965936308,0.0
0.1374523197019427,0.0
0.1374966734675774,0.0
0.1375410272332121,0.0
0.13758538099884682,0.0
0.1376297347644815,0.0
0.1376740885301162,0.0
0.13771844229575092,0.0
0.1377627960613856,0.0
0.1378071498270203,0.0
0.13785150359265502,0.0
0.13789585735828971,0.0
0.13794021112392443,0.0
0.13798456488955912,0.0
0.13802891865519382,0.0
0.13807327242082854,0.0
0.13811762618646323,0.0
0.13816197995209795,0.0
0.13820633371773264,0.0
0.13825068748336733,0.0
0.13829504124900205,0.0
0.13833939501463674,0.0
0.13838374878027146,0.0
0.13842810254590615,0.0
0.13847245631154084,0.0
0.13851681007717556,0.0
0.13856116384281025,0.0
0.13860551760844497,0.0
0.13864987137407966,0.0
0.13869422513971436,0.0
0.13873857890534907,0.0
0.13878293267098377,0.0
0.13882728643661846,0.0
0.13887164020225318,0.0
0.13891599396788787,0.0
0.1389603477335226,0.0
0.13900470149915728,0.0
0.13904905526479197,0.0
0.1390934090304267,0.0
0.13913776279606138,0.0
0.1391821165616961,0.0
0.1392264703273308,0.0
0.13927082409296548,0.0
0.1393151778586002,0.0
0.1393595316242349,0.0
0.13940388538986961,0.0
0.1394482391555043,0.0
0.139492592921139,0.0
0.13953694668677372,0.0
0.1395813004524084,0.0
0.13962565421804313,0.0
0.13967000798367782,0.0
0.1397143617493125,0.0
0.13975871551494723,0.0
0.13980306928058192,0.0
0.1398474230462166,0.0
0.13989177681185133,0.0
0.13993613057748602,0.0
0.13998048434312074,0.0
0.14002483810875543,0.0
0.14006919187439013,0.0
0.14011354564002484,0.0
0.14015789940565954,0.0
0.14020225317129426,0.0
0.14024660693692895,0.0
0.14029096070256364,0.0
0.14033531446819836,0.0
0.14037966823383305,0.0
0.14042402199946777,0.0
0.14046837576510246,0.0
0.14051272953073715,0.0
0.14055708329637187,0.0
0.14060143706200656,0.0
0.14064579082764128,0.0
0.14069014459327597,0.0
0.14073449835891066,0.0
0.14077885212454538,0.0
0.14082320589018008,0.0
0.1408675596558148,0.0
0.1409119134214495,0.0
0.14095626718708418,0.0
0.1410006209527189,0.0
0.1410449747183536,0.0
0.14108932848398828,0.0
0.141133682249623,0.0
0.1411780360152577,0.0
0.1412223897808924,0.0
0.1412667435465271,0.0
0.1413110973121618,0.0
0.1413554510777965,0.0
0.1413998048434312,0.0
0.14144415860906592,0.0
0.14148851237470061,0.0
0.1415328661403353,0.0
0.14157721990597003,0.0
0.14162157367160472,0.0
0.14166592743723944,0.0
0.14171028120287413,0.0
0.14175463496850882,0.0
0.14179898873414354,0.0
0.14184334249977823,0.0
0.14188769626541295,0.0
0.14193205003104764,0.0
0.14197640379668233,0.0
0.14202075756231705,0.0
0.14206511132795174,0.0
0.14210946509358643,0.0
0.14215381885922115,0.0
0.14219817262485585,0.0
0.14224252639049056,0.0
0.14228688015612526,0.0
0.14233123392175995,0.0
0.14237558768739467,0.0
0.14241994145302936,0.0
0.14246429521866408,0.0
0.14250864898429877,0.0
0.14255300274993346,0.0
0.14259735651556818,0.0
0.14264171028120287,0.0
0.1426860640468376,0.0
0.14273041781247228,0.0
0.14277477157810697,0.0
0.1428191253437417,0.0
0.14286347910937638,0.0
0.1429078328750111,0.0
0.1429521866406458,0.0
0.1429965404062805,0.0
0.1430408941719152,0.0
0.1430852479375499,0.0
0.1431296017031846,0.0
0.1431739554688193,0.0
0.143218309234454,0.0
0.14326266300008872,0.0
0.1433070167657234,0.0
0.1433513705313581,0.0
0.14339572429699282,0.0
0.1434400780626275,0.0
0.14348443182826223,0.0
0.14352878559389692,0.0
0.14357313935953162,0.0
0.14361749312516633,0.0
0.14366184689080103,0.0
0.14370620065643575,0.0
0.14375055442207044,0.0
0.14379490818770513,0.0
0.14383926195333985,0.0
0.14388361571897454,0.0
0.14392796948460926,0.0
0.14397232325024395,0.0
0.14401667701587864,0.0
0.14406103078151336,0.0
0.14410538454714805,0.0
0.14414973831278274,0.0
0.14419409207841746,0.0
0.14423844584405215,0.0
0.14428279960968687,0.0
0.14432715337532157,0.0
0.14437150714095626,0.0
0.14441586090659098,0.0
0.14446021467222567,0.0
0.1445045684378604,0.0
0.14454892220349508,0.0
0.14459327596912977,0.0
0.1446376297347645,0.0
0.14468198350039918,0.0
0.1447263372660339,0.0
0.1447706910316686,0.0
0.14481504479730328,0.0
0.144859398562938,0.0
0.1449037523285727,0.0
0.1449481060942074,0.0
0.1449924598598421,0.0
0.1450368136254768,0.0
0.14508116739111152,0.0
0.1451255211567462,0.0
0.14516987492238093,0.0
0.14521422868801562,0.0
0.1452585824536503,0.0
0.14530293621928503,0.0
0.14534728998491972,0.0
0.1453916437505544,0.0
0.14543599751618913,0.0
0.14548035128182382,0.0
0.14552470504745854,0.0
0.14556905881309323,0.0
0.14561341257872792,0.0
0.14565776634436264,0.0
0.14570212010999734,0.0
0.14574647387563205,0.0
0.14579082764126675,0.0
0.14583518140690144,0.0
0.14587953517253616,0.0
0.14592388893817085,0.0
0.14596824270380557,0.0
0.14601259646944026,0.0
0.14605695023507495,0.0
0.14610130400070967,0.0
0.14614565776634436,0.0
0.14619001153197908,0.0
0.14623436529761377,0.0
0.14627871906324846,0.0
0.14632307282888318,0.0
0.14636742659451787,0.0
0.14641178036015257,0.0
0.14645613412578729,0.0
0.14650048789142198,0.0
0.1465448416570567,0.0
0.1465891954226914,0.0
0.14663354918832608,0.0
0.1466779029539608,0.0
0.1467222567195955,0.0
0.1467666104852302,0.0
0.1468109642508649,0.0
0.1468553180164996,0.0
0.1468996717821343,0.0
0.146944025547769,0.0
0.14698837931340372,0.0
0.1470327330790384,0.0
0.1470770868446731,0.0
0.14712144061030782,0.0
0.14716579437594252,0.0
0.14721014814157724,0.0
0.14725450190721193,0.0
0.14729885567284662,0.0
0.14734320943848134,0.0
0.14738756320411603,0.0
0.14743191696975072,0.0
0.14747627073538544,0.0
0.14752062450102013,0.0
0.14756497826665485,0.0
0.14760933203228954,0.0
0.14765368579792423,0.0
0.14769803956355895,0.0
0.14774239332919364,0.0
0.14778674709482836,0.0
0.14783110086046305,0.0
0.14787545462609775,0.0
0.14791980839173247,0.0
0.14796416215736716,0.0
0.14800851592300188,0.0
0.14805286968863657,0.0
0.14809722345427126,0.0
0.14814157721990598,0.0
0.14818593098554067,0.0
0.1482302847511754,0.0
0.14827463851681008,0.0
0.14831899228244477,0.0
0.1483633460480795,0.0
0.14840769981371418,0.0
0.1484520535793489,0.0
0.1484964073449836,0.0
0.14854076111061829,0.0
0.148585114876253,0.0
0.1486294686418877,0.0
0.1486738224075224,0.0
0.1487181761731571,0.0
0.1487625299387918,0.0
0.14880688370442652,0.0
0.1488512374700612,0.0
0.1488955912356959,0.0
0.14893994500133062,0.0
0.1489842987669653,0.0
0.14902865253260003,0.0
0.14907300629823472,0.0
0.14911736006386941,0.0
0.14916171382950413,0.0
0.14920606759513882,0.0
0.14925042136077354,0.0
0.14929477512640824,0.0
0.14933912889204293,0.0
0.14938348265767765,0.0
0.14942783642331234,0.0
0.14947219018894706,0.0
0.14951654395458175,0.0
0.14956089772021644,0.0
0.14960525148585116,0.0
0.14964960525148585,0.0
0.14969395901712054,0.0
0.14973831278275526,0.0
0.14978266654838995,0.0
0.14982702031402467,0.0
0.14987137407965936,0.0
0.14991572784529406,0.0
0.14996008161092877,0.0
0.15000443537656347,0.0
0.15004878914219819,0.0
0.15009314290783288,0.0
0.15013749667346757,0.0
0.1501818504391023,0.0
0.15022620420473698,0.0
0.1502705579703717,0.0
0.1503149117360064,0.0
0.15035926550164108,0.0
0.1504036192672758,0.0
0.1504479730329105,0.0
0.1504923267985452,0.0
0.1505366805641799,0.0
0.1505810343298146,0.0
0.15062538809544931,0.0
0.150669741861084,0.0
0.1507140956267187,0.0
0.15075844939235342,0.0
0.1508028031579881,0.0
0.15084715692362283,0.0
0.15089151068925752,0.0
0.1509358644548922,0.0
0.15098021822052693,0.0
0.15102457198616162,0.0
0.15106892575179634,0.0
0.15111327951743103,0.0
0.15115763328306572,0.0
0.15120198704870044,0.0
0.15124634081433513,0.0
0.15129069457996985,0.0
0.15133504834560454,0.0
0.15137940211123924,0.0
0.15142375587687396,0.0
0.15146810964250865,0.0
0.15151246340814337,0.0
0.15155681717377806,0.0
0.15160117093941275,0.0
0.15164552470504747,0.0
0.15168987847068216,0.0
0.15173423223631688,0.0
0.15177858600195157,0.0
0.15182293976758626,0.0
0.15186729353322098,0.0
0.15191164729885567,0.0
0.15195600106449036,0.0
0.15200035483012508,0.0
0.15204470859575978,0.0
0.1520890623613945,0.0
0.1521334161270292,0.0
0.15217776989266388,0.0
0.1522221236582986,0.0
0.1522664774239333,0.0
0.152310831189568,0.0
0.1523551849552027,0.0
0.1523995387208374,0.0
0.1524438924864721,0.0
0.1524882462521068,0.0
0.15253260001774152,0.0
0.1525769537833762,0.0
0.1526213075490109,0.0
0.15266566131464562,0.0
0.15271001508028031,0.0
0.15275436884591503,0.0
0.15279872261154973,0.0
0.15284307637718442,0.0
0.15288743014281914,0.0
0.15293178390845383,0.0
0.15297613767408852,0.0
0.15302049143972324,0.0
0.15306484520535793,0.0
0.15310919897099265,0.0
0.15315355273662734,0.0
0.15319790650226203,0.0
0.15324226026789675,0.0
0.15328661403353144,0.0
0.15333096779916616,0.0
0.15337532156480085,0.0
0.15341967533043555,0.0
0.15346402909607026,0.0
0.15350838286170496,0.0
0.15355273662733968,0.0
0.15359709039297437,0.0
0.15364144415860906,0.0
0.15368579792424378,0.0
0.15373015168987847,0.0
0.1537745054555132,0.0
0.15381885922114788,0.0
0.15386321298678257,0.0
0.1539075667524173,0.0
0.15395192051805198,0.0
0.15399627428368667,0.0
0.1540406280493214,0.0
0.15408498181495608,0.0
0.1541293355805908,0.0
0.1541736893462255,0.0
0.1542180431118602,0.0
0.1542623968774949,0.0
0.1543067506431296,0.0
0.15435110440876432,0.0
0.154395458174399,0.0
0.1544398119400337,0.0
0.15448416570566842,0.0
0.1545285194713031,0.0
0.15457287323693783,0.0
0.15461722700257252,0.0
0.1546615807682072,0.0
0.15470593453384193,0.0
0.15475028829947662,0.0
0.15479464206511134,0.0
0.15483899583074603,0.0
0.15488334959638073,0.0
0.15492770336201545,0.0
0.15497205712765014,0.0
0.15501641089328486,0.0
0.15506076465891955,0.0
0.15510511842455424,0.0
0.15514947219018896,0.0
0.15519382595582365,0.0
0.15523817972145834,0.0
0.15528253348709306,0.0
0.15532688725272775,0.0
0.15537124101836247,0.0
0.15541559478399716,0.0
0.15545994854963185,0.0
0.15550430231526657,0.0
0.15554865608090127,0.0
0.15559300984653598,0.0
0.15563736361217068,0.0
0.15568171737780537,0.0
0.1557260711434401,0.0
0.15577042490907478,0.0
0.1558147786747095,0.0
0.1558591324403442,0.0
0.15590348620597888,0.0
0.1559478399716136,0.0
0.1559921937372483,0.0
0.156036547502883,0.0
0.1560809012685177,0.0
0.1561252550341524,0.0
0.1561696087997871,0.0
0.1562139625654218,0.0
0.1562583163310565,0.0
0.15630267009669122,0.0
0.1563470238623259,0.0
0.15639137762796063,0.0
0.15643573139359532,0.0
0.15648008515923,0.0
0.15652443892486473,0.0
0.15656879269049942,0.0
0.15661314645613414,0.0
0.15665750022176883,0.0
0.15670185398740352,0.0
0.15674620775303824,0.0
0.15679056151867293,0.0
0.15683491528430765,0.0
0.15687926904994234,0.0
0.15692362281557704,0.0
0.15696797658121175,0.0
0.15701233034684645,0.0
0.15705668411248117,0.0
0.15710103787811586,0.0
0.15714539164375055,0.0
0.15718974540938527,0.0
0.15723409917501996,0.0
0.15727845294065465,0.0
0.15732280670628937,0.0
0.15736716047192406,0.0
0.15741151423755878,0.0
0.15745586800319347,0.0
0.15750022176882816,0.0
0.15754457553446288,0.0
0.15758892930009757,0.0
0.1576332830657323,0.0
0.15767763683136699,0.0
0.15772199059700168,0.0
0.1577663443626364,0.0
0.1578106981282711,0.0
0.1578550518939058,0.0
0.1578994056595405,0.0
0.1579437594251752,0.0
0.1579881131908099,0.0
0.1580324669564446,0.0
0.15807682072207932,0.0
0.158121174487714,0.0
0.1581655282533487,0.0
0.15820988201898342,0.0
0.1582542357846181,0.0
0.1582985895502528,0.0
0.15834294331588752,0.0
0.15838729708152222,0.0
0.15843165084715694,0.0
0.15847600461279163,0.0
0.15852035837842632,0.0
0.15856471214406104,0.0
0.15860906590969573,0.0
0.15865341967533045,0.0
0.15869777344096514,0.0
0.15874212720659983,0.0
0.15878648097223455,0.0
0.15883083473786924,0.0
0.15887518850350396,0.0
0.15891954226913865,0.0
0.15896389603477334,0.0
0.15900824980040806,0.0
0.15905260356604276,0.0
0.15909695733167747,0.0
0.15914131109731217,0.0
0.15918566486294686,0.0
0.15923001862858158,0.0
0.15927437239421627,0.0
0.159318726159851,0.0
0.15936307992548568,0.0
0.15940743369112037,0.0
0.1594517874567551,0.0
0.15949614122238978,0.0
0.15954049498802447,0.0
0.1595848487536592,0.0
0.15962920251929388,0.0
0.1596735562849286,0.0
0.1597179100505633,0.0
0.15976226381619799,0.0
0.1598066175818327,0.0
0.1598509713474674,0.0
0.15989532511310212,0.0
0.1599396788787368,0.0
0.1599840326443715,0.0
0.16002838641000622,0.0
0.1600727401756409,0.0
0.16011709394127563,0.0
0.16016144770691032,0.0
0.160205801472545,0.0
0.16025015523817973,0.0
0.16029450900381442,0.0
0.16033886276944914,0.0
0.16038321653508383,0.0
0.16042757030071852,0.0
0.16047192406635324,0.0
0.16051627783198794,0.0
0.16056063159762263,0.0
0.16060498536325735,0.0
0.16064933912889204,0.0
0.16069369289452676,0.0
0.16073804666016145,0.0
0.16078240042579614,0.0
0.16082675419143086,0.0
0.16087110795706555,0.0
0.16091546172270027,0.0
0.16095981548833496,0.0
0.16100416925396965,0.0
0.16104852301960437,0.0
0.16109287678523906,0.0
0.16113723055087378,0.0
0.16118158431650847,0.0
0.16122593808214317,0.0
0.16127029184777789,0.0
0.16131464561341258,0.0
0.1613589993790473,0.0
0.161403353144682,0.0
0.16144770691031668,0.0
0.1614920606759514,0.0
0.1615364144415861,0.0
0.16158076820722078,0.0
0.1616251219728555,0.0
0.1616694757384902,0.0
0.1617138295041249,0.0
0.1617581832697596,0.0
0.1618025370353943,0.0
0.16184689080102901,0.0
0.1618912445666637,0.0
0.16193559833229842,0.0
0.16197995209793312,0.0
0.1620243058635678,0.0
0.16206865962920253,0.0
0.16211301339483722,0.0
0.16215736716047194,0.0
0.16220172092610663,0.0
0.16224607469174132,0.0
0.16229042845737604,0.0
0.16233478222301073,0.0
0.16237913598864545,0.0
0.16242348975428014,0.0
0.16246784351991483,0.0
0.16251219728554955,0.0
0.16255655105118424,0.0
0.16260090481681896,0.0
0.16264525858245366,0.0
0.16268961234808835,0.0
0.16273396611372307,0.0
0.16277831987935776,0.0
0.16282267364499245,0.0
0.16286702741062717,0.0
0.16291138117626186,0.0
0.16295573494189658,0.0
0.16300008870753127,0.0
0.16304444247316596,0.0
0.16308879623880068,0.0
0.16313315000443537,0.0
0.1631775037700701,0.0
0.16322185753570478,0.0
0.16326621130133948,0.0
0.1633105650669742,0.0
0.1633549188326089,0.0
0.1633992725982436,0.0
0.1634436263638783,0.0
0.163487980129513,0.0
0.1635323338951477,0.0
0.1635766876607824,0.0
0.16362104142641712,0.0
0.1636653951920518,0.0
0.1637097489576865,0.0
0.16375410272332122,0.0
0.1637984564889559,0.0
0.1638428102545906,0.0
0.16388716402022532,0.0
0.16393151778586001,0.0
0.16397587155149473,0.0
0.16402022531712943,0.0
0.16406457908276412,0.0
0.16410893284839884,0.0
0.16415328661403353,0.0
0.16419764037966825,0.0
0.16424199414530294,0.0
0.16428634791093763,0.0
0.16433070167657235,0.0
0.16437505544220704,0.0
0.16441940920784176,0.0
0.16446376297347645,0.0
0.16450811673911114,0.0
0.16455247050474586,0.0
0.16459682427038055,0.0
0.16464117803601527,0.0
0.16468553180164996,0.0
0.16472988556728466,0.0
0.16477423933291938,0.0
0.16481859309855407,0.0
0.16486294686418876,0.0
0.16490730062982348,0.0
0.16495165439545817,0.0
0.1649960081610929,0.0
0.16504036192672758,0.0
0.16508471569236227,0.0
0.165129069457997,0.0
0.16517342322363168,0.0
0.1652177769892664,0.0
0.1652621307549011,0.0
0.16530648452053578,0.0
0.1653508382861705,0.0
0.1653951920518052,0.0
0.16543954581743991,0.0
0.1654838995830746,0.0
0.1655282533487093,0.0
0.16557260711434402,0.0
0.1656169608799787,0.0
0.16566131464561343,0.0
0.16570566841124812,0.0
0.1657500221768828,0.0
0.16579437594251753,0.0
0.16583872970815222,0.0
0.16588308347378694,0.0
0.16592743723942163,0.0
0.16597179100505632,0.0
0.16601614477069104,0.0
0.16606049853632573,0.0
0.16610485230196043,0.0
0.16614920606759515,0.0
0.16619355983322984,0.0
0.16623791359886456,0.0
0.16628226736449925,0.0
0.16632662113013394,0.0
0.16637097489576866,0.0
0.16641532866140335,0.0
0.16645968242703807,0.0
0.16650403619267276,0.0
0.16654838995830745,0.0
0.16659274372394217,0.0
0.16663709748957686,0.0
0.16668145125521158,0.0
0.16672580502084627,0.0
0.16677015878648097,0.0
0.16681451255211568,0.0
0.16685886631775038,0.0
0.1669032200833851,0.0
0.1669475738490198,0.0
0.16699192761465448,0.0
0.1670362813802892,0.0
0.1670806351459239,0.0
0.16712498891155858,0.0
0.1671693426771933,0.0
0.167213696442828,0.0
0.1672580502084627,0.0
0.1673024039740974,0.0
0.1673467577397321,0.0
0.1673911115053668,0.0
0.1674354652710015,0.0
0.16747981903663622,0.0
0.16752417280227092,0.0
0.1675685265679056,0.0
0.16761288033354033,0.0
0.16765723409917502,0.0
0.16770158786480974,0.0
0.16774594163044443,0.0
0.16779029539607912,0.0
0.16783464916171384,0.0
0.16787900292734853,0.0
0.16792335669298325,0.0
0.16796771045861794,0.0
0.16801206422425263,0.0
0.16805641798988735,0.0
0.16810077175552204,0.0
0.16814512552115674,0.0
0.16818947928679145,0.0
0.16823383305242615,0.0
0.16827818681806087,0.0
0.16832254058369556,0.0
0.16836689434933025,0.0
0.16841124811496497,0.0
0.16845560188059966,0.0
0.16849995564623438,0.0
0.16854430941186907,0.0
0.16858866317750376,0.0
0.16863301694313848,0.0
0.16867737070877317,0.0
0.1687217244744079,0.0
0.16876607824004258,0.0
0.16881043200567727,0.0
0.168854785771312,0.0
0.16889913953694669,0.0
0.1689434933025814,0.0
0.1689878470682161,0.0
0.1690322008338508,0.0
0.1690765545994855,0.0
0.1691209083651202,0.0
0.1691652621307549,0.0
0.1692096158963896,0.0
0.1692539696620243,0.0
0.16929832342765902,0.0
0.1693426771932937,0.0
0.1693870309589284,0.0
0.16943138472456312,0.0
0.1694757384901978,0.0
0.16952009225583253,0.0
0.16956444602146722,0.0
0.16960879978710192,0.0
0.16965315355273664,0.0
0.16969750731837133,0.0
0.16974186108400605,0.0
0.16978621484964074,0.0
0.16983056861527543,0.0
0.16987492238091015,0.0
0.16991927614654484,0.0
0.16996362991217956,0.0
0.17000798367781425,0.0
0.17005233744344894,0.0
0.17009669120908366,0.0
0.17014104497471835,0.0
0.17018539874035307,0.0
0.17022975250598776,0.0
0.17027410627162246,0.0
0.17031846003725717,0.0
0.17036281380289187,0.0
0.17040716756852656,0.0
0.17045152133416128,0.0
0.17049587509979597,0.0
0.1705402288654307,0.0
0.17058458263106538,0.0
0.17062893639670007,0.0
0.1706732901623348,0.0
0.17071764392796948,0.0
0.1707619976936042,0.0
0.1708063514592389,0.0
0.17085070522487358,0.0
0.1708950589905083,0.0
0.170939412756143,0.0
0.1709837665217777,0.0
0.1710281202874124,0.0
0.1710724740530471,0.0
0.17111682781868182,0.0
0.1711611815843165,0.0
0.17120553534995123,0.0
0.17124988911558592,0.0
0.1712942428812206,0.0
0.17133859664685533,0.0
0.17138295041249002,0.0
0.1714273041781247,0.0
0.17147165794375943,0.0
0.17151601170939412,0.0
0.17156036547502884,0.0
0.17160471924066353,0.0
0.17164907300629823,0.0
0.17169342677193294,0.0
0.17173778053756764,0.0
0.17178213430320236,0.0
0.17182648806883705,0.0
0.17187084183447174,0.0
0.17191519560010646,0.0
0.17195954936574115,0.0
0.17200390313137587,0.0
0.17204825689701056,0.0
0.17209261066264525,0.0
0.17213696442827997,0.0
0.17218131819391466,0.0
0.17222567195954938,0.0
0.17227002572518407,0.0
0.17231437949081876,0.0
0.17235873325645348,0.0
0.17240308702208818,0.0
0.17244744078772287,0.0
0.17249179455335759,0.0
0.17253614831899228,0.0
0.172580502084627,0.0
0.1726248558502617,0.0
0.17266920961589638,0.0
0.1727135633815311,0.0
0.1727579171471658,0.0
0.1728022709128005,0.0
0.1728466246784352,0.0
0.1728909784440699,0.0
0.1729353322097046,0.0
0.1729796859753393,0.0
0.17302403974097402,0.0
0.17306839350660871,0.0
0.1731127472722434,0.0
0.17315710103787813,0.0
0.17320145480351282,0.0
0.17324580856914754,0.0
0.17329016233478223,0.0
0.17333451610041692,0.0
0.17337886986605164,0.0
0.17342322363168633,0.0
0.17346757739732105,0.0
0.17351193116295574,0.0
0.17355628492859043,0.0
0.17360063869422515,0.0
0.17364499245985984,0.0
0.17368934622549453,0.0
0.17373369999112925,0.0
0.17377805375676394,0.0
0.17382240752239866,0.0
0.17386676128803336,0.0
0.17391111505366805,0.0
0.17395546881930277,0.0
0.17399982258493746,0.0
0.17404417635057218,0.0
0.17408853011620687,0.0
0.17413288388184156,0.0
0.17417723764747628,0.0
0.17422159141311097,0.0
0.1742659451787457,0.0
0.17431029894438038,0.0
0.17435465271001507,0.0
0.1743990064756498,0.0
0.17444336024128448,0.0
0.1744877140069192,0.0
0.1745320677725539,0.0
0.1745764215381886,0.0
0.1746207753038233,0.0
0.174665129069458,0.0
0.1747094828350927,0.0
0.1747538366007274,0.0
0.1747981903663621,0.0
0.17484254413199682,0.0
0.1748868978976315,0.0
0.1749312516632662,0.0
0.17497560542890092,0.0
0.1750199591945356,0.0
0.17506431296017033,0.0
0.17510866672580502,0.0
0.17515302049143971,0.0
0.17519737425707443,0.0
0.17524172802270913,0.0
0.17528608178834384,0.0
0.17533043555397854,0.0
0.17537478931961323,0.0
0.17541914308524795,0.0
0.17546349685088264,0.0
0.17550785061651736,0.0
0.17555220438215205,0.0
0.17559655814778674,0.0
0.17564091191342146,0.0
0.17568526567905615,0.0
0.17572961944469084,0.0
0.17577397321032556,0.0
0.17581832697596025,0.0
0.17586268074159497,0.0
0.17590703450722966,0.0
0.17595138827286436,0.0
0.17599574203849908,0.0
0.17604009580413377,0.0
0.1760844495697685,0.0
0.17612880333540318,0.0
0.17617315710103787,0.0
0.1762175108666726,0.0
0.17626186463230728,0.0
0.176306218397942,0.0
0.1763505721635767,0.0
0.17639492592921138,0.0
0.1764392796948461,0.0
0.1764836334604808,0.0
0.1765279872261155,0.0
0.1765723409917502,0.0
0.1766166947573849,0.0
0.17666104852301961,0.0
0.1767054022886543,0.0
0.17674975605428903,0.0
0.17679410981992372,0.0
0.1768384635855584,0.0
0.17688281735119313,0.0
0.17692717111682782,0.0
0.1769715248824625,0.0
0.17701587864809723,0.0
0.17706023241373192,0.0
0.17710458617936664,0.0
0.17714893994500133,0.0
0.17719329371063602,0.0
0.17723764747627074,0.0
0.17728200124190543,0.0
0.17732635500754015,0.0
0.17737070877317485,0.0
0.17741506253880954,0.0
0.17745941630444426,0.0
0.17750377007007895,0.0
0.17754812383571367,0.0
0.17759247760134836,0.0
0.17763683136698305,0.0
0.17768118513261777,0.0
0.17772553889825246,0.0
0.17776989266388718,0.0
0.17781424642952187,0.0
0.17785860019515656,0.0
0.17790295396079128,0.0
0.17794730772642597,0.0
0.17799166149206067,0.0
0.17803601525769538,0.0
0.17808036902333008,0.0
0.1781247227889648,0.0
0.1781690765545995,0.0
0.17821343032023418,0.0
0.1782577840858689,0.0
0.1783021378515036,0.0
0.1783464916171383,0.0
0.178390845382773,0.0
0.1784351991484077,0.0
0.1784795529140424,0.0
0.1785239066796771,0.0
0.17856826044531182,0.0
0.1786126142109465,0.0
0.1786569679765812,0.0
0.17870132174221592,0.0
0.17874567550785062,0.0
0.17879002927348533,0.0
0.17883438303912003,0.0
0.17887873680475472,0.0
0.17892309057038944,0.0
0.17896744433602413,0.0
0.17901179810165882,0.0
0.17905615186729354,0.0
0.17910050563292823,0.0
0.17914485939856295,0.0
0.17918921316419764,0.0
0.17923356692983233,0.0
0.17927792069546705,0.0
0.17932227446110174,0.0
0.17936662822673646,0.0
0.17941098199237115,0.0
0.17945533575800585,0.0
0.17949968952364057,0.0
0.17954404328927526,0.0
0.17958839705490998,0.0
0.17963275082054467,0.0
0.17967710458617936,0.0
0.17972145835181408,0.0
0.17976581211744877,0.0
0.1798101658830835,0.0
0.17985451964871818,0.0
0.17989887341435287,0.0
0.1799432271799876,0.0
0.17998758094562228,0.0
0.180031934711257,0.0
0.1800762884768917,0.0
0.18012064224252639,0.0
0.1801649960081611,0.0
0.1802093497737958,0.0
0.1802537035394305,0.0
0.1802980573050652,0.0
0.1803424110706999,0.0
0.18038676483633462,0.0
0.1804311186019693,0.0
0.180475472367604,0.0
0.18051982613323872,0.0
0.1805641798988734,0.0
0.18060853366450813,0.0
0.18065288743014282,0.0
0.1806972411957775,0.0
0.18074159496141223,0.0
0.18078594872704692,0.0
0.18083030249268164,0.0
0.18087465625831634,0.0
0.18091901002395103,0.0
0.18096336378958575,0.0
0.18100771755522044,0.0
0.18105207132085516,0.0
0.18109642508648985,0.0
0.18114077885212454,0.0
0.18118513261775926,0.0
0.18122948638339395,0.0
0.18127384014902864,0.0
0.18131819391466336,0.0
0.18136254768029805,0.0
0.18140690144593277,0.0
0.18145125521156746,0.0
0.18149560897720216,0.0
0.18153996274283687,0.0
0.18158431650847157,0.0
0.18162867027410629,0.0
0.18167302403974098,0.0
0.18171737780537567,0.0
0.1817617315710104,0.0
0.18180608533664508,0.0
0.1818504391022798,0.0
0.1818947928679145,0.0
0.18193914663354918,0.0
0.1819835003991839,0.0
0.1820278541648186,0.0
0.1820722079304533,0.0
0.182116561696088,0.0
0.1821609154617227,0.0
0.1822052692273574,0.0
0.1822496229929921,0.0
0.1822939767586268,0.0
0.18233833052426152,0.0
0.1823826842898962,0.0
0.18242703805553093,0.0
0.18247139182116562,0.0
0.1825157455868003,0.0
0.18256009935243503,0.0
0.18260445311806972,0.0
0.18264880688370444,0.0
0.18269316064933913,0.0
0.18273751441497382,0.0
0.18278186818060854,0.0
0.18282622194624323,0.0
0.18287057571187795,0.0
0.18291492947751264,0.0
0.18295928324314734,0.0
0.18300363700878206,0.0
0.18304799077441675,0.0
0.18309234454005147,0.0
0.18313669830568616,0.0
0.18318105207132085,0.0
0.18322540583695557,0.0
0.18326975960259026,0.0
0.18331411336822495,0.0
0.18335846713385967,0.0
0.18340282089949436,0.0
0.18344717466512908,0.0
0.18349152843076377,0.0
0.18353588219639846,0.0
0.18358023596203318,0.0
0.18362458972766788,0.0
0.1836689434933026,0.0
0.18371329725893729,0.0
0.18375765102457198,0.0
0.1838020047902067,0.0
0.1838463585558414,0.0
0.1838907123214761,0.0
0.1839350660871108,0.0
0.1839794198527455,0.0
0.1840237736183802,0.0
0.1840681273840149,0.0
0.18411248114964962,0.0
0.1841568349152843,0.0
0.184201188680919,0.0
0.18424554244655372,0.0
0.18428989621218841,0.0
0.18433424997782313,0.0
0.18437860374345783,0.0
0.18442295750909252,0.0
0.18446731127472724,0.0
0.18451166504036193,0.0
0.18455601880599662,0.0
0.18460037257163134,0.0
0.18464472633726603,0.0
0.18468908010290075,0.0
0.18473343386853544,0.0
0.18477778763417013,0.0
0.18482214139980485,0.0
0.18486649516543954,0.0
0.18491084893107426,0.0
0.18495520269670895,0.0
0.18499955646234365,0.0
0.18504391022797836,0.0
0.18508826399361306,0.0
0.18513261775924778,0.0
0.18517697152488247,0.0
0.18522132529051716,0.0
0.18526567905615188,0.0
0.18531003282178657,0.0
0.1853543865874213,0.0
0.18539874035305598,0.0
0.18544309411869067,0.0
0.1854874478843254,0.0
0.18553180164996008,0.0
0.18557615541559477,0.0
0.1856205091812295,0.0
0.18566486294686418,0.0
0.1857092167124989,0.0
0.1857535704781336,0.0
0.1857979242437683,0.0
0.185842278009403,0.0
0.1858866317750377,0.0
0.18593098554067242,0.0
0.1859753393063071,0.0
0.1860196930719418,0.0
0.18606404683757652,0.0
0.1861084006032112,0.0
0.18615275436884593,0.0
0.18619710813448062,0.0
0.1862414619001153,0.0
0.18628581566575003,0.0
0.18633016943138472,0.0
0.18637452319701944,0.0
0.18641887696265413,0.0
0.18646323072828883,0.0
0.18650758449392354,0.0
0.18655193825955824,0.0
0.18659629202519293,0.0
0.18664064579082765,0.0
0.18668499955646234,0.0
0.18672935332209706,0.0
0.18677370708773175,0.0
0.18681806085336644,0.0
0.18686241461900116,0.0
0.18690676838463585,0.0
0.18695112215027057,0.0
0.18699547591590526,0.0
0.18703982968153995,0.0
0.18708418344717467,0.0
0.18712853721280936,0.0
0.18717289097844408,0.0
0.18721724474407878,0.0
0.18726159850971347,0.0
0.1873059522753482,0.0
0.18735030604098288,0.0
0.1873946598066176,0.0
0.1874390135722523,0.0
0.18748336733788698,0.0
0.1875277211035217,0.0
0.1875720748691564,0.0
0.1876164286347911,0.0
0.1876607824004258,0.0
0.1877051361660605,0.0
0.1877494899316952,0.0
0.1877938436973299,0.0
0.1878381974629646,0.0
0.18788255122859931,0.0
0.187926904994234,0.0
0.18797125875986873,0.0
0.18801561252550342,0.0
0.1880599662911381,0.0
0.18810432005677283,0.0
0.18814867382240752,0.0
0.18819302758804224,0.0
0.18823738135367693,0.0
0.18828173511931162,0.0
0.18832608888494634,0.0
0.18837044265058103,0.0
0.18841479641621575,0.0
0.18845915018185044,0.0
0.18850350394748513,0.0
0.18854785771311985,0.0
0.18859221147875455,0.0
0.18863656524438926,0.0
0.18868091901002396,0.0
0.18872527277565865,0.0
0.18876962654129337,0.0
0.18881398030692806,0.0
0.18885833407256275,0.0
0.18890268783819747,0.0
0.18894704160383216,0.0
0.18899139536946688,0.0
0.18903574913510157,0.0
0.18908010290073626,0.0
0.18912445666637098,0.0
0.18916881043200567,0.0
0.1892131641976404,0.0
0.18925751796327508,0.0
0.18930187172890978,0.0
0.1893462254945445,0.0
0.1893905792601792,0.0
0.1894349330258139,0.0
0.1894792867914486,0.0
0.1895236405570833,0.0
0.189567994322718,0.0
0.1896123480883527,0.0
0.18965670185398742,0.0
0.1897010556196221,0.0
0.1897454093852568,0.0
0.18978976315089152,0.0
0.1898341169165262,0.0
0.1898784706821609,0.0
0.18992282444779562,0.0
0.18996717821343032,0.0
0.19001153197906503,0.0
0.19005588574469973,0.0
0.19010023951033442,0.0
0.19014459327596914,0.0
0.19018894704160383,0.0
0.19023330080723855,0.0
0.19027765457287324,0.0
0.19032200833850793,0.0
0.19036636210414265,0.0
0.19041071586977734,0.0
0.19045506963541206,0.0
0.19049942340104675,0.0
0.19054377716668144,0.0
0.19058813093231616,0.0
0.19063248469795085,0.0
0.19067683846358557,0.0
0.19072119222922027,0.0
0.19076554599485496,0.0
0.19080989976048968,0.0
0.19085425352612437,0.0
0.1908986072917591,0.0
0.19094296105739378,0.0
0.19098731482302847,0.0
0.1910316685886632,0.0
0.19107602235429788,0.0
0.19112037611993257,0.0
0.1911647298855673,0.0
0.19120908365120198,0.0
0.1912534374168367,0.0
0.1912977911824714,0.0
0.19134214494810609,0.0
0.1913864987137408,0.0
0.1914308524793755,0.0
0.19147520624501022,0.0
0.1915195600106449,0.0
0.1915639137762796,0.0
0.19160826754191432,0.0
0.191652621307549,0.0
0.19169697507318373,0.0
0.19174132883881842,0.0
0.1917856826044531,0.0
0.19183003637008783,0.0
0.19187439013572252,0.0
0.19191874390135724,0.0
0.19196309766699193,0.0
0.19200745143262662,0.0
0.19205180519826134,0.0
0.19209615896389604,0.0
0.19214051272953073,0.0
0.19218486649516545,0.0
0.19222922026080014,0.0
0.19227357402643486,0.0
0.19231792779206955,0.0
0.19236228155770424,0.0
0.19240663532333896,0.0
0.19245098908897365,0.0
0.19249534285460837,0.0
0.19253969662024306,0.0
0.19258405038587775,0.0
0.19262840415151247,0.0
0.19267275791714716,0.0
0.19271711168278188,0.0
0.19276146544841657,0.0
0.19280581921405127,0.0
0.19285017297968599,0.0
0.19289452674532068,0.0
0.1929388805109554,0.0
0.1929832342765901,0.0
0.19302758804222478,0.0
0.1930719418078595,0.0
0.1931162955734942,0.0
0.19316064933912888,0.0
0.1932050031047636,0.0
0.1932493568703983,0.0
0.193293710636033,0.0
0.1933380644016677,0.0
0.1933824181673024,0.0
0.1934267719329371,0.0
0.1934711256985718,0.0
0.19351547946420652,0.0
0.19355983322984122,0.0
0.1936041869954759,0.0
0.19364854076111063,0.0
0.19369289452674532,0.0
0.19373724829238004,0.0
0.19378160205801473,0.0
0.19382595582364942,0.0
0.19387030958928414,0.0
0.19391466335491883,0.0
0.19395901712055355,0.0
0.19400337088618824,0.0
0.19404772465182293,0.0
0.19409207841745765,0.0
0.19413643218309234,0.0
0.19418078594872706,0.0
0.19422513971436176,0.0
0.19426949347999645,0.0
0.19431384724563117,0.0
0.19435820101126586,0.0
0.19440255477690055,0.0
0.19444690854253527,0.0
0.19449126230816996,0.0
0.19453561607380468,0.0
0.19457996983943937,0.0
0.19462432360507406,0.0
0.19466867737070878,0.0
0.19471303113634347,0.0
0.1947573849019782,0.0
0.19480173866761288,0.0
0.19484609243324758,0.0
0.1948904461988823,0.0
0.19493479996451699,0.0
0.1949791537301517,0.0
0.1950235074957864,0.0
0.1950678612614211,0.0
0.1951122150270558,0.0
0.1951565687926905,0.0
0.19520092255832522,0.0
0.1952452763239599,0.0
0.1952896300895946,0.0
0.19533398385522932,0.0
0.195378337620864,0.0
0.1954226913864987,0.0
0.19546704515213342,0.0
0.19551139891776811,0.0
0.19555575268340283,0.0
0.19560010644903753,0.0
0.19564446021467222,0.0
0.19568881398030694,0.0
0.19573316774594163,0.0
0.19577752151157635,0.0
0.19582187527721104,0.0
0.19586622904284573,0.0
0.19591058280848045,0.0
0.19595493657411514,0.0
0.19599929033974986,0.0
0.19604364410538455,0.0
0.19608799787101924,0.0
0.19613235163665396,0.0
0.19617670540228865,0.0
0.19622105916792337,0.0
0.19626541293355806,0.0
0.19630976669919276,0.0
0.19635412046482748,0.0
0.19639847423046217,0.0
0.19644282799609686,0.0
0.19648718176173158,0.0
0.19653153552736627,0.0
0.196575889293001,0.0
0.19662024305863568,0.0
0.19666459682427037,0.0
0.1967089505899051,0.0
0.19675330435553978,0.0
0.1967976581211745,0.0
0.1968420118868092,0.0
0.19688636565244388,0.0
0.1969307194180786,0.0
0.1969750731837133,0.0
0.19701942694934801,0.0
0.1970637807149827,0.0
0.1971081344806174,0.0
0.19715248824625212,0.0
0.1971968420118868,0.0
0.19724119577752153,0.0
0.19728554954315622,0.0
0.1973299033087909,0.0
0.19737425707442563,0.0
0.19741861084006032,0.0
0.197462964605695,0.0
0.19750731837132973,0.0
0.19755167213696442,0.0
0.19759602590259914,0.0
0.19764037966823383,0.0
0.19768473343386853,0.0
0.19772908719950325,0.0
0.19777344096513794,0.0
0.19781779473077266,0.0
0.19786214849640735,0.0
0.19790650226204204,0.0
0.19795085602767676,0.0
0.19799520979331145,0.0
0.19803956355894617,0.0
0.19808391732458086,0.0
0.19812827109021555,0.0
0.19817262485585027,0.0
0.19821697862148496,0.0
0.19826133238711968,0.0
0.19830568615275437,0.0
0.19835003991838907,0.0
0.19839439368402378,0.0
0.19843874744965848,0.0
0.1984831012152932,0.0
0.1985274549809279,0.0
0.19857180874656258,0.0
0.1986161625121973,0.0
0.198660516277832,0.0
0.19870487004346668,0.0
0.1987492238091014,0.0
0.1987935775747361,0.0
0.1988379313403708,0.0
0.1988822851060055,0.0
0.1989266388716402,0.0
0.1989709926372749,0.0
0.1990153464029096,0.0
0.19905970016854432,0.0
0.19910405393417901,0.0
0.1991484076998137,0.0
0.19919276146544843,0.0
0.19923711523108312,0.0
0.19928146899671784,0.0
0.19932582276235253,0.0
0.19937017652798722,0.0
0.19941453029362194,0.0
0.19945888405925663,0.0
0.19950323782489135,0.0
0.19954759159052604,0.0
0.19959194535616073,0.0
0.19963629912179545,0.0
0.19968065288743014,0.0
0.19972500665306483,0.0
0.19976936041869955,0.0
0.19981371418433425,0.0
0.19985806794996896,0.0
0.19990242171560366,0.0
0.19994677548123835,0.0
0.19999112924687307,0.0
0.20003548301250776,0.0
0.20007983677814248,0.0
0.20012419054377717,0.0
0.20016854430941186,0.0
0.20021289807504658,0.0
0.20025725184068127,0.0
0.200301605606316,0.0
0.20034595937195068,0.0
0.20039031313758537,0.0
0.2004346669032201,0.0
0.20047902066885478,0.0
0.2005233744344895,0.0
0.2005677282001242,0.0
0.2006120819657589,0.0
0.2006564357313936,0.0
0.2007007894970283,0.0
0.200745143262663,0.0
0.2007894970282977,0.0
0.2008338507939324,0.0
0.20087820455956712,0.0
0.2009225583252018,0.0
0.2009669120908365,0.0
0.20101126585647122,0.0
0.2010556196221059,0.0
0.20109997338774063,0.0
0.20114432715337532,0.0
0.20118868091901002,0.0
0.20123303468464473,0.0
0.20127738845027943,0.0
0.20132174221591415,0.0
0.20136609598154884,0.0
0.20141044974718353,0.0
0.20145480351281825,0.0
0.20149915727845294,0.0
0.20154351104408766,0.0
0.20158786480972235,0.0
0.20163221857535704,0.0
0.20167657234099176,0.0
0.20172092610662645,0.0
0.20176527987226117,0.0
0.20180963363789586,0.0
0.20185398740353055,0.0
0.20189834116916527,0.0
0.20194269493479997,0.0
0.20198704870043466,0.0
0.20203140246606938,0.0
0.20207575623170407,0.0
0.2021201099973388,0.0
0.20216446376297348,0.0
0.20220881752860817,0.0
0.2022531712942429,0.0
0.20229752505987758,0.0
0.2023418788255123,0.0
0.202386232591147,0.0
0.20243058635678168,0.0
0.2024749401224164,0.0
0.2025192938880511,0.0
0.2025636476536858,0.0
0.2026080014193205,0.0
0.2026523551849552,0.0
0.20269670895058992,0.0
0.2027410627162246,0.0
0.20278541648185933,0.0
0.20282977024749402,0.0
0.2028741240131287,0.0
0.20291847777876343,0.0
0.20296283154439812,0.0
0.2030071853100328,0.0
0.20305153907566753,0.0
0.20309589284130222,0.0
0.20314024660693694,0.0
0.20318460037257163,0.0
0.20322895413820632,0.0
0.20327330790384104,0.0
0.20331766166947574,0.0
0.20336201543511045,0.0
0.20340636920074515,0.0
0.20345072296637984,0.0
0.20349507673201456,0.0
0.20353943049764925,0.0
0.20358378426328397,0.0
0.20362813802891866,0.0
0.20367249179455335,0.0
0.20371684556018807,0.0
0.20376119932582276,0.0
0.20380555309145748,0.0
0.20384990685709217,0.0
0.20389426062272686,0.0
0.20393861438836158,0.0
0.20398296815399627,0.0
0.20402732191963097,0.0
0.20407167568526569,0.0
0.20411602945090038,0.0
0.2041603832165351,0.0
0.2042047369821698,0.0
0.20424909074780448,0.0
0.2042934445134392,0.0
0.2043377982790739,0.0
0.2043821520447086,0.0
0.2044265058103433,0.0
0.204470859575978,0.0
0.2045152133416127,0.0
0.2045595671072474,0.0
0.20460392087288212,0.0
0.20464827463851681,0.0
0.2046926284041515,0.0
0.20473698216978622,0.0
0.20478133593542092,0.0
0.20482568970105564,0.0
0.20487004346669033,0.0
0.20491439723232502,0.0
0.20495875099795974,0.0
0.20500310476359443,0.0
0.20504745852922915,0.0
0.20509181229486384,0.0
0.20513616606049853,0.0
0.20518051982613325,0.0
0.20522487359176794,0.0
0.20526922735740263,0.0
0.20531358112303735,0.0
0.20535793488867204,0.0
0.20540228865430676,0.0
0.20544664241994146,0.0
0.20549099618557615,0.0
0.20553534995121087,0.0
0.20557970371684556,0.0
0.20562405748248028,0.0
0.20566841124811497,0.0
0.20571276501374966,0.0
0.20575711877938438,0.0
0.20580147254501907,0.0
0.2058458263106538,0.0
0.20589018007628848,0.0
0.20593453384192317,0.0
0.2059788876075579,0.0
0.20602324137319258,0.0
0.2060675951388273,0.0
0.206111948904462,0.0
0.20615630267009669,0.0
0.2062006564357314,0.0
0.2062450102013661,0.0
0.2062893639670008,0.0
0.2063337177326355,0.0
0.2063780714982702,0.0
0.20642242526390492,0.0
0.2064667790295396,0.0
0.2065111327951743,0.0
0.20655548656080902,0.0
0.2065998403264437,0.0
0.20664419409207843,0.0
0.20668854785771312,0.0
0.20673290162334781,0.0
0.20677725538898253,0.0
0.20682160915461723,0.0
0.20686596292025194,0.0
0.20691031668588664,0.0
0.20695467045152133,0.0
0.20699902421715605,0.0
0.20704337798279074,0.0
0.20708773174842546,0.0
0.20713208551406015,0.0
0.20717643927969484,0.0
0.20722079304532956,0.0
0.20726514681096425,0.0
0.20730950057659894,0.0
0.20735385434223366,0.0
0.20739820810786835,0.0
0.20744256187350307,0.0
0.20748691563913776,0.0
0.20753126940477246,0.0
0.20757562317040718,0.0
0.20761997693604187,0.0
0.20766433070167659,0.0
0.20770868446731128,0.0
0.20775303823294597,0.0
0.2077973919985807,0.0
0.20784174576421538,0.0
0.2078860995298501,0.0
0.2079304532954848,0.0
0.20797480706111948,0.0
0.2080191608267542,0.0
0.2080635145923889,0.0
0.2081078683580236,0.0
0.2081522221236583,0.0
0.208196575889293,0.0
0.20824092965492771,0.0
0.2082852834205624,0.0
0.2083296371861971,0.0
0.20837399095183182,0.0
0.2084183447174665,0.0
0.20846269848310123,0.0
0.20850705224873592,0.0
0.2085514060143706,0.0
0.20859575978000533,0.0
0.20864011354564002,0.0
0.20868446731127474,0.0
0.20872882107690943,0.0
0.20877317484254412,0.0
0.20881752860817884,0.0
0.20886188237381353,0.0
0.20890623613944825,0.0
0.20895058990508295,0.0
0.20899494367071764,0.0
0.20903929743635236,0.0
0.20908365120198705,0.0
0.20912800496762177,0.0
0.20917235873325646,0.0
0.20921671249889115,0.0
0.20926106626452587,0.0
0.20930542003016056,0.0
0.20934977379579528,0.0
0.20939412756142997,0.0
0.20943848132706466,0.0
0.20948283509269938,0.0
0.20952718885833407,0.0
0.20957154262396877,0.0
0.20961589638960348,0.0
0.20966025015523818,0.0
0.2097046039208729,0.0
0.2097489576865076,0.0
0.20979331145214228,0.0
0.209837665217777,0.0
0.2098820189834117,0.0
0.2099263727490464,0.0
0.2099707265146811,0.0
0.2100150802803158,0.0
0.2100594340459505,0.0
0.2101037878115852,0.0
0.21014814157721992,0.0
0.2101924953428546,0.0
0.2102368491084893,0.0
0.21028120287412402,0.0
0.21032555663975872,0.0
0.21036991040539343,0.0
0.21041426417102813,0.0
0.21045861793666282,0.0
0.21050297170229754,0.0
0.21054732546793223,0.0
0.21059167923356692,0.0
0.21063603299920164,0.0
0.21068038676483633,0.0
0.21072474053047105,0.0
0.21076909429610574,0.0
0.21081344806174043,0.0
0.21085780182737515,0.0
0.21090215559300984,0.0
0.21094650935864456,0.0
0.21099086312427925,0.0
0.21103521688991395,0.0
0.21107957065554867,0.0
0.21112392442118336,0.0
0.21116827818681808,0.0
0.21121263195245277,0.0
0.21125698571808746,0.0
0.21130133948372218,0.0
0.21134569324935687,0.0
0.2113900470149916,0.0
0.21143440078062628,0.0
0.21147875454626097,0.0
0.2115231083118957,0.0
0.21156746207753038,0.0
0.21161181584316507,0.0
0.2116561696087998,0.0
0.21170052337443448,0.0
0.2117448771400692,0.0
0.2117892309057039,0.0
0.2118335846713386,0.0
0.2118779384369733,0.0
0.211922292202608,0.0
0.21196664596824272,0.0
0.2120109997338774,0.0
0.2120553534995121,0.0
0.21209970726514682,0.0
0.2121440610307815,0.0
0.21218841479641623,0.0
0.21223276856205092,0.0
0.2122771223276856,0.0
0.21232147609332033,0.0
0.21236582985895502,0.0
0.21241018362458974,0.0
0.21245453739022443,0.0
0.21249889115585913,0.0
0.21254324492149385,0.0
0.21258759868712854,0.0
0.21263195245276326,0.0
0.21267630621839795,0.0
0.21272065998403264,0.0
0.21276501374966736,0.0
0.21280936751530205,0.0
0.21285372128093674,0.0
0.21289807504657146,0.0
0.21294242881220615,0.0
0.21298678257784087,0.0
0.21303113634347556,0.0
0.21307549010911025,0.0
0.21311984387474497,0.0
0.21316419764037967,0.0
0.21320855140601438,0.0
0.21325290517164908,0.0
0.21329725893728377,0.0
0.2133416127029185,0.0
0.21338596646855318,0.0
0.2134303202341879,0.0
0.2134746739998226,0.0
0.21351902776545728,0.0
0.213563381531092,0.0
0.2136077352967267,0.0
0.2136520890623614,0.0
0.2136964428279961,0.0
0.2137407965936308,0.0
0.2137851503592655,0.0
0.2138295041249002,0.0
0.2138738578905349,0.0
0.21391821165616962,0.0
0.2139625654218043,0.0
0.21400691918743903,0.0
0.21405127295307372,0.0
0.2140956267187084,0.0
0.21413998048434313,0.0
0.21418433424997782,0.0
0.21422868801561254,0.0
0.21427304178124723,0.0
0.21431739554688192,0.0
0.21436174931251664,0.0
0.21440610307815133,0.0
0.21445045684378605,0.0
0.21449481060942074,0.0
0.21453916437505544,0.0
0.21458351814069015,0.0
0.21462787190632485,0.0
0.21467222567195957,0.0
0.21471657943759426,0.0
0.21476093320322895,0.0
0.21480528696886367,0.0
0.21484964073449836,0.0
0.21489399450013305,0.0
0.21493834826576777,0.0
0.21498270203140246,0.0
0.21502705579703718,0.0
0.21507140956267187,0.0
0.21511576332830656,0.0
0.21516011709394128,0.0
0.21520447085957597,0.0
0.2152488246252107,0.0
0.21529317839084539,0.0
0.21533753215648008,0.0
0.2153818859221148,0.0
0.2154262396877495,0.0
0.2154705934533842,0.0
0.2155149472190189,0.0
0.2155593009846536,0.0
0.2156036547502883,0.0
0.215648008515923,0.0
0.21569236228155772,0.0
0.2157367160471924,0.0
0.2157810698128271,0.0
0.21582542357846182,0.0
0.21586977734409651,0.0
0.21591413110973123,0.0
0.21595848487536592,0.0
0.21600283864100062,0.0
0.21604719240663534,0.0
0.21609154617227003,0.0
0.21613589993790472,0.0
0.21618025370353944,0.0
0.21622460746917413,0.0
0.21626896123480885,0.0
0.21631331500044354,0.0
0.21635766876607823,0.0
0.21640202253171295,0.0
0.21644637629734764,0.0
0.21649073006298236,0.0
0.21653508382861705,0.0
0.21657943759425174,0.0
0.21662379135988646,0.0
0.21666814512552116,0.0
0.21671249889115587,0.0
0.21675685265679057,0.0
0.21680120642242526,0.0
0.21684556018805998,0.0
0.21688991395369467,0.0
0.2169342677193294,0.0
0.21697862148496408,0.0
0.21702297525059877,0.0
0.2170673290162335,0.0
0.21711168278186818,0.0
0.21715603654750287,0.0
0.2172003903131376,0.0
0.21724474407877228,0.0
0.217289097844407,0.0
0.2173334516100417,0.0
0.2173778053756764,0.0
0.2174221591413111,0.0
0.2174665129069458,0.0
0.21751086667258052,0.0
0.2175552204382152,0.0
0.2175995742038499,0.0
0.21764392796948462,0.0
0.2176882817351193,0.0
0.21773263550075403,0.0
0.21777698926638872,0.0
0.2178213430320234,0.0
0.21786569679765813,0.0
0.21791005056329282,0.0
0.21795440432892754,0.0
0.21799875809456223,0.0
0.21804311186019693,0.0
0.21808746562583164,0.0
0.21813181939146634,0.0
0.21817617315710103,0.0
0.21822052692273575,0.0
0.21826488068837044,0.0
0.21830923445400516,0.0
0.21835358821963985,0.0
0.21839794198527454,0.0
0.21844229575090926,0.0
0.21848664951654395,0.0
0.21853100328217867,0.0
0.21857535704781336,0.0
0.21861971081344805,0.0
0.21866406457908277,0.0
0.21870841834471746,0.0
0.21875277211035218,0.0
0.21879712587598688,0.0
0.21884147964162157,0.0
0.21888583340725629,0.0
0.21893018717289098,0.0
0.2189745409385257,0.0
0.2190188947041604,0.0
0.21906324846979508,0.0
0.2191076022354298,0.0
0.2191519560010645,0.0
0.2191963097666992,0.0
0.2192406635323339,0.0
0.2192850172979686,0.0
0.2193293710636033,0.0
0.219373724829238,0.0
0.2194180785948727,0.0
0.21946243236050741,0.0
0.2195067861261421,0.0
0.21955113989177683,0.0
0.21959549365741152,0.0
0.2196398474230462,0.0
0.21968420118868093,0.0
0.21972855495431562,0.0
0.21977290871995034,0.0
0.21981726248558503,0.0
0.21986161625121972,0.0
0.21990597001685444,0.0
0.21995032378248913,0.0
0.21999467754812385,0.0
0.22003903131375854,0.0
0.22008338507939323,0.0
0.22012773884502795,0.0
0.22017209261066265,0.0
0.22021644637629736,0.0
0.22026080014193206,0.0
0.22030515390756675,0.0
0.22034950767320147,0.0
0.22039386143883616,0.0
0.22043821520447085,0.0
0.22048256897010557,0.0
0.22052692273574026,0.0
0.22057127650137498,0.0
0.22061563026700967,0.0
0.22065998403264436,0.0
0.22070433779827908,0.0
0.22074869156391377,0.0
0.2207930453295485,0.0
0.22083739909518318,0.0
0.22088175286081788,0.0
0.2209261066264526,0.0
0.2209704603920873,0.0
0.221014814157722,0.0
0.2210591679233567,0.0
0.2211035216889914,0.0
0.2211478754546261,0.0
0.2211922292202608,0.0
0.22123658298589552,0.0
0.2212809367515302,0.0
0.2213252905171649,0.0
0.22136964428279962,0.0
0.2214139980484343,0.0
0.221458351814069,0.0
0.22150270557970372,0.0
0.22154705934533842,0.0
0.22159141311097313,0.0
0.22163576687660783,0.0
0.22168012064224252,0.0
0.22172447440787724,0.0
0.22176882817351193,0.0
0.22181318193914665,0.0
0.22185753570478134,0.0
0.22190188947041603,0.0
0.22194624323605075,0.0
0.22199059700168544,0.0
0.22203495076732016,0.0
0.22207930453295485,0.0
0.22212365829858954,0.0
0.22216801206422426,0.0
0.22221236582985895,0.0
0.22225671959549367,0.0
0.22230107336112837,0.0
0.22234542712676306,0.0
0.22238978089239778,0.0
0.22243413465803247,0.0
0.22247848842366716,0.0
0.22252284218930188,0.0
0.22256719595493657,0.0
0.2226115497205713,0.0
0.22265590348620598,0.0
0.22270025725184067,0.0
0.2227446110174754,0.0
0.22278896478311008,0.0
0.2228333185487448,0.0
0.2228776723143795,0.0
0.22292202608001419,0.0
0.2229663798456489,0.0
0.2230107336112836,0.0
0.22305508737691832,0.0
0.223099441142553,0.0
0.2231437949081877,0.0
0.22318814867382242,0.0
0.2232325024394571,0.0
0.22327685620509183,0.0
0.22332120997072652,0.0
0.2233655637363612,0.0
0.22340991750199593,0.0
0.22345427126763062,0.0
0.22349862503326534,0.0
0.22354297879890003,0.0
0.22358733256453472,0.0
0.22363168633016944,0.0
0.22367604009580414,0.0
0.22372039386143883,0.0
0.22376474762707355,0.0
0.22380910139270824,0.0
0.22385345515834296,0.0
0.22389780892397765,0.0
0.22394216268961234,0.0
0.22398651645524706,0.0
0.22403087022088175,0.0
0.22407522398651647,0.0
0.22411957775215116,0.0
0.22416393151778585,0.0
0.22420828528342057,0.0
0.22425263904905526,0.0
0.22429699281468998,0.0
0.22434134658032467,0.0
0.22438570034595937,0.0
0.22443005411159409,0.0
0.22447440787722878,0.0
0.2245187616428635,0.0
0.2245631154084982,0.0
0.22460746917413288,0.0
0.2246518229397676,0.0
0.2246961767054023,0.0
0.22474053047103698,0.0
0.2247848842366717,0.0
0.2248292380023064,0.0
0.2248735917679411,0.0
0.2249179455335758,0.0
0.2249622992992105,0.0
0.2250066530648452,0.0
0.2250510068304799,0.0
0.22509536059611462,0.0
0.22513971436174932,0.0
0.225184068127384,0.0
0.22522842189301873,0.0
0.22527277565865342,0.0
0.22531712942428814,0.0
0.22536148318992283,0.0
0.22540583695555752,0.0
0.22545019072119224,0.0
0.22549454448682693,0.0
0.22553889825246165,0.0
0.22558325201809634,0.0
0.22562760578373103,0.0
0.22567195954936575,0.0
0.22571631331500044,0.0
0.22576066708063514,0.0
0.22580502084626985,0.0
0.22584937461190455,0.0
0.22589372837753927,0.0
0.22593808214317396,0.0
0.22598243590880865,0.0
0.22602678967444337,0.0
0.22607114344007806,0.0
0.22611549720571278,0.0
0.22615985097134747,0.0
0.22620420473698216,0.0
0.22624855850261688,0.0
0.22629291226825157,0.0
0.2263372660338863,0.0
0.22638161979952098,0.0
0.22642597356515567,0.0
0.2264703273307904,0.0
0.22651468109642509,0.0
0.2265590348620598,0.0
0.2266033886276945,0.0
0.2266477423933292,0.0
0.2266920961589639,0.0
0.2267364499245986,0.0
0.22678080369023332,0.0
0.226825157455868,0.0
0.2268695112215027,0.0
0.22691386498713742,0.0
0.2269582187527721,0.0
0.2270025725184068,0.0
0.22704692628404152,0.0
0.22709128004967621,0.0
0.22713563381531093,0.0
0.22717998758094562,0.0
0.22722434134658032,0.0
0.22726869511221504,0.0
0.22731304887784973,0.0
0.22735740264348445,0.0
0.22740175640911914,0.0
0.22744611017475383,0.0
0.22749046394038855,0.0
0.22753481770602324,0.0
0.22757917147165796,0.0
0.22762352523729265,0.0
0.22766787900292734,0.0
0.22771223276856206,0.0
0.22775658653419675,0.0
0.22780094029983147,0.0
0.22784529406546616,0.0
0.22788964783110086,0.0
0.22793400159673557,0.0
0.22797835536237027,0.0
0.22802270912800496,0.0
0.22806706289363968,0.0
0.22811141665927437,0.0
0.2281557704249091,0.0
0.22820012419054378,0.0
0.22824447795617847,0.0
0.2282888317218132,0.0
0.22833318548744788,0.0
0.2283775392530826,0.0
0.2284218930187173,0.0
0.22846624678435198,0.0
0.2285106005499867,0.0
0.2285549543156214,0.0
0.22859930808125611,0.0
0.2286436618468908,0.0
0.2286880156125255,0.0
0.22873236937816022,0.0
0.2287767231437949,0.0
0.22882107690942963,0.0
0.22886543067506432,0.0
0.228909784440699,0.0
0.22895413820633373,0.0
0.22899849197196842,0.0
0.2290428457376031,0.0
0.22908719950323783,0.0
0.22913155326887252,0.0
0.22917590703450724,0.0
0.22922026080014193,0.0
0.22926461456577663,0.0
0.22930896833141134,0.0
0.22935332209704604,0.0
0.22939767586268076,0.0
0.22944202962831545,0.0
0.22948638339395014,0.0
0.22953073715958486,0.0
0.22957509092521955,0.0
0.22961944469085427,0.0
0.22966379845648896,0.0
0.22970815222212365,0.0
0.22975250598775837,0.0
0.22979685975339306,0.0
0.22984121351902778,0.0
0.22988556728466247,0.0
0.22992992105029716,0.0
0.22997427481593188,0.0
0.23001862858156658,0.0
0.2300629823472013,0.0
0.230107336112836,0.0
0.23015168987847068,0.0
0.2301960436441054,0.0
0.2302403974097401,0.0
0.23028475117537478,0.0
0.2303291049410095,0.0
0.2303734587066442,0.0
0.2304178124722789,0.0
0.2304621662379136,0.0
0.2305065200035483,0.0
0.230550873769183,0.0
0.2305952275348177,0.0
0.23063958130045242,0.0
0.23068393506608711,0.0
0.2307282888317218,0.0
0.23077264259735653,0.0
0.23081699636299122,0.0
0.23086135012862594,0.0
0.23090570389426063,0.0
0.23095005765989532,0.0
0.23099441142553004,0.0
0.23103876519116473,0.0
0.23108311895679945,0.0
0.23112747272243414,0.0
0.23117182648806883,0.0
0.23121618025370355,0.0
0.23126053401933824,0.0
0.23130488778497293,0.0
0.23134924155060765,0.0
0.23139359531624235,0.0
0.23143794908187706,0.0
0.23148230284751176,0.0
0.23152665661314645,0.0
0.23157101037878117,0.0
0.23161536414441586,0.0
0.23165971791005058,0.0
0.23170407167568527,0.0
0.23174842544131996,0.0
0.23179277920695468,0.0
0.23183713297258937,0.0
0.2318814867382241,0.0
0.23192584050385878,0.0
0.23197019426949347,0.0
0.2320145480351282,0.0
0.23205890180076288,0.0
0.2321032555663976,0.0
0.2321476093320323,0.0
0.232191963097667,0.0
0.2322363168633017,0.0
0.2322806706289364,0.0
0.2323250243945711,0.0
0.2323693781602058,0.0
0.2324137319258405,0.0
0.23245808569147522,0.0
0.2325024394571099,0.0
0.2325467932227446,0.0
0.23259114698837932,0.0
0.232635500754014,0.0
0.23267985451964873,0.0
0.23272420828528342,0.0
0.23276856205091812,0.0
0.23281291581655283,0.0
0.23285726958218753,0.0
0.23290162334782225,0.0
0.23294597711345694,0.0
0.23299033087909163,0.0
0.23303468464472635,0.0
0.23307903841036104,0.0
0.23312339217599576,0.0
0.23316774594163045,0.0
0.23321209970726514,0.0
0.23325645347289986,0.0
0.23330080723853455,0.0
0.23334516100416927,0.0
0.23338951476980396,0.0
0.23343386853543865,0.0
0.23347822230107337,0.0
0.23352257606670807,0.0
0.23356692983234276,0.0
0.23361128359797748,0.0
0.23365563736361217,0.0
0.2336999911292469,0.0
0.23374434489488158,0.0
0.23378869866051627,0.0
0.233833052426151,0.0
0.23387740619178568,0.0
0.2339217599574204,0.0
0.2339661137230551,0.0
0.23401046748868978,0.0
0.2340548212543245,0.0
0.2340991750199592,0.0
0.2341435287855939,0.0
0.2341878825512286,0.0
0.2342322363168633,0.0
0.23427659008249802,0.0
0.2343209438481327,0.0
0.23436529761376743,0.0
0.23440965137940212,0.0
0.2344540051450368,0.0
0.23449835891067153,0.0
0.23454271267630622,0.0
0.2345870664419409,0.0
0.23463142020757563,0.0
0.23467577397321032,0.0
0.23472012773884504,0.0
0.23476448150447973,0.0
0.23480883527011442,0.0
0.23485318903574914,0.0
0.23489754280138384,0.0
0.23494189656701855,0.0
0.23498625033265325,0.0
0.23503060409828794,0.0
0.23507495786392266,0.0
0.23511931162955735,0.0
0.23516366539519207,0.0
0.23520801916082676,0.0
0.23525237292646145,0.0
0.23529672669209617,0.0
0.23534108045773086,0.0
0.23538543422336558,0.0
0.23542978798900027,0.0
0.23547414175463496,0.0
0.23551849552026968,0.0
0.23556284928590437,0.0
0.23560720305153907,0.0
0.23565155681717379,0.0
0.23569591058280848,0.0
0.2357402643484432,0.0
0.2357846181140779,0.0
0.23582897187971258,0.0
0.2358733256453473,0.0
0.235917679410982,0.0
0.2359620331766167,0.0
0.2360063869422514,0.0
0.2360507407078861,0.0
0.2360950944735208,0.0
0.2361394482391555,0.0
0.23618380200479022,0.0
0.2362281557704249,0.0
0.2362725095360596,0.0
0.23631686330169432,0.0
0.23636121706732902,0.0
0.23640557083296374,0.0
0.23644992459859843,0.0
0.23649427836423312,0.0
0.23653863212986784,0.0
0.23658298589550253,0.0
0.23662733966113722,0.0
0.23667169342677194,0.0
0.23671604719240663,0.0
0.23676040095804135,0.0
0.23680475472367604,0.0
0.23684910848931073,0.0
0.23689346225494545,0.0
0.23693781602058014,0.0
0.23698216978621486,0.0
0.23702652355184956,0.0
0.23707087731748425,0.0
0.23711523108311897,0.0
0.23715958484875366,0.0
0.23720393861438838,0.0
0.23724829238002307,0.0
0.23729264614565776,0.0
0.23733699991129248,0.0
0.23738135367692717,0.0
0.2374257074425619,0.0
0.23747006120819658,0.0
0.23751441497383127,0.0
0.237558768739466,0.0
0.23760312250510068,0.0
0.2376474762707354,0.0
0.2376918300363701,0.0
0.23773618380200479,0.0
0.2377805375676395,0.0
0.2378248913332742,0.0
0.2378692450989089,0.0
0.2379135988645436,0.0
0.2379579526301783,0.0
0.23800230639581302,0.0
0.2380466601614477,0.0
0.2380910139270824,0.0
0.23813536769271712,0.0
0.2381797214583518,0.0
0.23822407522398653,0.0
0.23826842898962122,0.0
0.23831278275525591,0.0
0.23835713652089063,0.0
0.23840149028652532,0.0
0.23844584405216004,0.0
0.23849019781779474,0.0
0.23853455158342943,0.0
0.23857890534906415,0.0
0.23862325911469884,0.0
0.23866761288033356,0.0
0.23871196664596825,0.0
0.23875632041160294,0.0
0.23880067417723766,0.0
0.23884502794287235,0.0
0.23888938170850704,0.0
0.23893373547414176,0.0
0.23897808923977645,0.0
0.23902244300541117,0.0
0.23906679677104586,0.0
0.23911115053668056,0.0
0.23915550430231527,0.0
0.23919985806794997,0.0
0.23924421183358469,0.0
0.23928856559921938,0.0
0.23933291936485407,0.0
0.2393772731304888,0.0
0.23942162689612348,0.0
0.2394659806617582,0.0
0.2395103344273929,0.0
0.23955468819302758,0.0
0.2395990419586623,0.0
0.239643395724297,0.0
0.2396877494899317,0.0
0.2397321032555664,0.0
0.2397764570212011,0.0
0.23982081078683581,0.0
0.2398651645524705,0.0
0.2399095183181052,0.0
0.23995387208373992,0.0
0.2399982258493746,0.0
0.24004257961500933,0.0
0.24008693338064402,0.0
0.2401312871462787,0.0
0.24017564091191343,0.0
0.24021999467754812,0.0
0.24026434844318284,0.0
0.24030870220881753,0.0
0.24035305597445222,0.0
0.24039740974008694,0.0
0.24044176350572163,0.0
0.24048611727135635,0.0
0.24053047103699104,0.0
0.24057482480262574,0.0
0.24061917856826046,0.0
0.24066353233389515,0.0
0.24070788609952987,0.0
0.24075223986516456,0.0
0.24079659363079925,0.0
0.24084094739643397,0.0
0.24088530116206866,0.0
0.24092965492770338,0.0
0.24097400869333807,0.0
0.24101836245897276,0.0
0.24106271622460748,0.0
0.24110706999024217,0.0
0.24115142375587686,0.0
0.24119577752151158,0.0
0.24124013128714628,0.0
0.241284485052781,0.0
0.2413288388184157,0.0
0.24137319258405038,0.0
0.2414175463496851,0.0
0.2414619001153198,0.0
0.2415062538809545,0.0
0.2415506076465892,0.0
0.2415949614122239,0.0
0.2416393151778586,0.0
0.2416836689434933,0.0
0.24172802270912802,0.0
0.2417723764747627,0.0
0.2418167302403974,0.0
0.24186108400603212,0.0
0.24190543777166681,0.0
0.24194979153730153,0.0
0.24199414530293623,0.0
0.24203849906857092,0.0
0.24208285283420564,0.0
0.24212720659984033,0.0
0.24217156036547502,0.0
0.24221591413110974,0.0
0.24226026789674443,0.0
0.24230462166237915,0.0
0.24234897542801384,0.0
0.24239332919364853,0.0
0.24243768295928325,0.0
0.24248203672491794,0.0
0.24252639049055266,0.0
0.24257074425618735,0.0
0.24261509802182205,0.0
0.24265945178745676,0.0
0.24270380555309146,0.0
0.24274815931872618,0.0
0.24279251308436087,0.0
0.24283686684999556,0.0
0.24288122061563028,0.0
0.24292557438126497,0.0
0.2429699281468997,0.0
0.24301428191253438,0.0
0.24305863567816907,0.0
0.2431029894438038,0.0
0.24314734320943848,0.0
0.24319169697507317,0.0
0.2432360507407079,0.0
0.24328040450634258,0.0
0.2433247582719773,0.0
0.243369112037612,0.0
0.2434134658032467,0.0
0.2434578195688814,0.0
0.2435021733345161,0.0
0.24354652710015082,0.0
0.2435908808657855,0.0
0.2436352346314202,0.0
0.24367958839705492,0.0
0.2437239421626896,0.0
0.24376829592832433,0.0
0.24381264969395902,0.0
0.2438570034595937,0.0
0.24390135722522843,0.0
0.24394571099086312,0.0
0.24399006475649784,0.0
0.24403441852213253,0.0
0.24407877228776723,0.0
0.24412312605340195,0.0
0.24416747981903664,0.0
0.24421183358467136,0.0
0.24425618735030605,0.0
0.24430054111594074,0.0
0.24434489488157546,0.0
0.24438924864721015,0.0
0.24443360241284484,0.0
0.24447795617847956,0.0
0.24452230994411425,0.0
0.24456666370974897,0.0
0.24461101747538366,0.0
0.24465537124101835,0.0
0.24469972500665307,0.0
0.24474407877228777,0.0
0.24478843253792248,0.0
0.24483278630355718,0.0
0.24487714006919187,0.0
0.2449214938348266,0.0
0.24496584760046128,0.0
0.245010201366096,0.0
0.2450545551317307,0.0
0.24509890889736538,0.0
0.2451432626630001,0.0
0.2451876164286348,0.0
0.2452319701942695,0.0
0.2452763239599042,0.0
0.2453206777255389,0.0
0.2453650314911736,0.0
0.2454093852568083,0.0
0.245453739022443,0.0
0.24549809278807772,0.0
0.2455424465537124,0.0
0.24558680031934713,0.0
0.24563115408498182,0.0
0.2456755078506165,0.0
0.24571986161625123,0.0
0.24576421538188592,0.0
0.24580856914752064,0.0
0.24585292291315533,0.0
0.24589727667879002,0.0
0.24594163044442474,0.0
0.24598598421005943,0.0
0.24603033797569415,0.0
0.24607469174132884,0.0
0.24611904550696354,0.0
0.24616339927259825,0.0
0.24620775303823295,0.0
0.24625210680386767,0.0
0.24629646056950236,0.0
0.24634081433513705,0.0
0.24638516810077177,0.0
0.24642952186640646,0.0
0.24647387563204115,0.0
0.24651822939767587,0.0
0.24656258316331056,0.0
0.24660693692894528,0.0
0.24665129069457997,0.0
0.24669564446021466,0.0
0.24673999822584938,0.0
0.24678435199148407,0.0
0.2468287057571188,0.0
0.24687305952275349,0.0
0.24691741328838818,0.0
0.2469617670540229,0.0
0.2470061208196576,0.0
0.2470504745852923,0.0
0.247094828350927,0.0
0.2471391821165617,0.0
0.2471835358821964,0.0
0.2472278896478311,0.0
0.24727224341346582,0.0
0.2473165971791005,0.0
0.2473609509447352,0.0
0.24740530471036992,0.0
0.2474496584760046,0.0
0.2474940122416393,0.0
0.24753836600727402,0.0
0.24758271977290872,0.0
0.24762707353854344,0.0
0.24767142730417813,0.0
0.24771578106981282,0.0
0.24776013483544754,0.0
0.24780448860108223,0.0
0.24784884236671695,0.0
0.24789319613235164,0.0
0.24793754989798633,0.0
0.24798190366362105,0.0
0.24802625742925574,0.0
0.24807061119489046,0.0
0.24811496496052515,0.0
0.24815931872615984,0.0
0.24820367249179456,0.0
0.24824802625742926,0.0
0.24829238002306397,0.0
0.24833673378869867,0.0
0.24838108755433336,0.0
0.24842544131996808,0.0
0.24846979508560277,0.0
0.2485141488512375,0.0
0.24855850261687218,0.0
0.24860285638250687,0.0
0.2486472101481416,0.0
0.24869156391377628,0.0
0.24873591767941097,0.0
0.2487802714450457,0.0
0.24882462521068038,0.0
0.2488689789763151,0.0
0.2489133327419498,0.0
0.24895768650758449,0.0
0.2490020402732192,0.0
0.2490463940388539,0.0
0.24909074780448862,0.0
0.2491351015701233,0.0
0.249179455335758,0.0
0.24922380910139272,0.0
0.2492681628670274,0.0
0.24931251663266213,0.0
0.24935687039829682,0.0
0.2494012241639315,0.0
0.24944557792956623,0.0
0.24948993169520092,0.0
0.24953428546083564,0.0
0.24957863922647033,0.0
0.24962299299210503,0.0
0.24966734675773974,0.0
0.24971170052337444,0.0
0.24975605428900913,0.0
0.24980040805464385,0.0
0.24984476182027854,0.0
0.24988911558591326,0.0
0.24993346935154795,0.0
0.24997782311718264,0.0
0.25002217688281736,0.0
0.2500665306484521,0.0
0.25011088441408674,0.0
0.25015523817972146,0.0
0.2501995919453562,0.0
0.25024394571099084,0.0
0.25028829947662556,0.0
0.2503326532422603,0.0
0.25037700700789495,0.0
0.25042136077352967,0.0
0.2504657145391644,0.0
0.2505100683047991,0.0
0.25055442207043377,0.0
0.2505987758360685,0.0
0.2506431296017032,0.0
0.25068748336733787,0.0
0.2507318371329726,0.0
0.2507761908986073,0.0
0.250820544664242,0.0
0.2508648984298767,0.0
0.2509092521955114,0.0
0.25095360596114613,0.0
0.2509979597267808,0.0
0.2510423134924155,0.0
0.25108666725805023,0.0
0.2511310210236849,0.0
0.2511753747893196,0.0
0.25121972855495434,0.0
0.251264082320589,0.0
0.2513084360862237,0.0
0.25135278985185844,0.0
0.2513971436174931,0.0
0.2514414973831278,0.0
0.25148585114876254,0.0
0.25153020491439726,0.0
0.2515745586800319,0.0
0.25161891244566664,0.0
0.25166326621130136,0.0
0.251707619976936,0.0
0.25175197374257074,0.0
0.25179632750820546,0.0
0.25184068127384013,0.0
0.25188503503947485,0.0
0.25192938880510957,0.0
0.2519737425707443,0.0
0.25201809633637895,0.0
0.25206245010201367,0.0
0.2521068038676484,0.0
0.25215115763328305,0.0
0.25219551139891777,0.0
0.2522398651645525,0.0
0.25228421893018715,0.0
0.2523285726958219,0.0
0.2523729264614566,0.0
0.25241728022709126,0.0
0.252461633992726,0.0
0.2525059877583607,0.0
0.2525503415239954,0.0
0.2525946952896301,0.0
0.2526390490552648,0.0
0.2526834028208995,0.0
0.2527277565865342,0.0
0.2527721103521689,0.0
0.2528164641178036,0.0
0.2528608178834383,0.0
0.252905171649073,0.0
0.2529495254147077,0.0
0.25299387918034244,0.0
0.2530382329459771,0.0
0.2530825867116118,0.0
0.25312694047724654,0.0
0.2531712942428812,0.0
0.2532156480085159,0.0
0.25326000177415064,0.0
0.2533043555397853,0.0
0.25334870930542003,0.0
0.25339306307105475,0.0
0.25343741683668947,0.0
0.25348177060232413,0.0
0.25352612436795885,0.0
0.25357047813359357,0.0
0.25361483189922823,0.0
0.25365918566486295,0.0
0.25370353943049767,0.0
0.25374789319613233,0.0
0.25379224696176705,0.0
0.2538366007274018,0.0
0.25388095449303644,0.0
0.25392530825867116,0.0
0.2539696620243059,0.0
0.2540140157899406,0.0
0.25405836955557526,0.0
0.25410272332121,0.0
0.2541470770868447,0.0
0.25419143085247936,0.0
0.2542357846181141,0.0
0.2542801383837488,0.0
0.25432449214938346,0.0
0.2543688459150182,0.0
0.2544131996806529,0.0
0.2544575534462876,0.0
0.2545019072119223,0.0
0.254546260977557,0.0
0.2545906147431917,0.0
0.2546349685088264,0.0
0.2546793222744611,0.0
0.2547236760400958,0.0
0.2547680298057305,0.0
0.2548123835713652,0.0
0.25485673733699993,0.0
0.2549010911026346,0.0
0.2549454448682693,0.0
0.25498979863390403,0.0
0.25503415239953875,0.0
0.2550785061651734,0.0
0.25512285993080813,0.0
0.25516721369644285,0.0
0.2552115674620775,0.0
0.25525592122771223,0.0
0.25530027499334695,0.0
0.2553446287589816,0.0
0.25538898252461634,0.0
0.25543333629025106,0.0
0.2554776900558858,0.0
0.25552204382152044,0.0
0.25556639758715516,0.0
0.2556107513527899,0.0
0.25565510511842454,0.0
0.25569945888405926,0.0
0.255743812649694,0.0
0.25578816641532864,0.0
0.25583252018096336,0.0
0.2558768739465981,0.0
0.25592122771223275,0.0
0.25596558147786747,0.0
0.2560099352435022,0.0
0.2560542890091369,0.0
0.25609864277477157,0.0
0.2561429965404063,0.0
0.256187350306041,0.0
0.25623170407167567,0.0
0.2562760578373104,0.0
0.2563204116029451,0.0
0.2563647653685798,0.0
0.2564091191342145,0.0
0.2564534728998492,0.0
0.25649782666548393,0.0
0.2565421804311186,0.0
0.2565865341967533,0.0
0.25663088796238803,0.0
0.2566752417280227,0.0
0.2567195954936574,0.0
0.25676394925929213,0.0
0.2568083030249268,0.0
0.2568526567905615,0.0
0.25689701055619624,0.0
0.2569413643218309,0.0
0.2569857180874656,0.0
0.25703007185310034,0.0
0.25707442561873506,0.0
0.2571187793843697,0.0
0.25716313315000444,0.0
0.25720748691563916,0.0
0.2572518406812738,0.0
0.25729619444690854,0.0
0.25734054821254326,0.0
0.2573849019781779,0.0
0.25742925574381265,0.0
0.25747360950944737,0.0
0.2575179632750821,0.0
0.25756231704071675,0.0
0.25760667080635147,0.0
0.2576510245719862,0.0
0.25769537833762085,0.0
0.25773973210325557,0.0
0.2577840858688903,0.0
0.25782843963452495,0.0
0.25787279340015967,0.0
0.2579171471657944,0.0
0.25796150093142906,0.0
0.2580058546970638,0.0
0.2580502084626985,0.0
0.2580945622283332,0.0
0.2581389159939679,0.0
0.2581832697596026,0.0
0.2582276235252373,0.0
0.258271977290872,0.0
0.2583163310565067,0.0
0.2583606848221414,0.0
0.2584050385877761,0.0
0.2584493923534108,0.0
0.2584937461190455,0.0
0.25853809988468024,0.0
0.2585824536503149,0.0
0.2586268074159496,0.0
0.25867116118158434,0.0
0.258715514947219,0.0
0.2587598687128537,0.0
0.25880422247848844,0.0
0.2588485762441231,0.0
0.2588929300097578,0.0
0.25893728377539255,0.0
0.2589816375410272,0.0
0.25902599130666193,0.0
0.25907034507229665,0.0
0.25911469883793137,0.0
0.25915905260356603,0.0
0.25920340636920075,0.0
0.25924776013483547,0.0
0.25929211390047013,0.0
0.25933646766610485,0.0
0.25938082143173957,0.0
0.25942517519737424,0.0
0.25946952896300896,0.0
0.2595138827286437,0.0
0.2595582364942784,0.0
0.25960259025991306,0.0
0.2596469440255478,0.0
0.2596912977911825,0.0
0.25973565155681716,0.0
0.2597800053224519,0.0
0.2598243590880866,0.0
0.25986871285372126,0.0
0.259913066619356,0.0
0.2599574203849907,0.0
0.26000177415062536,0.0
0.2600461279162601,0.0
0.2600904816818948,0.0
0.2601348354475295,0.0
0.2601791892131642,0.0
0.2602235429787989,0.0
0.2602678967444336,0.0
0.2603122505100683,0.0
0.260356604275703,0.0
0.2604009580413377,0.0
0.2604453118069724,0.0
0.2604896655726071,0.0
0.26053401933824183,0.0
0.26057837310387655,0.0
0.2606227268695112,0.0
0.26066708063514593,0.0
0.26071143440078065,0.0
0.2607557881664153,0.0
0.26080014193205003,0.0
0.26084449569768475,0.0
0.2608888494633194,0.0
0.26093320322895414,0.0
0.26097755699458886,0.0
0.2610219107602236,0.0
0.26106626452585824,0.0
0.26111061829149296,0.0
0.2611549720571277,0.0
0.26119932582276234,0.0
0.26124367958839706,0.0
0.2612880333540318,0.0
0.26133238711966644,0.0
0.26137674088530116,0.0
0.2614210946509359,0.0
0.26146544841657055,0.0
0.26150980218220526,0.0
0.26155415594784,0.0
0.2615985097134747,0.0
0.26164286347910937,0.0
0.2616872172447441,0.0
0.2617315710103788,0.0
0.26177592477601347,0.0
0.2618202785416482,0.0
0.2618646323072829,0.0
0.26190898607291757,0.0
0.2619533398385523,0.0
0.261997693604187,0.0
0.26204204736982173,0.0
0.2620864011354564,0.0
0.2621307549010911,0.0
0.26217510866672583,0.0
0.2622194624323605,0.0
0.2622638161979952,0.0
0.26230816996362993,0.0
0.2623525237292646,0.0
0.2623968774948993,0.0
0.26244123126053404,0.0
0.2624855850261687,0.0
0.2625299387918034,0.0
0.26257429255743814,0.0
0.26261864632307286,0.0
0.2626630000887075,0.0
0.26270735385434224,0.0
0.26275170761997696,0.0
0.2627960613856116,0.0
0.26284041515124634,0.0
0.26288476891688106,0.0
0.2629291226825157,0.0
0.26297347644815044,0.0
0.26301783021378516,0.0
0.2630621839794199,0.0
0.26310653774505455,0.0
0.26315089151068927,0.0
0.263195245276324,0.0
0.26323959904195865,0.0
0.26328395280759337,0.0
0.2633283065732281,0.0
0.26337266033886275,0.0
0.26341701410449747,0.0
0.2634613678701322,0.0
0.26350572163576685,0.0
0.2635500754014016,0.0
0.2635944291670363,0.0
0.263638782932671,0.0
0.2636831366983057,0.0
0.2637274904639404,0.0
0.2637718442295751,0.0
0.2638161979952098,0.0
0.2638605517608445,0.0
0.2639049055264792,0.0
0.2639492592921139,0.0
0.2639936130577486,0.0
0.2640379668233833,0.0
0.26408232058901804,0.0
0.2641266743546527,0.0
0.2641710281202874,0.0
0.26421538188592214,0.0
0.2642597356515568,0.0
0.2643040894171915,0.0
0.26434844318282624,0.0
0.2643927969484609,0.0
0.2644371507140956,0.0
0.26448150447973034,0.0
0.264525858245365,0.0
0.26457021201099973,0.0
0.26461456577663445,0.0
0.26465891954226917,0.0
0.26470327330790383,0.0
0.26474762707353855,0.0
0.26479198083917327,0.0
0.26483633460480793,0.0
0.26488068837044265,0.0
0.26492504213607737,0.0
0.26496939590171203,0.0
0.26501374966734675,0.0
0.2650581034329815,0.0
0.2651024571986162,0.0
0.26514681096425086,0.0
0.2651911647298856,0.0
0.2652355184955203,0.0
0.26527987226115496,0.0
0.2653242260267897,0.0
0.2653685797924244,0.0
0.26541293355805906,0.0
0.2654572873236938,0.0
0.2655016410893285,0.0
0.26554599485496316,0.0
0.2655903486205979,0.0
0.2656347023862326,0.0
0.2656790561518673,0.0
0.265723409917502,0.0
0.2657677636831367,0.0
0.2658121174487714,0.0
0.2658564712144061,0.0
0.2659008249800408,0.0
0.2659451787456755,0.0
0.2659895325113102,0.0
0.2660338862769449,0.0
0.26607824004257963,0.0
0.26612259380821435,0.0
0.266166947573849,0.0
0.26621130133948373,0.0
0.26625565510511845,0.0
0.2663000088707531,0.0
0.26634436263638783,0.0
0.26638871640202255,0.0
0.2664330701676572,0.0
0.26647742393329193,0.0
0.26652177769892665,0.0
0.2665661314645613,0.0
0.26661048523019604,0.0
0.26665483899583076,0.0
0.2666991927614655,0.0
0.26674354652710014,0.0
0.26678790029273486,0.0
0.2668322540583696,0.0
0.26687660782400424,0.0
0.26692096158963896,0.0
0.2669653153552737,0.0
0.26700966912090834,0.0
0.26705402288654306,0.0
0.2670983766521778,0.0
0.2671427304178125,0.0
0.26718708418344717,0.0
0.2672314379490819,0.0
0.2672757917147166,0.0
0.26732014548035127,0.0
0.267364499245986,0.0
0.2674088530116207,0.0
0.26745320677725537,0.0
0.2674975605428901,0.0
0.2675419143085248,0.0
0.26758626807415953,0.0
0.2676306218397942,0.0
0.2676749756054289,0.0
0.26771932937106363,0.0
0.2677636831366983,0.0
0.267808036902333,0.0
0.26785239066796773,0.0
0.2678967444336024,0.0
0.2679410981992371,0.0
0.26798545196487183,0.0
0.2680298057305065,0.0
0.2680741594961412,0.0
0.26811851326177594,0.0
0.26816286702741066,0.0
0.2682072207930453,0.0
0.26825157455868004,0.0
0.26829592832431476,0.0
0.2683402820899494,0.0
0.26838463585558414,0.0
0.26842898962121886,0.0
0.2684733433868535,0.0
0.26851769715248824,0.0
0.26856205091812296,0.0
0.2686064046837577,0.0
0.26865075844939235,0.0
0.26869511221502707,0.0
0.2687394659806618,0.0
0.26878381974629645,0.0
0.26882817351193117,0.0
0.2688725272775659,0.0
0.26891688104320055,0.0
0.26896123480883527,0.0
0.26900558857447,0.0
0.26904994234010465,0.0
0.2690942961057394,0.0
0.2691386498713741,0.0
0.2691830036370088,0.0
0.2692273574026435,0.0
0.2692717111682782,0.0
0.2693160649339129,0.0
0.2693604186995476,0.0
0.2694047724651823,0.0
0.269449126230817,0.0
0.2694934799964517,0.0
0.2695378337620864,0.0
0.2695821875277211,0.0
0.26962654129335584,0.0
0.2696708950589905,0.0
0.2697152488246252,0.0
0.26975960259025994,0.0
0.2698039563558946,0.0
0.2698483101215293,0.0
0.26989266388716404,0.0
0.2699370176527987,0.0
0.2699813714184334,0.0
0.27002572518406814,0.0
0.2700700789497028,0.0
0.2701144327153375,0.0
0.27015878648097225,0.0
0.27020314024660697,0.0
0.27024749401224163,0.0
0.27029184777787635,0.0
0.27033620154351107,0.0
0.27038055530914573,0.0
0.27042490907478045,0.0
0.27046926284041517,0.0
0.27051361660604983,0.0
0.27055797037168455,0.0
0.2706023241373193,0.0
0.270646677902954,0.0
0.27069103166858866,0.0
0.2707353854342234,0.0
0.2707797391998581,2.653461626433997e-08
0.27082409296549276,5.970288659476493e-08
0.2708684467311275,9.28711569251899e-08
0.2709128004967622,1.2603942725561485e-07
0.27095715426239686,1.592076975860398e-07
0.2710015080280316,1.9237596791646476e-07
0.2710458617936663,2.255442382468897e-07
0.27109021555930096,2.9188077890773965e-07
0.2711345693249357,3.6816780066771703e-07
0.2711789230905704,4.444548224276944e-07
0.2712232768562051,5.273754982537569e-07
0.2712676306218398,6.102961740798192e-07
0.2713119843874745,6.932168499058816e-07
0.2713563381531092,7.761375257319441e-07
0.2714006919187439,8.590582015580064e-07
0.2714450456843786,9.419788773840688e-07
0.2714893994500133,1.0248995532101312e-06
0.271533753215648,1.1078202290361937e-06
0.2715781069812827,1.190740904862256e-06
0.2716224607469174,1.2736615806883184e-06
0.27166681451255215,1.356582256514381e-06
0.2717111682781868,1.4395029323404433e-06
0.27175552204382153,1.5224236081665056e-06
0.27179987580945625,1.6053442839925682e-06
0.2718442295750909,1.6882649598186305e-06
0.27188858334072563,1.7711856356446928e-06
0.27193293710636035,1.8541063114707554e-06
0.271977290871995,1.9370269872968177e-06
0.27202164463762973,2.01994766312288e-06
0.27206599840326445,2.1028683389489424e-06
0.2721103521688991,2.1857890147750047e-06
0.27215470593453384,2.2687096906010675e-06
0.27219905970016856,2.35163036642713e-06
0.2722434134658033,2.434551042253192e-06
0.27228776723143794,2.5174717180792545e-06
0.27233212099707266,2.600392393905317e-06
0.2723764747627074,2.683313069731379e-06
0.27242082852834204,2.766233745557442e-06
0.27246518229397676,2.8491544213835042e-06
0.2725095360596115,2.9320750972095666e-06
0.27255388982524614,3.014995773035629e-06
0.27259824359088086,3.0979164488616912e-06
0.2726425973565156,3.1808371246877536e-06
0.2726869511221503,3.2637578005138163e-06
0.27273130488778496,3.3466784763398787e-06
0.2727756586534197,3.429599152165941e-06
0.2728200124190544,3.5125198279920033e-06
0.27286436618468907,3.5954405038180657e-06
0.2729087199503238,3.678361179644128e-06
0.2729530737159585,3.7612818554701908e-06
0.27299742748159317,3.844202531296253e-06
0.2730417812472279,3.927123207122315e-06
0.2730861350128626,4.010043882948378e-06
0.27313048877849727,4.0929645587744405e-06
0.273174842544132,4.175885234600503e-06
0.2732191963097667,4.258805910426565e-06
0.27326355007540143,4.3417265862526275e-06
0.2733079038410361,4.42464726207869e-06
0.2733522576066708,4.507567937904752e-06
0.27339661137230553,4.5904886137308145e-06
0.2734409651379402,4.673409289556877e-06
0.2734853189035749,4.756329965382939e-06
0.27352967266920963,4.8392506412090015e-06
0.2735740264348443,4.922171317035064e-06
0.273618380200479,5.005091992861127e-06
0.27366273396611374,5.088012668687189e-06
0.27370708773174846,5.170933344513252e-06
0.2737514414973831,5.270438155504527e-06
0.27379579526301784,5.369942966495802e-06
0.27384014902865256,5.469447777487077e-06
0.2738845027942872,5.568952588478352e-06
0.27392885655992194,5.6684573994696274e-06
0.27397321032555666,5.767962210460902e-06
0.2740175640911913,5.867467021452177e-06
0.27406191785682604,5.966971832443452e-06
0.27410627162246076,6.066476643434727e-06
0.2741506253880954,6.175931935525129e-06
0.27419497915373015,6.298654535747702e-06
0.27423933291936486,6.424693963003317e-06
0.2742836866849996,6.554050217291974e-06
0.27432804045063425,6.686723298613673e-06
0.27437239421626897,6.822713206968416e-06
0.2744167479819037,6.962019942356201e-06
0.27446110174753835,7.104643504777028e-06
0.27450545551317307,7.25390072126394e-06
0.2745498092788078,7.403157937750852e-06
0.27459416304444245,7.568999289402978e-06
0.27463851681007717,7.734840641055102e-06
0.2746828705757119,7.900681992707227e-06
0.2747272243413466,8.066523344359352e-06
0.2747715781069813,8.232364696011476e-06
0.274815931872616,8.398206047663601e-06
0.2748602856382507,8.564047399315726e-06
0.2749046394038854,8.72988875096785e-06
0.2749489931695201,8.895730102619975e-06
0.2749933469351548,9.061571454272101e-06
0.2750377007007895,9.227412805924226e-06
0.2750820544664242,9.39325415757635e-06
0.2751264082320589,9.559095509228475e-06
0.27517076199769364,9.7249368608806e-06
0.2752151157633283,9.890778212532725e-06
0.275259469528963,1.005661956418485e-05
0.27530382329459774,1.0222460915836974e-05
0.2753481770602324,1.0388302267489099e-05
0.2753925308258671,1.0554143619141224e-05
0.27543688459150184,1.071998497079335e-05
0.2754812383571365,1.0885826322445475e-05
0.2755255921227712,1.10516676740976e-05
0.27556994588840594,1.1217509025749724e-05
0.2756142996540406,1.1383350377401849e-05
0.2756586534196753,1.1549191729053973e-05
0.27570300718531005,1.17150330807061e-05
0.27574736095094476,1.1880874432358224e-05
0.27579171471657943,1.2046715784010349e-05
0.27583606848221415,1.2212557135662474e-05
0.27588042224784887,1.2378398487314598e-05
0.27592477601348353,1.2544239838966723e-05
0.27596912977911825,1.2710081190618848e-05
0.27601348354475297,1.2875922542270972e-05
0.27605783731038763,1.3041763893923097e-05
0.27610219107602235,1.3207605245575222e-05
0.27614654484165707,1.3373446597227346e-05
0.2761908986072918,1.3539287948879471e-05
0.27623525237292645,1.3705129300531597e-05
0.2762796061385612,1.3870970652183722e-05
0.2763239599041959,1.4036812003835847e-05
0.27636831366983056,1.4202653355487971e-05
0.2764126674354653,1.4368494707140096e-05
0.2764570212011,1.453433605879222e-05
0.27650137496673466,1.4700177410444345e-05
0.2765457287323694,1.486601876209647e-05
0.2765900824980041,1.5031860113748595e-05
0.27663443626363876,1.519770146540072e-05
0.2766787900292735,1.5363542817052844e-05
0.2767231437949082,1.552938416870497e-05
0.2767674975605429,1.5695225520357093e-05
0.2768118513261776,1.5861066872009218e-05
0.2768562050918123,1.6026908223661343e-05
0.276900558857447,1.6192749575313467e-05
0.2769449126230817,1.6358590926965592e-05
0.2769892663887164,1.6524432278617717e-05
0.2770336201543511,1.6690273630269845e-05
0.2770779739199858,1.685611498192197e-05
0.2771223276856205,1.7021956333574094e-05
0.2771666814512552,1.718779768522622e-05
0.27721103521688994,1.7353639036878343e-05
0.2772553889825246,1.7519480388530468e-05
0.27729974274815933,1.7685321740182593e-05
0.27734409651379405,1.7851163091834717e-05
0.2773884502794287,1.8017004443486842e-05
0.27743280404506343,1.8182845795138967e-05
0.27747715781069815,1.834868714679109e-05
0.2775215115763328,1.8514528498443216e-05
0.27756586534196753,1.868036985009534e-05
0.27761021910760225,1.8846211201747465e-05
0.2776545728732369,1.901205255339959e-05
0.27769892663887163,1.9177893905051715e-05
0.27774328040450635,1.934373525670384e-05
0.2777876341701411,1.9509576608355964e-05
0.27783198793577574,1.967541796000809e-05
0.27787634170141046,1.9841259311660213e-05
0.2779206954670452,2.0007100663312338e-05
0.27796504923267984,2.0172942014964463e-05
0.27800940299831456,2.0338783366616587e-05
0.2780537567639493,2.0504624718268712e-05
0.27809811052958394,2.0670466069920837e-05
0.27814246429521866,2.0836307421572965e-05
0.2781868180608534,2.100214877322509e-05
0.2782311718264881,2.1167990124877214e-05
0.27827552559212276,2.133383147652934e-05
0.2783198793577575,2.1499672828181464e-05
0.2783642331233922,2.1665514179833588e-05
0.27840858688902687,2.1831355531485713e-05
0.2784529406546616,2.1997196883137838e-05
0.2784972944202963,2.2163038234789962e-05
0.27854164818593097,2.2328879586442087e-05
0.2785860019515657,2.249472093809421e-05
0.2786303557172004,2.2660562289746336e-05
0.27867470948283507,2.282640364139846e-05
0.2787190632484698,2.2992244993050586e-05
0.2787634170141045,2.315808634470271e-05
0.27880777077973923,2.3323927696354835e-05
0.2788521245453739,2.348976904800696e-05
0.2788964783110086,2.3655610399659084e-05
0.27894083207664333,2.382145175131121e-05
0.278985185842278,2.3987293102963334e-05
0.2790295396079127,2.4153134454615458e-05
0.27907389337354743,2.4318975806267583e-05
0.2791182471391821,2.4484817157919708e-05
0.2791626009048168,2.4650658509571832e-05
0.27920695467045153,2.481649986122396e-05
0.27925130843608625,2.4982341212876085e-05
0.2792956622017209,2.514818256452821e-05
0.27934001596735564,2.5314023916180334e-05
0.27938436973299036,2.547986526783246e-05
0.279428723498625,2.5645706619484584e-05
0.27947307726425974,2.581154797113671e-05
0.27951743102989446,2.5977389322788833e-05
0.2795617847955291,2.6143230674440958e-05
0.27960613856116384,2.6309072026093082e-05
0.27965049232679856,2.6474913377745207e-05
0.2796948460924332,2.664075472939733e-05
0.27973919985806794,2.6806596081049456e-05
0.27978355362370266,2.697243743270158e-05
0.2798279073893374,2.7138278784353706e-05
0.27987226115497205,2.730412013600583e-05
0.27991661492060677,2.7469961487657955e-05
0.2799609686862415,2.763580283931008e-05
0.28000532245187615,2.7801644190962204e-05
0.28004967621751087,2.796748554261433e-05
0.2800940299831456,2.8133326894266454e-05
0.28013838374878025,2.829916824591858e-05
0.28018273751441497,2.8465009597570703e-05
0.2802270912800497,2.8630850949222828e-05
0.2802714450456844,2.8796692300874952e-05
0.2803157988113191,2.896253365252708e-05
0.2803601525769538,2.9128375004179205e-05
0.2804045063425885,2.929421635583133e-05
0.2804488601082232,2.9460057707483454e-05
0.2804932138738579,2.962589905913558e-05
0.2805375676394926,2.9791740410787704e-05
0.2805819214051273,2.995758176243983e-05
0.280626275170762,3.0123423114091953e-05
0.2806706289363967,3.0289264465744078e-05
0.2807149827020314,3.0455105817396202e-05
0.2807593364676661,3.062094716904833e-05
0.2808036902333008,3.078678852070045e-05
0.28084804399893554,3.0952629872352576e-05
0.2808923977645702,3.1118471224004705e-05
0.2809367515302049,3.1284312575656826e-05
0.28098110529583964,3.1450153927308954e-05
0.2810254590614743,3.1615995278961075e-05
0.281069812827109,3.17818366306132e-05
0.28111416659274374,3.1947677982265324e-05
0.2811585203583784,3.211351933391745e-05
0.2812028741240131,3.2279360685569574e-05
0.28124722788964784,3.24452020372217e-05
0.28129158165528256,3.261104338887382e-05
0.2813359354209172,3.277688474052595e-05
0.28138028918655195,3.294272609217807e-05
0.28142464295218667,3.31085674438302e-05
0.28146899671782133,3.327440879548232e-05
0.28151335048345605,3.344025014713445e-05
0.28155770424909077,3.360609149878657e-05
0.28160205801472543,3.37719328504387e-05
0.28164641178036015,3.393777420209082e-05
0.28169076554599487,3.410361555374295e-05
0.2817351193116296,3.426945690539507e-05
0.28177947307726425,3.44352982570472e-05
0.281823826842899,3.460113960869932e-05
0.2818681806085337,3.476698096035145e-05
0.28191253437416836,3.493282231200357e-05
0.2819568881398031,3.5098663663655697e-05
0.2820012419054378,3.5264505015307825e-05
0.28204559567107246,3.5430346366959946e-05
0.2820899494367072,3.5596187718612074e-05
0.2821343032023419,3.5762029070264195e-05
0.28217865696797656,3.592787042191632e-05
0.2822230107336113,3.6093711773568445e-05
0.282267364499246,3.625955312522057e-05
0.2823117182648807,3.6425394476872694e-05
0.2823560720305154,3.659123582852482e-05
0.2824004257961501,3.675707718017694e-05
0.2824447795617848,3.692291853182907e-05
0.2824891333274195,3.708875988348119e-05
0.2825334870930542,3.725460123513332e-05
0.2825778408586889,3.742044258678544e-05
0.2826221946243236,3.758628393843757e-05
0.2826665483899583,3.775212529008969e-05
0.282710902155593,3.791796664174182e-05
0.28275525592122774,3.808380799339394e-05
0.2827996096868624,3.824964934504607e-05
0.2828439634524971,3.841549069669819e-05
0.28288831721813185,3.858133204835032e-05
0.2829326709837665,3.874717340000244e-05
0.28297702474940123,3.891301475165457e-05
0.28302137851503595,3.9078856103306695e-05
0.2830657322806706,3.924469745495882e-05
0.28311008604630533,3.9410538806610945e-05
0.28315443981194005,3.9576380158263066e-05
0.2831987935775747,3.9742221509915194e-05
0.28324314734320943,3.9908062861567315e-05
0.28328750110884415,4.0073904213219443e-05
0.2833318548744789,4.0239745564871565e-05
0.28337620864011354,4.040558691652369e-05
0.28342056240574826,4.0571428268175814e-05
0.283464916171383,4.073726961982794e-05
0.28350926993701764,4.0903110971480063e-05
0.28355362370265236,4.106895232313219e-05
0.2835979774682871,4.123479367478431e-05
0.28364233123392174,4.140063502643644e-05
0.28368668499955646,4.156647637808856e-05
0.2837310387651912,4.173231772974069e-05
0.2837753925308259,4.189815908139281e-05
0.28381974629646056,4.206400043304494e-05
0.2838641000620953,4.222984178469706e-05
0.28390845382773,4.239568313634919e-05
0.28395280759336466,4.256152448800131e-05
0.2839971613589994,4.272736583965343e-05
0.2840415151246341,4.289320719130556e-05
0.28408586889026877,4.305904854295768e-05
0.2841302226559035,4.322488989460981e-05
0.2841745764215382,4.339073124626193e-05
0.28421893018717287,4.355657259791406e-05
0.2842632839528076,4.372241394956618e-05
0.2843076377184423,4.388825530121831e-05
0.284351991484077,4.405409665287043e-05
0.2843963452497117,4.421993800452256e-05
0.2844406990153464,4.438577935617468e-05
0.28448505278098113,4.4551620707826806e-05
0.2845294065466158,4.471746205947893e-05
0.2845737603122505,4.4883303411131055e-05
0.28461811407788523,4.5049144762783184e-05
0.2846624678435199,4.5214986114435305e-05
0.2847068216091546,4.538082746608743e-05
0.28475117537478933,4.5546668817739554e-05
0.28479552914042405,4.571251016939168e-05
0.2848398829060587,4.5878351521043803e-05
0.28488423667169344,4.604419287269593e-05
0.28492859043732816,4.621003422434805e-05
0.2849729442029628,4.637587557600018e-05
0.28501729796859754,4.65417169276523e-05
0.28506165173423226,4.670755827930443e-05
0.2851060054998669,4.687339963095655e-05
0.28515035926550164,4.703924098260868e-05
0.28519471303113636,4.72050823342608e-05
0.285239066796771,4.737092368591293e-05
0.28528342056240574,4.753676503756505e-05
0.28532777432804046,4.770260638921718e-05
0.2853721280936752,4.78684477408693e-05
0.28541648185930985,4.803428909252143e-05
0.28546083562494456,4.820013044417355e-05
0.2855051893905793,4.836597179582568e-05
0.28554954315621395,4.85318131474778e-05
0.28559389692184867,4.8697654499129926e-05
0.2856382506874834,4.8863495850782054e-05
0.28568260445311805,4.9029337202434176e-05
0.28572695821875277,4.9195178554086304e-05
0.2857713119843875,4.9361019905738425e-05
0.2858156657500222,4.952686125739055e-05
0.28586001951565687,4.9692702609042674e-05
0.2859043732812916,4.98585439606948e-05
0.2859487270469263,5.0024385312346924e-05
0.285993080812561,5.019022666399905e-05
0.2860374345781957,5.035606801565117e-05
0.2860817883438304,5.05219093673033e-05
0.2861261421094651,5.068775071895542e-05
0.2861704958750998,5.085359207060755e-05
0.2862148496407345,5.101943342225967e-05
0.2862592034063692,5.11852747739118e-05
0.2863035571720039,5.135111612556392e-05
0.2863479109376386,5.151695747721605e-05
0.28639226470327334,5.168279882886817e-05
0.286436618468908,5.18486401805203e-05
0.2864809722345427,5.201448153217242e-05
0.28652532600017744,5.218032288382455e-05
0.2865696797658121,5.234616423547667e-05
0.2866140335314468,5.25120055871288e-05
0.28665838729708154,5.267784693878092e-05
0.2867027410627162,5.2843688290433046e-05
0.2867470948283509,5.3009529642085174e-05
0.28679144859398564,5.3175370993737296e-05
0.28683580235962036,5.3341212345389424e-05
0.286880156125255,5.3507053697041545e-05
0.28692450989088975,5.367289504869367e-05
0.28696886365652446,5.3838736400345794e-05
0.28701321742215913,5.400457775199792e-05
0.28705757118779385,5.4170419103650044e-05
0.28710192495342857,5.433626045530217e-05
0.28714627871906323,5.450210180695429e-05
0.28719063248469795,5.466794315860642e-05
0.28723498625033267,5.483378451025854e-05
0.28727934001596733,5.499962586191067e-05
0.28732369378160205,5.516546721356279e-05
0.28736804754723677,5.533130856521492e-05
0.2874124013128715,5.549714991686704e-05
0.28745675507850615,5.566299126851917e-05
0.2875011088441409,5.582883262017129e-05
0.2875454626097756,5.599467397182342e-05
0.28758981637541026,5.616714897754163e-05
0.287634170141045,5.633962398325984e-05
0.2876785239066797,5.6512098988978056e-05
0.28772287767231436,5.668457399469627e-05
0.2877672314379491,5.6860365827447526e-05
0.2878115852035838,5.7039474487231814e-05
0.2878559389692185,5.7221899974049155e-05
0.2879002927348532,5.741095911493258e-05
0.2879446465004879,5.7600018255816e-05
0.2879890002661226,5.7799027877798547e-05
0.2880333540317573,5.7998037499781095e-05
0.288077707797392,5.819704712176364e-05
0.2881220615630267,5.839605674374619e-05
0.2881664153286614,5.859506636572873e-05
0.2882107690942961,5.8800709641777375e-05
0.2882551228599308,5.900635291782601e-05
0.2882994766255655,5.9211996193874645e-05
0.2883438303912002,5.942095629695632e-05
0.2883881841568349,5.9629916400037994e-05
0.28843253792246965,5.983887650311967e-05
0.2884768916881043,6.005447026026744e-05
0.28852124545373903,6.027669767148128e-05
0.28856559921937375,6.049892508269512e-05
0.2886099529850084,6.0724469320942017e-05
0.28865430675064313,6.0953330386221945e-05
0.28869866051627785,6.118550827853492e-05
0.2887430142819125,6.142763665194702e-05
0.28878736804754723,6.167308185239216e-05
0.28883172181318195,6.192184387987035e-05
0.28887607557881667,6.217060590734854e-05
0.28892042934445133,6.241936793482673e-05
0.28896478311008605,6.26681299623049e-05
0.2890091368757208,6.29168919897831e-05
0.28905349064135544,6.316565401726128e-05
0.28909784440699016,6.341441604473947e-05
0.2891421981726249,6.366317807221766e-05
0.28918655193825954,6.391194009969585e-05
0.28923090570389426,6.416070212717404e-05
0.289275259469529,6.440946415465223e-05
0.2893196132351637,6.465822618213041e-05
0.28936396700079836,6.49069882096086e-05
0.2894083207664331,6.515575023708678e-05
0.2894526745320678,6.540451226456497e-05
0.28949702829770246,6.565327429204316e-05
0.2895413820633372,6.590203631952134e-05
0.2895857358289719,6.615079834699953e-05
0.28963008959460657,6.639956037447772e-05
0.2896744433602413,6.664832240195591e-05
0.289718797125876,6.68970844294341e-05
0.28976315089151067,6.714584645691229e-05
0.2898075046571454,6.739460848439046e-05
0.2898518584227801,6.764337051186865e-05
0.2898962121884148,6.789213253934684e-05
0.2899405659540495,6.814089456682503e-05
0.2899849197196842,6.838965659430322e-05
0.29002927348531893,6.863841862178141e-05
0.2900736272509536,6.88871806492596e-05
0.2901179810165883,6.913594267673778e-05
0.29016233478222303,6.938470470421597e-05
0.2902066885478577,6.963346673169415e-05
0.2902510423134924,6.988222875917234e-05
0.29029539607912713,7.013099078665053e-05
0.29033974984476185,7.037975281412871e-05
0.2903841036103965,7.06285148416069e-05
0.29042845737603123,7.087727686908509e-05
0.29047281114166595,7.112603889656328e-05
0.2905171649073006,7.137480092404147e-05
0.29056151867293534,7.162356295151966e-05
0.29060587243857006,7.187232497899783e-05
0.2906502262042047,7.212108700647602e-05
0.29069457996983944,7.236984903395421e-05
0.29073893373547416,7.26186110614324e-05
0.2907832875011088,7.286737308891059e-05
0.29082764126674354,7.311613511638878e-05
0.29087199503237826,7.336489714386697e-05
0.290916348798013,7.361365917134515e-05
0.29096070256364764,7.386242119882334e-05
0.29100505632928236,7.411118322630152e-05
0.2910494100949171,7.43599452537797e-05
0.29109376386055175,7.46087072812579e-05
0.29113811762618647,7.48740534439013e-05
0.2911824713918212,7.514271643357774e-05
0.29122682515745585,7.541469625028722e-05
0.29127117892309057,7.56866760669967e-05
0.2913155326887253,7.595865588370619e-05
0.29135988645436,7.623395252744872e-05
0.29140424021999467,7.650924917119126e-05
0.2914485939856294,7.679781312306595e-05
0.2914929477512641,7.708969390197369e-05
0.2915373015168988,7.738820833494752e-05
0.2915816552825335,7.769999007605351e-05
0.2916260090481682,7.801508864419255e-05
0.2916703628138029,7.834013769343071e-05
0.2917147165794376,7.866518674266886e-05
0.2917590703450723,7.899023579190702e-05
0.291803424110707,7.931860166817824e-05
0.2918477778763417,7.965028437148248e-05
0.2918921316419764,7.998196707478674e-05
0.29193648540761113,8.031364977809098e-05
0.2919808391732458,8.064533248139524e-05
0.2920251929388805,8.09770151846995e-05
0.29206954670451524,8.130869788800374e-05
0.2921139004701499,8.164038059130799e-05
0.2921582542357846,8.197206329461223e-05
0.29220260800141934,8.230374599791649e-05
0.292246961767054,8.263542870122073e-05
0.2922913155326887,8.296711140452499e-05
0.29233566929832344,8.329879410782923e-05
0.29238002306395816,8.363047681113349e-05
0.2924243768295928,8.396215951443773e-05
0.29246873059522754,8.429384221774199e-05
0.29251308436086226,8.462552492104623e-05
0.2925574381264969,8.495720762435049e-05
0.29260179189213165,8.528889032765474e-05
0.29264614565776637,8.5620573030959e-05
0.29269049942340103,8.595225573426324e-05
0.29273485318903575,8.62839384375675e-05
0.29277920695467047,8.661562114087174e-05
0.29282356072030513,8.6947303844176e-05
0.29286791448593985,8.727898654748024e-05
0.29291226825157457,8.76106692507845e-05
0.2929566220172093,8.794235195408874e-05
0.29300097578284395,8.827403465739299e-05
0.2930453295484787,8.860571736069723e-05
0.2930896833141134,8.893740006400149e-05
0.29313403707974806,8.926908276730573e-05
0.2931783908453828,8.960076547060999e-05
0.2932227446110175,8.993244817391423e-05
0.29326709837665216,9.026413087721849e-05
0.2933114521422869,9.059581358052273e-05
0.2933558059079216,9.092749628382699e-05
0.2934001596735563,9.125917898713123e-05
0.293444513439191,9.159086169043549e-05
0.2934888672048257,9.192254439373973e-05
0.2935332209704604,9.225422709704398e-05
0.2935775747360951,9.258590980034823e-05
0.2936219285017298,9.291759250365248e-05
0.2936662822673645,9.324927520695673e-05
0.2937106360329992,9.358095791026098e-05
0.2937549897986339,9.391264061356524e-05
0.2937993435642686,9.424432331686948e-05
0.2938436973299033,9.457600602017374e-05
0.293888051095538,9.490768872347798e-05
0.2939324048611727,9.523937142678224e-05
0.29397675862680744,9.557105413008648e-05
0.2940211123924421,9.590273683339073e-05
0.2940654661580768,9.623441953669498e-05
0.29410981992371155,9.656610223999923e-05
0.2941541736893462,9.689778494330348e-05
0.29419852745498093,9.722946764660773e-05
0.29424288122061565,9.756115034991197e-05
0.2942872349862503,9.789283305321623e-05
0.29433158875188503,9.822451575652047e-05
0.29437594251751975,9.855619845982473e-05
0.29442029628315447,9.888788116312897e-05
0.29446465004878913,9.921956386643323e-05
0.29450900381442385,9.955124656973747e-05
0.2945533575800586,9.988292927304173e-05
0.29459771134569324,0.00010021461197634597
0.29464206511132796,0.00010054629467965022
0.2946864188769627,0.00010087797738295447
0.29473077264259734,0.00010120966008625872
0.29477512640823206,0.00010154134278956297
0.2948194801738668,0.00010187302549286722
0.29486383393950144,0.00010220470819617148
0.29490818770513616,0.00010253639089947572
0.2949525414707709,0.00010286807360277998
0.2949968952364056,0.00010319975630608422
0.29504124900204026,0.00010353143900938848
0.295085602767675,0.00010386312171269272
0.2951299565333097,0.00010419480441599697
0.29517431029894436,0.00010452648711930122
0.2952186640645791,0.00010485816982260547
0.2952630178302138,0.00010518985252590972
0.29530737159584847,0.00010552153522921397
0.2953517253614832,0.00010585321793251821
0.2953960791271179,0.00010618490063582247
0.2954404328927526,0.00010651658333912671
0.2954847866583873,0.00010684826604243097
0.295529140424022,0.00010717994874573521
0.2955734941896567,0.00010751163144903947
0.2956178479552914,0.00010784331415234371
0.2956622017209261,0.00010817499685564797
0.29570655548656083,0.00010850667955895221
0.2957509092521955,0.00010883836226225646
0.2957952630178302,0.00010917004496556071
0.29583961678346493,0.00010950172766886496
0.29588397054909965,0.00010983341037216922
0.2959283243147343,0.00011016509307547346
0.29597267808036903,0.00011049677577877772
0.29601703184600375,0.00011082845848208196
0.2960613856116384,0.00011116014118538622
0.29610573937727314,0.00011149182388869046
0.29615009314290786,0.00011182350659199472
0.2961944469085425,0.00011215518929529896
0.29623880067417724,0.00011248687199860321
0.29628315443981196,0.00011281855470190746
0.2963275082054466,0.00011315023740521171
0.29637186197108134,0.00011348192010851596
0.29641621573671606,0.00011381360281182021
0.2964605695023508,0.00011414528551512445
0.29650492326798544,0.00011447696821842871
0.29654927703362016,0.00011480865092173295
0.2965936307992549,0.00011514033362503721
0.29663798456488955,0.00011547201632834145
0.29668233833052426,0.00011580369903164571
0.296726692096159,0.00011613538173494995
0.29677104586179365,0.0001164670644382542
0.29681539962742837,0.00011679874714155845
0.2968597533930631,0.0001171304298448627
0.2969041071586978,0.00011746211254816695
0.29694846092433247,0.0001177937952514712
0.2969928146899672,0.00011812547795477546
0.2970371684556019,0.0001184571606580797
0.29708152222123657,0.00011878884336138396
0.2971258759868713,0.0001191205260646882
0.297170229752506,0.00011945220876799246
0.2972145835181407,0.0001197838914712967
0.2972589372837754,0.00012011557417460096
0.2973032910494101,0.0001204472568779052
0.2973476448150448,0.00012077893958120945
0.2973919985806795,0.0001211106222845137
0.2974363523463142,0.00012144230498781795
0.29748070611194893,0.0001217739876911222
0.2975250598775836,0.00012210567039442645
0.2975694136432183,0.0001224373530977307
0.29761376740885304,0.00012276903580103494
0.2976581211744877,0.0001231007185043392
0.2977024749401224,0.00012343240120764345
0.29774682870575714,0.0001237640839109477
0.2977911824713918,0.00012409576661425193
0.2978355362370265,0.0001244274493175562
0.29787989000266124,0.00012475913202086045
0.29792424376829596,0.0001250908147241647
0.2979685975339306,0.00012542249742746893
0.29801295129956534,0.0001257541801307732
0.29805730506520006,0.00012608586283407744
0.2981016588308347,0.0001264175455373817
0.29814601259646945,0.00012674922824068596
0.29819036636210416,0.0001270809109439902
0.29823472012773883,0.00012741259364729444
0.29827907389337355,0.00012774427635059868
0.29832342765900827,0.00012807595905390295
0.29836778142464293,0.0001284076417572072
0.29841213519027765,0.00012873932446051144
0.29845648895591237,0.00012907100716381568
0.2985008427215471,0.00012940268986711995
0.29854519648718175,0.0001297343725704242
0.29858955025281647,0.00013006605527372844
0.2986339040184512,0.00013039773797703268
0.29867825778408585,0.00013072942068033695
0.2987226115497206,0.0001310611033836412
0.2987669653153553,0.00013139278608694543
0.29881131908098996,0.00013172446879024968
0.2988556728466247,0.00013205615149355395
0.2989000266122594,0.0001323878341968582
0.2989443803778941,0.00013271951690016243
0.2989887341435288,0.00013305119960346667
0.2990330879091635,0.00013338288230677094
0.2990774416747982,0.00013371456501007519
0.2991217954404329,0.00013404624771337943
0.2991661492060676,0.0001343779304166837
0.2992105029717023,0.00013470961311998794
0.299254856737337,0.00013504129582329218
0.2992992105029717,0.00013537297852659643
0.2993435642686064,0.0001357046612299007
0.2993879180342411,0.00013603634393320494
0.2994322717998758,0.00013636802663650918
0.2994766255655105,0.00013669970933981342
0.29952097933114524,0.0001370313920431177
0.2995653330967799,0.00013736307474642194
0.2996096868624146,0.00013769475744972618
0.29965404062804935,0.00013802644015303042
0.299698394393684,0.0001383581228563347
0.29974274815931873,0.00013868980555963893
0.29978710192495345,0.00013902148826294317
0.2998314556905881,0.00013935317096624742
0.29987580945622283,0.0001396848536695517
0.29992016322185755,0.00014001653637285593
0.29996451698749227,0.00014034821907616017
0.30000887075312693,0.00014067990177946441
0.30005322451876165,0.00014101158448276868
0.30009757828439637,0.00014134326718607293
0.30014193205003104,0.00014167494988937717
0.30018628581566575,0.0001420066325926814
0.3002306395813005,0.00014233831529598568
0.30027499334693514,0.00014266999799928992
0.30031934711256986,0.00014300168070259417
0.3003637008782046,0.00014333336340589844
0.30040805464383924,0.00014366504610920268
0.30045240840947396,0.00014399672881250692
0.3004967621751087,0.00014432841151581116
0.3005411159407434,0.00014466009421911543
0.30058546970637806,0.00014499177692241968
0.3006298234720128,0.00014532345962572392
0.3006741772376475,0.00014565514232902816
0.30071853100328216,0.00014598682503233243
0.3007628847689169,0.00014631850773563667
0.3008072385345516,0.00014665019043894092
0.30085159230018627,0.00014698187314224516
0.300895946065821,0.00014731355584554943
0.3009402998314557,0.00014764523854885367
0.3009846535970904,0.00014797692125215791
0.3010290073627251,0.00014830860395546216
0.3010733611283598,0.00014864028665876643
0.3011177148939945,0.00014897196936207067
0.3011620686596292,0.0001493036520653749
0.3012064224252639,0.00014963533476867915
0.30125077619089863,0.00014996701747198342
0.3012951299565333,0.00015029870017528767
0.301339483722168,0.0001506303828785919
0.30138383748780273,0.00015096206558189618
0.3014281912534374,0.00015129374828520042
0.3014725450190721,0.00015162543098850466
0.30151689878470683,0.0001519571136918089
0.30156125255034155,0.00015228879639511318
0.3016056063159762,0.00015262047909841742
0.30164996008161093,0.00015295216180172166
0.30169431384724565,0.0001532838445050259
0.3017386676128803,0.00015361552720833017
0.30178302137851504,0.00015394720991163442
0.30182737514414976,0.00015427889261493866
0.3018717289097844,0.0001546105753182429
0.30191608267541914,0.00015494225802154717
0.30196043644105386,0.0001552739407248514
0.3020047902066886,0.00015560562342815566
0.30204914397232324,0.0001559373061314599
0.30209349773795796,0.00015626898883476417
0.3021378515035927,0.0001566006715380684
0.30218220526922734,0.00015693235424137265
0.30222655903486206,0.0001572640369446769
0.3022709128004968,0.00015759571964798117
0.30231526656613145,0.0001579274023512854
0.30235962033176617,0.00015825908505458965
0.3024039740974009,0.0001585907677578939
0.30244832786303555,0.00015892245046119816
0.30249268162867027,0.0001592541331645024
0.302537035394305,0.00015958581586780665
0.3025813891599397,0.00015991749857111092
0.30262574292557437,0.00016024918127441516
0.3026700966912091,0.0001605808639777194
0.3027144504568438,0.00016091254668102364
0.3027588042224785,0.00016124422938432791
0.3028031579881132,0.00016157591208763216
0.3028475117537479,0.0001619075947909364
0.3028918655193826,0.00016223927749424064
0.3029362192850173,0.0001625709601975449
0.302980573050652,0.00016290264290084915
0.30302492681628673,0.0001632343256041534
0.3030692805819214,0.00016356600830745764
0.3031136343475561,0.0001638976910107619
0.30315798811319083,0.00016422937371406615
0.3032023418788255,0.0001645610564173704
0.3032466956444602,0.00016489273912067464
0.30329104941009494,0.0001652244218239789
0.3033354031757296,0.00016555610452728315
0.3033797569413643,0.0001658877872305874
0.30342411070699904,0.00016621946993389163
0.30346846447263376,0.0001665511526371959
0.3035128182382684,0.00016688283534050015
0.30355717200390314,0.0001672145180438044
0.30360152576953786,0.00016754620074710866
0.3036458795351725,0.0001678778834504129
0.30369023330080724,0.00016820956615371714
0.30373458706644196,0.00016854124885702139
0.3037789408320766,0.00016887293156032566
0.30382329459771135,0.0001692046142636299
0.30386764836334607,0.00016953629696693414
0.30391200212898073,0.00016986797967023838
0.30395635589461545,0.00017019966237354265
0.30400070966025017,0.0001705313450768469
0.3040450634258849,0.00017086302778015114
0.30408941719151955,0.00017119471048345538
0.30413377095715427,0.00017152639318675965
0.304178124722789,0.0001718580758900639
0.30422247848842365,0.00017218975859336814
0.3042668322540584,0.00017252144129667238
0.3043111860196931,0.00017285312399997665
0.30435553978532776,0.0001731848067032809
0.3043998935509625,0.00017351648940658513
0.3044442473165972,0.00017384817210988938
0.3044886010822319,0.00017417985481319365
0.3045329548478666,0.0001745115375164979
0.3045773086135013,0.00017484322021980213
0.304621662379136,0.0001751749029231064
0.3046660161447707,0.00017550658562641064
0.3047103699104054,0.00017583826832971489
0.3047547236760401,0.00017616995103301913
0.3047990774416748,0.0001765016337363234
0.3048434312073095,0.00017683331643962764
0.3048877849729442,0.00017716499914293188
0.3049321387385789,0.00017749668184623613
0.3049764925042136,0.0001778283645495404
0.3050208462698483,0.00017816004725284464
0.30506520003548304,0.00017849172995614888
0.3051095538011177,0.00017882341265945312
0.3051539075667524,0.0001791550953627574
0.30519826133238714,0.00017948677806606163
0.3052426150980218,0.00017981846076936588
0.3052869688636565,0.00018015014347267012
0.30533132262929125,0.0001804818261759744
0.3053756763949259,0.00018081350887927863
0.30542003016056063,0.00018114519158258287
0.30546438392619535,0.00018147687428588712
0.30550873769183007,0.0001818085569891914
0.30555309145746473,0.00018214023969249563
0.30559744522309945,0.00018247192239579987
0.30564179898873417,0.00018280360509910411
0.30568615275436883,0.00018313528780240838
0.30573050652000355,0.00018346697050571263
0.3057748602856383,0.00018379865320901687
0.30581921405127294,0.00018413033591232114
0.30586356781690766,0.00018446201861562538
0.3059079215825424,0.00018479370131892962
0.30595227534817704,0.00018512538402223387
0.30599662911381176,0.00018545706672553814
0.3060409828794465,0.00018578874942884238
0.3060853366450812,0.00018612043213214662
0.30612969041071586,0.00018645211483545086
0.3061740441763506,0.00018678379753875513
0.3062183979419853,0.00018711548024205938
0.30626275170761996,0.00018744716294536362
0.3063071054732547,0.00018777884564866786
0.3063514592388894,0.00018811052835197213
0.30639581300452406,0.00018844221105527637
0.3064401667701588,0.00018877389375858062
0.3064845205357935,0.00018910557646188486
0.3065288743014282,0.00018943725916518913
0.3065732280670629,0.00018976894186849337
0.3066175818326976,0.00019010062457179761
0.3066619355983323,0.00019043230727510186
0.306706289363967,0.00019076398997840613
0.3067506431296017,0.00019109567268171037
0.3067949968952364,0.0001914273553850146
0.3068393506608711,0.00019175903808831888
0.3068837044265058,0.00019209072079162312
0.30692805819214053,0.00019242240349492737
0.3069724119577752,0.0001927540861982316
0.3070167657234099,0.00019308576890153588
0.30706111948904463,0.00019341745160484012
0.30710547325467935,0.00019374913430814436
0.307149827020314,0.0001940808170114486
0.30719418078594873,0.00019441249971475288
0.30723853455158345,0.00019474418241805712
0.3072828883172181,0.00019507586512136136
0.30732724208285284,0.0001954075478246656
0.30737159584848756,0.00019573923052796987
0.3074159496141222,0.00019607091323127412
0.30746030337975694,0.00019640259593457836
0.30750465714539166,0.0001967342786378826
0.3075490109110264,0.00019706596134118687
0.30759336467666104,0.0001973976440444911
0.30763771844229576,0.00019772932674779536
0.3076820722079305,0.0001980610094510996
0.30772642597356514,0.00019839269215440387
0.30777077973919986,0.0001987243748577081
0.3078151335048346,0.00019905605756101235
0.30785948727046925,0.00019938774026431662
0.30790384103610396,0.00019971942296762086
0.3079481948017387,0.0002000511056709251
0.30799254856737335,0.00020038278837422935
0.30803690233300807,0.00020071447107753362
0.3080812560986428,0.00020104615378083786
0.3081256098642775,0.0002013778364841421
0.30816996362991217,0.00020170951918744635
0.3082143173955469,0.00020204120189075062
0.3082586711611816,0.00020237288459405486
0.30830302492681627,0.0002027045672973591
0.308347378692451,0.00020303625000066334
0.3083917324580857,0.00020336793270396761
0.3084360862237204,0.00020369961540727186
0.3084804399893551,0.0002040312981105761
0.3085247937549898,0.00020436298081388034
0.30856914752062453,0.0002046946635171846
0.3086135012862592,0.00020502634622048885
0.3086578550518939,0.0002053580289237931
0.30870220881752863,0.00020568971162709734
0.3087465625831633,0.0002060213943304016
0.308790916348798,0.00020635307703370585
0.30883527011443274,0.0002066847597370101
0.3088796238800674,0.00020701644244031434
0.3089239776457021,0.0002073481251436186
0.30896833141133684,0.00020767980784692285
0.3090126851769715,0.0002080114905502271
0.3090570389426062,0.00020834317325353136
0.30910139270824094,0.0002086748559568356
0.30914574647387566,0.00020900653866013985
0.3091901002395103,0.0002093382213634441
0.30923445400514504,0.00020966990406674836
0.30927880777077976,0.0002100015867700526
0.3093231615364144,0.00021033326947335684
0.30936751530204915,0.00021066495217666109
0.30941186906768386,0.00021099663487996536
0.30945622283331853,0.0002113283175832696
0.30950057659895325,0.00021166000028657384
0.30954493036458797,0.00021199168298987808
0.3095892841302227,0.00021232336569318235
0.30963363789585735,0.0002126550483964866
0.30967799166149207,0.00021298673109979084
0.3097223454271268,0.00021331841380309508
0.30976669919276145,0.00021365009650639935
0.30981105295839617,0.0002139817792097036
0.3098554067240309,0.00021431346191300784
0.30989976048966555,0.00021464514461631208
0.3099441142553003,0.00021497682731961635
0.309988468020935,0.0002153085100229206
0.3100328217865697,0.00021564019272622483
0.3100771755522044,0.0002159718754295291
0.3101215293178391,0.00021630355813283335
0.3101658830834738,0.0002166352408361376
0.3102102368491085,0.00021696692353944183
0.3102545906147432,0.0002172986062427461
0.3102989443803779,0.00021763028894605034
0.3103432981460126,0.00021796197164935459
0.3103876519116473,0.00021829365435265883
0.310432005677282,0.0002186253370559631
0.3104763594429167,0.00021895701975926734
0.3105207132085514,0.00021928870246257158
0.3105650669741861,0.00021962038516587583
0.31060942073982084,0.0002199520678691801
0.3106537745054555,0.00022028375057248434
0.3106981282710902,0.00022061543327578858
0.31074248203672494,0.00022094711597909282
0.3107868358023596,0.0002212787986823971
0.3108311895679943,0.00022161048138570133
0.31087554333362905,0.00022194216408900558
0.3109198970992637,0.00022227384679230982
0.31096425086489843,0.0002226055294956141
0.31100860463053315,0.00022293721219891833
0.31105295839616787,0.00022326889490222257
0.31109731216180253,0.00022360057760552682
0.31114166592743725,0.0002239322603088311
0.31118601969307197,0.00022426394301213533
0.31123037345870663,0.00022459562571543957
0.31127472722434135,0.00022492730841874384
0.31131908098997607,0.00022525899112204808
0.31136343475561074,0.00022559067382535233
0.31140778852124545,0.00022592235652865657
0.3114521422868802,0.00022625403923196084
0.31149649605251484,0.00022658572193526508
0.31154084981814956,0.00022691740463856932
0.3115852035837843,0.00022724908734187357
0.311629557349419,0.00022758077004517784
0.31167391111505366,0.00022791245274848208
0.3117182648806884,0.00022824413545178632
0.3117626186463231,0.00022857581815509056
0.31180697241195776,0.00022890750085839483
0.3118513261775925,0.00022923918356169908
0.3118956799432272,0.00022957086626500332
0.31194003370886186,0.00022990254896830756
0.3119843874744966,0.00023023423167161183
0.3120287412401313,0.00023056591437491607
0.312073095005766,0.00023089759707822032
0.3121174487714007,0.00023122927978152456
0.3121618025370354,0.00023156096248482883
0.3122061563026701,0.00023189264518813307
0.3122505100683048,0.00023222432789143731
0.3122948638339395,0.00023255601059474158
0.3123392175995742,0.00023288769329804583
0.3123835713652089,0.00023321937600135007
0.3124279251308436,0.0002335510587046543
0.31247227889647833,0.00023388274140795858
0.312516632662113,0.00023421442411126282
0.3125609864277477,0.00023454610681456707
0.31260534019338243,0.0002348777895178713
0.31264969395901715,0.00023520947222117558
0.3126940477246518,0.00023554115492447982
0.31273840149028653,0.00023587283762778406
0.31278275525592125,0.0002362045203310883
0.3128271090215559,0.00023653620303439258
0.31287146278719064,0.00023686788573769682
0.31291581655282535,0.00023719956844100106
0.31296017031846,0.0002375312511443053
0.31300452408409474,0.00023786293384760957
0.31304887784972946,0.00023819461655091382
0.3130932316153642,0.00023852629925421806
0.31313758538099884,0.0002388579819575223
0.31318193914663356,0.00023918966466082657
0.3132262929122683,0.0002395213473641308
0.31327064667790294,0.00023985303006743506
0.31331500044353766,0.00024018471277073932
0.3133593542091724,0.00024051639547404357
0.31340370797480704,0.0002408480781773478
0.31344806174044176,0.00024117976088065205
0.3134924155060765,0.00024151144358395632
0.31353676927171115,0.00024184312628726056
0.31358112303734587,0.0002421748089905648
0.3136254768029806,0.00024250649169386905
0.3136698305686153,0.00024283817439717332
0.31371418433424997,0.00024316985710047756
0.3137585380998847,0.0002435015398037818
0.3138028918655194,0.00024383322250708605
0.31384724563115407,0.0002441649052103903
0.3138915993967888,0.00024449658791369453
0.3139359531624235,0.0002448282706169988
0.3139803069280582,0.00024515995332030307
0.3140246606936929,0.0002454916360236073
0.3140690144593276,0.00024582331872691156
0.31411336822496233,0.0002461550014302158
0.314157721990597,0.00024648668413352004
0.3142020757562317,0.0002468183668368243
0.31424642952186643,0.0002471500495401285
0.3142907832875011,0.0002474817322434328
0.3143351370531358,0.00024781341494673707
0.31437949081877054,0.0002481450976500413
0.3144238445844052,0.00024847678035334555
0.3144681983500399,0.0002488084630566498
0.31451255211567464,0.00024914014575995404
0.3145569058813093,0.0002494718284632583
0.314601259646944,0.0002498035111665626
0.31464561341257874,0.0002501351938698668
0.31468996717821346,0.00025046687657317106
0.3147343209438481,0.0002507985592764753
0.31477867470948284,0.00025113024197977955
0.31482302847511756,0.0002514619246830838
0.3148673822407522,0.00025179360738638803
0.31491173600638694,0.0002521252900896923
0.31495608977202166,0.00025245697279299657
0.3150004435376563,0.0002527886554963008
0.31504479730329105,0.00025312033819960506
0.31508915106892577,0.00025345202090290927
0.3151335048345605,0.00025378370360621354
0.31517785860019515,0.0002541153863095178
0.31522221236582987,0.000254447069012822
0.3152665661314646,0.0002547787517161263
0.31531091989709925,0.00025511043441943057
0.31535527366273397,0.0002554421171227348
0.3153996274283687,0.00025577379982603905
0.31544398119400335,0.00025610548252934327
0.3154883349596381,0.00025643716523264754
0.3155326887252728,0.0002567688479359518
0.31557704249090746,0.000257100530639256
0.3156213962565422,0.0002574322133425603
0.3156657500221769,0.00025776389604586456
0.3157101037878116,0.0002580955787491688
0.3157544575534463,0.00025842726145247305
0.315798811319081,0.0002587589441557773
0.3158431650847157,0.00025909062685908153
0.3158875188503504,0.0002594223095623858
0.3159318726159851,0.00025975399226569
0.3159762263816198,0.0002600856749689943
0.3160205801472545,0.00026041735767229855
0.3160649339128892,0.00026074904037560277
0.3161092876785239,0.00026108072307890704
0.31615364144415864,0.0002614124057822113
0.3161979952097933,0.0002617440884855155
0.316242348975428,0.0002620757711888198
0.31628670274106274,0.000262407453892124
0.3163310565066974,0.0002627391365954283
0.3163754102723321,0.00026307081929873255
0.31641976403796684,0.00026340250200203677
0.3164641178036015,0.00026373418470534103
0.3165084715692362,0.0002640658674086453
0.31655282533487095,0.0002643975501119495
0.3165971791005056,0.0002647292328152538
0.31664153286614033,0.00026506091551855806
0.31668588663177505,0.0002653925982218623
0.31673024039740977,0.00026572428092516654
0.31677459416304443,0.00026605596362847076
0.31681894792867915,0.00026638764633177503
0.31686330169431387,0.0002667193290350793
0.31690765545994853,0.0002670510117383835
0.31695200922558325,0.0002673826944416878
0.316996362991218,0.00026771437714499205
0.31704071675685264,0.00026804605984829627
0.31708507052248736,0.00026837774255160054
0.3171294242881221,0.00026870942525490475
0.3171737780537568,0.000269041107958209
0.31721813181939146,0.0002693727906615133
0.3172624855850262,0.0002697044733648175
0.3173068393506609,0.0002700361560681218
0.31735119311629556,0.00027036783877142605
0.3173955468819303,0.00027069952147473026
0.317439900647565,0.00027103120417803453
0.31748425441319966,0.00027136288688133875
0.3175286081788344,0.000271694569584643
0.3175729619444691,0.0002720262522879473
0.3176173157101038,0.0002723579349912515
0.3176616694757385,0.0002726896176945558
0.3177060232413732,0.00027302130039786004
0.3177503770070079,0.00027335298310116426
0.3177947307726426,0.00027368466580446853
0.3178390845382773,0.0002740163485077728
0.317883438303912,0.000274348031211077
0.3179277920695467,0.0002746797139143813
0.3179721458351814,0.0002750113966176855
0.3180164996008161,0.00027534307932098977
0.3180608533664508,0.00027567476202429404
0.3181052071320855,0.00027600644472759825
0.31814956089772023,0.0002763381274309025
0.31819391466335495,0.0002766698101342068
0.3182382684289896,0.000277001492837511
0.31828262219462433,0.0002773331755408153
0.31832697596025905,0.0002776648582441195
0.3183713297258937,0.00027799654094742376
0.31841568349152843,0.00027832822365072803
0.31846003725716315,0.00027865990635403225
0.3185043910227978,0.0002789915890573365
0.31854874478843254,0.0002793232717606408
0.31859309855406726,0.000279654954463945
0.318637452319702,0.00027998663716724927
0.31868180608533664,0.0002803183198705535
0.31872615985097136,0.00028065000257385776
0.3187705136166061,0.00028098168527716203
0.31881486738224074,0.00028131336798046624
0.31885922114787546,0.0002816450506837705
0.3189035749135102,0.0002819767333870748
0.31894792867914484,0.000282308416090379
0.31899228244477956,0.00028264009879368327
0.3190366362104143,0.00028297178149698754
0.31908098997604895,0.00028330346420029175
0.31912534374168366,0.000283635146903596
0.3191696975073184,0.00028396682960690024
0.3192140512729531,0.0002842985123102045
0.31925840503858777,0.0002846301950135088
0.3193027588042225,0.000284961877716813
0.3193471125698572,0.00028529356042011726
0.31939146633549187,0.00028562524312342153
0.3194358201011266,0.00028595692582672575
0.3194801738667613,0.00028628860853003
0.31952452763239597,0.00028662029123333423
0.3195688813980307,0.0002869519739366385
0.3196132351636654,0.00028728365663994277
0.31965758892930013,0.000287615339343247
0.3197019426949348,0.00028794702204655126
0.3197462964605695,0.0002882787047498555
0.31979065022620423,0.00028861038745315974
0.3198350039918389,0.000288942070156464
0.3198793577574736,0.0002892737528597683
0.31992371152310833,0.0002896054355630725
0.319968065288743,0.00028993711826637677
0.3200124190543777,0.000290268800969681
0.32005677282001244,0.00029060048367298525
0.3201011265856471,0.0002909321663762895
0.3201454803512818,0.00029126384907959374
0.32018983411691654,0.000291595531782898
0.32023418788255126,0.0002919272144862023
0.3202785416481859,0.0002922588971895065
0.32032289541382064,0.00029259057989281076
0.32036724917945536,0.000292922262596115
0.32041160294509,0.00029325394529941925
0.32045595671072474,0.0002935856280027235
0.32050031047635946,0.00029391731070602773
0.3205446642419941,0.000294248993409332
0.32058901800762885,0.00029458067611263627
0.32063337177326356,0.0002949123588159405
0.3206777255388983,0.00029524404151924476
0.32072207930453295,0.00029557572422254897
0.32076643307016767,0.00029590740692585324
0.3208107868358024,0.0002962390896291575
0.32085514060143705,0.0002965707723324617
0.32089949436707177,0.000296902455035766
0.3209438481327065,0.00029723413773907027
0.32098820189834115,0.0002975658204423745
0.32103255566397587,0.00029789750314567875
0.3210769094296106,0.000298229185848983
0.32112126319524525,0.00029856086855228724
0.32116561696088,0.0002988925512555915
0.3212099707265147,0.0002992242339588957
0.3212543244921494,0.0002995559166622
0.3212986782577841,0.00029988759936550426
0.3213430320234188,0.0003002192820688085
0.3213873857890535,0.00030055096477211275
0.3214317395546882,0.000300882647475417
0.3214760933203229,0.00030121433017872123
0.3215204470859576,0.0003015460128820255
0.3215648008515923,0.0003018776955853297
0.321609154617227,0.000302209378288634
0.3216535083828617,0.00030254106099193825
0.32169786214849644,0.00030287274369524247
0.3217422159141311,0.00030320442639854674
0.3217865696797658,0.000303536109101851
0.32183092344540054,0.0003038677918051552
0.3218752772110352,0.0003041994745084595
0.3219196309766699,0.0003045311572117637
0.32196398474230464,0.000304862839915068
0.3220083385079393,0.00030519452261837225
0.322052692273574,0.00030552620532167646
0.32209704603920875,0.00030585788802498073
0.3221413998048434,0.000306189570728285
0.32218575357047813,0.0003065212534315892
0.32223010733611285,0.0003068529361348935
0.32227446110174757,0.00030718461883819776
0.32231881486738223,0.000307516301541502
0.32236316863301695,0.00030784798424480624
0.32240752239865167,0.00030817966694811046
0.32245187616428633,0.00030851134965141473
0.32249622992992105,0.000308843032354719
0.32254058369555577,0.0003091747150580232
0.32258493746119044,0.0003095063977613275
0.32262929122682515,0.00030983808046463175
0.3226736449924599,0.00031016976316793597
0.3227179987580946,0.00031050144587124024
0.32276235252372926,0.00031083312857454445
0.322806706289364,0.0003111648112778487
0.3228510600549987,0.000311496493981153
0.32289541382063336,0.0003118281766844572
0.3229397675862681,0.0003121598593877615
0.3229841213519028,0.00031249154209106575
0.32302847511753746,0.00031282322479436996
0.3230728288831722,0.00031315490749767423
0.3231171826488069,0.0003134865902009785
0.32316153641444156,0.0003138182729042827
0.3232058901800763,0.000314149955607587
0.323250243945711,0.0003144816383108912
0.3232945977113457,0.0003148133210141955
0.3233389514769804,0.00031514500371749974
0.3233833052426151,0.00031547668642080396
0.3234276590082498,0.00031580836912410823
0.3234720127738845,0.0003161400518274125
0.3235163665395192,0.0003164717345307167
0.3235607203051539,0.000316803417234021
0.3236050740707886,0.0003171350999373252
0.3236494278364233,0.00031746678264062947
0.32369378160205803,0.00031779846534393374
0.32373813536769275,0.00031813014804723795
0.3237824891333274,0.0003184618307505422
0.32382684289896213,0.0003187935134538465
0.32387119666459685,0.0003191251961571507
0.3239155504302315,0.000319456878860455
0.32395990419586623,0.0003197885615637592
0.32400425796150095,0.00032012024426706346
0.3240486117271356,0.00032045192697036773
0.32409296549277034,0.00032078360967367195
0.32413731925840505,0.0003211152923769762
0.3241816730240398,0.0003214469750802805
0.32422602678967444,0.0003217786577835847
0.32427038055530916,0.00032211034048688897
0.3243147343209439,0.00032244202319019324
0.32435908808657854,0.00032277370589349746
0.32440344185221326,0.00032310538859680173
0.324447795617848,0.00032343707130010594
0.32449214938348264,0.0003237687540034102
0.32453650314911736,0.0003241004367067145
0.3245808569147521,0.0003244321194100187
0.32462521068038674,0.00032476380211332297
0.32466956444602146,0.00032509548481662724
0.3247139182116562,0.00032542716751993145
0.3247582719772909,0.0003257588502232357
0.32480262574292557,0.00032609053292653994
0.3248469795085603,0.0003264222156298442
0.324891333274195,0.0003267538983331485
0.32493568703982967,0.0003270855810364527
0.3249800408054644,0.00032741726373975696
0.3250243945710991,0.00032774894644306123
0.32506874833673377,0.00032808062914636545
0.3251131021023685,0.0003284123118496697
0.3251574558680032,0.00032874399455297393
0.32520180963363793,0.0003290756772562782
0.3252461633992726,0.00032940735995958247
0.3252905171649073,0.0003297390426628867
0.32533487093054203,0.00033007072536619096
0.3253792246961767,0.0003304024080694952
0.3254235784618114,0.00033073409077279944
0.32546793222744613,0.0003310657734761037
0.3255122859930808,0.000331397456179408
0.3255566397587155,0.0003317291388827122
0.32560099352435024,0.00033206082158601647
0.3256453472899849,0.0003323925042893207
0.3256897010556196,0.00033272418699262495
0.32573405482125434,0.0003330558696959292
0.32577840858688906,0.00033338755239923344
0.3258227623525237,0.0003337192351025377
0.32586711611815844,0.000334050917805842
0.32591146988379316,0.0003343826005091462
0.3259558236494278,0.00033471428321245046
0.32600017741506254,0.0003350459659157547
0.32604453118069726,0.00033537764861905895
0.3260888849463319,0.0003357093313223632
0.32613323871196664,0.0003360443308527005
0.32617759247760136,0.00033638596403710386
0.3262219462432361,0.0003367275972215072
0.32626630000887075,0.0003370692304059106
0.32631065377450547,0.000337414180417347
0.3263550075401402,0.00033776244725581644
0.32639936130577485,0.00033812066457538503
0.32644371507140957,0.00033848551554901973
0.3264880688370443,0.00033885368334968745
0.32653242260267895,0.0003392251679773882
0.32657677636831367,0.00033959665260508895
0.3266211301339484,0.00033997145405982284
0.32666548389958305,0.0003403528891686227
0.3267098376652178,0.00034073432427742266
0.3267541914308525,0.00034112239304028865
0.3267985451964872,0.00034151377863018766
0.3268428989621219,0.00034190848104711976
0.3268872527277566,0.0003423065002910849
0.3269316064933913,0.00034270451953505
0.326975960259026,0.0003431025387790151
0.3270203140246607,0.0003435071916770463
0.3270646677902954,0.0003439118445750775
0.3271090215559301,0.00034431981430014174
0.3271533753215648,0.00034472778402520594
0.3271977290871995,0.0003451357537502702
0.32724208285283424,0.0003455503571294005
0.3272864366184689,0.0003459649605085308
0.3273307903841036,0.00034637956388766113
0.32737514414973834,0.00034679416726679144
0.327419497915373,0.00034720877064592175
0.3274638516810077,0.00034762337402505206
0.32750820544664244,0.00034803797740418237
0.3275525592122771,0.0003484525807833127
0.3275969129779118,0.000348867184162443
0.32764126674354654,0.0003492817875415733
0.3276856205091812,0.0003496963909207036
0.3277299742748159,0.0003501109942998339
0.32777432804045065,0.00035052559767896423
0.32781868180608537,0.00035094020105809454
0.32786303557172003,0.00035135480443722485
0.32790738933735475,0.00035176940781635516
0.32795174310298947,0.00035218401119548547
0.32799609686862413,0.0003525986145746158
0.32804045063425885,0.0003530132179537461
0.32808480439989357,0.0003534278213328764
0.32812915816552823,0.00035384242471200677
0.32817351193116295,0.0003542570280911371
0.3282178656967977,0.0003546716314702674
0.3282622194624324,0.0003550862348493977
0.32830657322806706,0.000355500838228528
0.3283509269937018,0.0003559154416076583
0.3283952807593365,0.0003563300449867886
0.32843963452497116,0.00035674464836591894
0.3284839882906059,0.00035715925174504925
0.3285283420562406,0.00035757385512417956
0.32857269582187526,0.00035798845850330987
0.32861704958751,0.0003584030618824402
0.3286614033531447,0.0003588176652615705
0.32870575711877936,0.0003592322686407008
0.3287501108844141,0.0003596468720198311
0.3287944646500488,0.0003600614753989614
0.3288388184156835,0.0003604760787780917
0.3288831721813182,0.00036089068215722204
0.3289275259469529,0.00036130528553635235
0.3289718797125876,0.00036171988891548266
0.3290162334782223,0.00036213449229461297
0.329060587243857,0.0003625490956737433
0.3291049410094917,0.0003629636990528736
0.3291492947751264,0.0003633783024320039
0.3291936485407611,0.0003637929058111342
0.3292380023063958,0.0003642075091902645
0.32928235607203055,0.0003646221125693948
0.3293267098376652,0.0003650367159485252
0.32937106360329993,0.0003654513193276555
0.32941541736893465,0.0003658659227067858
0.3294597711345693,0.0003662805260859161
0.32950412490020403,0.00036669512946504643
0.32954847866583875,0.00036710973284417674
0.3295928324314734,0.00036752433622330705
0.32963718619710813,0.00036793893960243736
0.32968153996274285,0.00036835354298156767
0.3297258937283775,0.000368768146360698
0.32977024749401224,0.0003691827497398283
0.32981460125964696,0.0003695973531189586
0.3298589550252817,0.0003700119564980889
0.32990330879091634,0.0003704265598772192
0.32994766255655106,0.00037084448008338256
0.3299920163221858,0.0003712756675976781
0.33003637008782044,0.0003717068551119736
0.33008072385345516,0.0003721546267614343
0.3301250776190899,0.000372602398410895
0.33016943138472454,0.0003730501700603557
0.33021378515035926,0.0003735045753638825
0.330258138915994,0.0003739622974944424
0.3303024926816287,0.00037443328693313445
0.33034684644726336,0.00037490427637182653
0.3303912002128981,0.0003753785826375516
0.3304355539785328,0.0003758595225573428
0.33047990774416747,0.0003763470961312
0.3305242615098022,0.0003768379865320903
0.3305686152754369,0.0003773288769329806
0.33061296904107157,0.0003778197673338709
0.3306573228067063,0.0003783172913888273
0.330701676572341,0.0003788148154437837
0.33074603033797567,0.0003793123394987401
0.3307903841036104,0.00037980986355369643
0.3308347378692451,0.0003803073876086528
0.33087909163487983,0.0003808049116636092
0.3309234454005145,0.00038130243571856553
0.3309677991661492,0.00038179995977352194
0.33101215293178393,0.0003822974838284783
0.3310565066974186,0.0003827950078834347
0.3311008604630533,0.00038329253193839104
0.33114521422868803,0.00038379005599334745
0.3311895679943227,0.0003842875800483038
0.3312339217599574,0.00038478510410326015
0.33127827552559214,0.00038528262815821655
0.33132262929122686,0.0003857801522131729
0.3313669830568615,0.0003862776762681293
0.33141133682249624,0.00038677520032308566
0.33145569058813096,0.00038727272437804206
0.3315000443537656,0.0003877702484329984
0.33154439811940034,0.0003882677724879548
0.33158875188503506,0.00038876529654291117
0.3316331056506697,0.0003892628205978675
0.33167745941630444,0.0003897603446528239
0.33172181318193916,0.00039025786870778027
0.3317661669475739,0.0003907553927627367
0.33181052071320855,0.000391252916817693
0.33185487447884326,0.00039175044087264943
0.331899228244478,0.0003922479649276058
0.33194358201011265,0.0003927454889825622
0.33198793577574737,0.00039324301303751854
0.3320322895413821,0.00039374053709247494
0.33207664330701675,0.0003942380611474313
0.33212099707265147,0.00039473558520238764
0.3321653508382862,0.00039523310925734405
0.33220970460392085,0.0003957306333123004
0.33225405836955557,0.0003962281573672568
0.3322984121351903,0.00039672568142221315
0.332342765900825,0.00039722320547716956
0.3323871196664597,0.0003977207295321259
0.3324314734320944,0.0003982182535870823
0.3324758271977291,0.00039871577764203866
0.3325201809633638,0.000399213301696995
0.3325645347289985,0.0003997108257519514
0.3326088884946332,0.00040020834980690777
0.3326532422602679,0.00040070587386186417
0.3326975960259026,0.0004012033979168205
0.3327419497915373,0.0004017009219717769
0.33278630355717204,0.0004021984460267333
0.3328306573228067,0.0004026959700816897
0.3328750110884414,0.00040319349413664603
0.33291936485407614,0.0004036910181916024
0.3329637186197108,0.0004041885422465588
0.3330080723853455,0.00040468606630151514
0.33305242615098024,0.00040518359035647154
0.3330967799166149,0.0004056811144114279
0.3331411336822496,0.0004061786384663843
0.33318548744788434,0.00040667616252134064
0.333229841213519,0.00040717368657629705
0.3332741949791537,0.0004076712106312534
0.33331854874478845,0.00040816873468620975
0.33336290251042316,0.00040866625874116615
0.33340725627605783,0.0004091637827961225
0.33345161004169255,0.0004096613068510789
0.33349596380732727,0.00041015883090603526
0.33354031757296193,0.00041065635496099166
0.33358467133859665,0.000411153879015948
0.33362902510423137,0.0004116514030709044
0.33367337886986603,0.00041214892712586077
0.33371773263550075,0.0004126464511808171
0.33376208640113547,0.0004131439752357735
0.3338064401667702,0.0004136414992907299
0.33385079393240485,0.0004141390233456863
0.3338951476980396,0.00041463654740064263
0.3339395014636743,0.00041513407145559903
0.33398385522930896,0.0004156315955105554
0.3340282089949437,0.0004161291195655118
0.3340725627605784,0.00041662664362046814
0.33411691652621306,0.0004171241676754245
0.3341612702918478,0.0004176216917303809
0.3342056240574825,0.00041811921578533724
0.33424997782311716,0.00041861673984029365
0.3342943315887519,0.00041911426389525
0.3343386853543866,0.0004196117879502064
0.3343830391200213,0.00042010931200516275
0.334427392885656,0.00042060683606011916
0.3344717466512907,0.0004211043601150755
0.3345161004169254,0.00042160188417003186
0.3345604541825601,0.00042209940822498826
0.3346048079481948,0.0004225969322799446
0.3346491617138295,0.000423094456334901
0.3346935154794642,0.00042359198038985737
0.3347378692450989,0.00042408950444481377
0.3347822230107336,0.0004245870284997701
0.33482657677636835,0.0004250845525547265
0.334870930542003,0.0004255820766096829
0.33491528430763773,0.00042607960066463923
0.33495963807327245,0.00042657712471959563
0.3350039918389071,0.000427074648774552
0.33504834560454183,0.0004275721728295084
0.33509269937017655,0.00042806969688446474
0.3351370531358112,0.00042856722093942114
0.33518140690144593,0.0004290647449943775
0.33522576066708065,0.0004295622690493339
0.3352701144327153,0.00043005979310429025
0.33531446819835004,0.0004305573171592466
0.33535882196398475,0.000431054841214203
0.3354031757296195,0.00043155236526915935
0.33544752949525414,0.00043204988932411576
0.33549188326088886,0.0004325474133790721
0.3355362370265236,0.0004330449374340285
0.33558059079215824,0.00043354246148898486
0.33562494455779296,0.00043403998554394127
0.3356692983234277,0.0004345375095988976
0.33571365208906234,0.00043503503365385397
0.33575800585469706,0.00043553255770881037
0.3358023596203318,0.0004360300817637667
0.3358467133859665,0.0004365276058187231
0.33589106715160116,0.0004370251298736795
0.3359354209172359,0.0004375226539286359
0.3359797746828706,0.00043802017798359223
0.33602412844850527,0.00043851770203854864
0.33606848221414,0.000439015226093505
0.3361128359797747,0.00043951275014846134
0.33615718974540937,0.00044001027420341774
0.3362015435110441,0.0004405077982583741
0.3362458972766788,0.0004410053223133305
0.33629025104231347,0.00044150284636828685
0.3363346048079482,0.00044200037042324325
0.3363789585735829,0.0004424978944781996
0.33642331233921763,0.000442995418533156
0.3364676661048523,0.00044349294258811236
0.336512019870487,0.0004439904666430687
0.33655637363612173,0.0004444879906980251
0.3366007274017564,0.00044498551475298146
0.3366450811673911,0.00044548303880793786
0.33668943493302583,0.0004459805628628942
0.3367337886986605,0.0004464780869178506
0.3367781424642952,0.00044697561097280697
0.33682249622992994,0.0004474731350277634
0.33686684999556465,0.0004479706590827197
0.3369112037611993,0.0004484681831376761
0.33695555752683404,0.0004489657071926325
0.33699991129246876,0.00044946323124758883
0.3370442650581034,0.00044996075530254523
0.33708861882373814,0.0004504582793575016
0.33713297258937286,0.000450955803412458
0.3371773263550075,0.00045145332746741434
0.33722168012064224,0.00045195085152237074
0.33726603388627696,0.0004524483755773271
0.3373103876519116,0.00045294589963228344
0.33735474141754634,0.00045344342368723985
0.33739909518318106,0.0004539409477421962
0.3374434489488158,0.0004544384717971526
0.33748780271445045,0.00045493599585210895
0.33753215648008517,0.00045543351990706536
0.3375765102457199,0.0004559310439620217
0.33762086401135455,0.0004564285680169781
0.33766521777698927,0.00045692609207193446
0.337709571542624,0.0004574236161268908
0.33775392530825865,0.0004579211401818472
0.33779827907389337,0.00045841866423680357
0.3378426328395281,0.00045891618829176
0.3378869866051628,0.0004594137123467163
0.3379313403707975,0.00045991123640167273
0.3379756941364322,0.0004604087604566291
0.3380200479020669,0.0004609062845115855
0.3380644016677016,0.00046140380856654183
0.3381087554333363,0.0004619013326214982
0.338153109198971,0.0004623988566764546
0.3381974629646057,0.00046289638073141094
0.3382418167302404,0.00046339390478636734
0.3382861704958751,0.0004638914288413237
0.3383305242615098,0.0004643889528962801
0.3383748780271445,0.00046488647695123645
0.3384192317927792,0.00046538400100619285
0.33846358555841394,0.0004658815250611492
0.3385079393240486,0.00046637904911610555
0.3385522930896833,0.00046687657317106196
0.33859664685531804,0.0004673740972260183
0.3386410006209527,0.0004678716212809747
0.3386853543865874,0.00046836914533593106
0.33872970815222214,0.00046886666939088747
0.3387740619178568,0.0004693641934458438
0.3388184156834915,0.0004698617175008002
0.33886276944912624,0.00047035924155575657
0.33890712321476096,0.0004708567656107129
0.3389514769803956,0.0004713542896656693
0.33899583074603035,0.0004718518137206257
0.33904018451166507,0.0004723493377755821
0.33908453827729973,0.00047284686183053843
0.33912889204293445,0.00047334438588549484
0.33917324580856917,0.0004738419099404512
0.33921759957420383,0.0004743394339954076
0.33926195333983855,0.00047483695805036394
0.33930630710547327,0.00047533448210532035
0.339350660871108,0.0004758320061602767
0.33939501463674265,0.00047632953021523305
0.3394393684023774,0.00047682705427018945
0.3394837221680121,0.0004773245783251458
0.33952807593364676,0.0004778221023801022
0.3395724296992815,0.00047831962643505856
0.3396167834649162,0.00047881715049001496
0.33966113723055086,0.0004793146745449713
0.3397054909961856,0.0004798121985999277
0.3397498447618203,0.00048030972265488407
0.33979419852745496,0.0004808072467098404
0.3398385522930897,0.0004813047707647968
0.3398829060587244,0.00048180229481975317
0.3399272598243591,0.0004822998188747096
0.3399716135899938,0.0004827973429296659
0.3400159673556285,0.00048329486698462233
0.3400603211212632,0.0004837923910395787
0.3401046748868979,0.0004842899150945351
0.3401490286525326,0.00048478743914949143
0.3401933824181673,0.0004852849632044478
0.340237736183802,0.0004857824872594042
0.3402820899494367,0.00048628001131436054
0.3403264437150714,0.00048677753536931694
0.34037079748070614,0.0004872750594242733
0.3404151512463408,0.0004877725834792297
0.3404595050119755,0.00048827010753418605
0.34050385877761025,0.0004887676315891424
0.3405482125432449,0.0004892651556440988
0.34059256630887963,0.0004897626796990552
0.34063692007451435,0.0004902602037540116
0.340681273840149,0.0004907577278089679
0.34072562760578373,0.0004912552518639243
0.34076998137141845,0.0004917527759188807
0.3408143351370531,0.0004922502999738371
0.34085868890268783,0.0004927478240287934
0.34090304266832255,0.0004932453480837498
0.3409473964339573,0.0004937428721387061
0.34099175019959194,0.0004942403961936626
0.34103610396522666,0.0004947379202486189
0.3410804577308614,0.0004952354443035753
0.34112481149649604,0.0004957329683585316
0.34116916526213076,0.0004962304924134881
0.3412135190277655,0.0004967280164684444
0.34125787279340014,0.0004972255405234008
0.34130222655903486,0.0004977230645783571
0.3413465803246696,0.0004982205886333135
0.3413909340903043,0.00049871811268827
0.34143528785593896,0.0004992156367432263
0.3414796416215737,0.0004997131607981826
0.3415239953872084,0.000500210684853139
0.34156834915284306,0.0005007082089080955
0.3416127029184778,0.0005012057329630518
0.3416570566841125,0.0005017032570180082
0.34170141044974717,0.0005022007810729645
0.3417457642153819,0.0005026983051279209
0.3417901179810166,0.0005031958291828773
0.34183447174665127,0.0005036933532378337
0.341878825512286,0.00050419087729279
0.3419231792779207,0.0005046884013477464
0.3419675330435554,0.0005051859254027028
0.3420118868091901,0.0005056834494576592
0.3420562405748248,0.0005061809735126155
0.34210059434045953,0.0005066784975675719
0.3421449481060942,0.0005071760216225282
0.3421893018717289,0.0005076735456774847
0.34223365563736363,0.000508171069732441
0.3422780094029983,0.0005086685937873974
0.342322363168633,0.0005091661178423537
0.34236671693426773,0.0005096636418973102
0.34241107069990245,0.0005101611659522665
0.3424554244655371,0.0005106586900072229
0.34249977823117184,0.0005111562140621792
0.34254413199680656,0.0005116537381171356
0.3425884857624412,0.0005121512621720921
0.34263283952807594,0.0005126487862270484
0.34267719329371066,0.0005131463102820048
0.3427215470593453,0.0005136438343369611
0.34276590082498004,0.0005141413583919176
0.34281025459061476,0.0005146388824468739
0.3428546083562494,0.0005151364065018303
0.34289896212188414,0.0005156339305567866
0.34294331588751886,0.0005161314546117431
0.3429876696531536,0.0005166289786666994
0.34303202341878825,0.0005171265027216558
0.34307637718442296,0.0005176240267766121
0.3431207309500577,0.0005181215508315685
0.34316508471569235,0.0005186190748865249
0.34320943848132707,0.0005191165989414813
0.3432537922469618,0.0005196141229964376
0.34329814601259645,0.000520111647051394
0.34334249977823117,0.0005206091711063504
0.3433868535438659,0.0005211066951613068
0.3434312073095006,0.0005216042192162631
0.34347556107513527,0.0005221017432712195
0.34351991484077,0.0005225992673261758
0.3435642686064047,0.0005230967913811323
0.3436086223720394,0.0005235943154360887
0.3436529761376741,0.000524091839491045
0.3436973299033088,0.0005245893635460014
0.3437416836689435,0.0005250868876009578
0.3437860374345782,0.0005255844116559142
0.3438303912002129,0.0005260819357108705
0.3438747449658476,0.0005265794597658269
0.3439190987314823,0.0005270769838207832
0.343963452497117,0.0005275745078757397
0.34400780626275174,0.000528072031930696
0.3440521600283864,0.0005285695559856524
0.3440965137940211,0.0005290737136946749
0.34414086755965584,0.0005295778714036973
0.3441852213252905,0.0005300919795938188
0.3442295750909252,0.0005306127214380065
0.34427392885655994,0.0005311400969362603
0.3443182826221946,0.0005316807397426462
0.3443626363878293,0.0005322213825490322
0.34440699015346404,0.0005327686590094842
0.34445134391909876,0.0005333159354699362
0.3444956976847334,0.0005338632119303883
0.34454005145036815,0.0005344204388719394
0.34458440521600286,0.0005349842994675567
0.34462875898163753,0.000535551476890207
0.34467311274727225,0.0005361219711398903
0.34471746651290697,0.0005366957822166066
0.34476182027854163,0.0005372762269473891
0.34480617404417635,0.0005378566716781715
0.34485052780981107,0.000538437116408954
0.34489488157544573,0.0005390175611397364
0.34493923534108045,0.0005395980058705189
0.34498358910671517,0.0005401784506013013
0.3450279428723499,0.0005407588953320837
0.34507229663798455,0.0005413393400628662
0.3451166504036193,0.0005419197847936486
0.345161004169254,0.000542500229524431
0.34520535793488866,0.0005430806742552134
0.3452497117005234,0.0005436611189859959
0.3452940654661581,0.0005442415637167783
0.34533841923179276,0.0005448220084475607
0.3453827729974275,0.0005454024531783432
0.3454271267630622,0.0005459828979091256
0.3454714805286969,0.0005465633426399081
0.3455158342943316,0.0005471437873706905
0.3455601880599663,0.000547724232101473
0.345604541825601,0.0005483046768322554
0.3456488955912357,0.0005488851215630378
0.3456932493568704,0.0005494655662938203
0.3457376031225051,0.0005500460110246027
0.3457819568881398,0.0005506264557553852
0.3458263106537745,0.0005512069004861676
0.3458706644194092,0.0005517873452169501
0.34591501818504394,0.0005523677899477324
0.3459593719506786,0.0005529482346785148
0.3460037257163133,0.0005535286794092973
0.34604807948194805,0.0005541091241400797
0.3460924332475827,0.0005546895688708622
0.34613678701321743,0.0005552700136016446
0.34618114077885215,0.000555850458332427
0.3462254945444868,0.0005564309030632095
0.34626984831012153,0.0005570113477939919
0.34631420207575625,0.0005575917925247744
0.3463585558413909,0.0005581722372555568
0.34640290960702563,0.0005587526819863393
0.34644726337266035,0.0005593331267171217
0.34649161713829507,0.0005599135714479041
0.34653597090392974,0.0005604940161786866
0.34658032466956445,0.000561074460909469
0.3466246784351992,0.0005616549056402515
0.34666903220083384,0.0005622353503710338
0.34671338596646856,0.0005628157951018163
0.3467577397321033,0.0005633962398325987
0.34680209349773794,0.0005639766845633811
0.34684644726337266,0.0005645571292941636
0.3468908010290074,0.000565137574024946
0.3469351547946421,0.0005657180187557285
0.34697950856027676,0.0005662984634865109
0.3470238623259115,0.0005668789082172934
0.3470682160915462,0.0005674593529480758
0.34711256985718086,0.0005680397976788582
0.3471569236228156,0.0005686202424096407
0.3472012773884503,0.0005692006871404231
0.34724563115408497,0.0005697811318712056
0.3472899849197197,0.000570361576601988
0.3473343386853544,0.0005709420213327705
0.34737869245098907,0.0005715224660635529
0.3474230462166238,0.0005721029107943352
0.3474673999822585,0.0005726833555251177
0.3475117537478932,0.0005732638002559001
0.3475561075135279,0.0005738442449866826
0.3476004612791626,0.0005744313233715311
0.34764481504479733,0.0005750283522374788
0.347689168810432,0.0005756253811034263
0.3477335225760667,0.0005762389941045392
0.34777787634170143,0.0005768526071056521
0.3478222301073361,0.0005774662201067648
0.3478665838729708,0.000578096417243043
0.34791093763860553,0.0005787266143793211
0.34795529140424025,0.0005793568115155992
0.3479996451698749,0.0005799936423059434
0.34804399893550964,0.0005806337899233207
0.34808835270114435,0.0005812805711947639
0.348132706466779,0.0005819273524662072
0.34817706023241374,0.0005825907178728157
0.34822141399804846,0.0005832540832794242
0.3482657677636831,0.0005839174486860328
0.34831012152931784,0.0005845808140926412
0.34835447529495256,0.0005852441794992497
0.3483988290605872,0.0005859075449058582
0.34844318282622194,0.0005865709103124667
0.34848753659185666,0.0005872342757190752
0.3485318903574914,0.0005878976411256837
0.34857624412312604,0.0005885610065322922
0.34862059788876076,0.0005892243719389007
0.3486649516543955,0.0005898877373455092
0.34870930542003015,0.0005905511027521177
0.34875365918566487,0.0005912144681587261
0.3487980129512996,0.0005918778335653347
0.34884236671693425,0.0005925411989719432
0.34888672048256897,0.0005932045643785517
0.3489310742482037,0.0005938679297851602
0.3489754280138384,0.0005945312951917687
0.34901978177947307,0.0005951946605983772
0.3490641355451078,0.0005958580260049857
0.3491084893107425,0.0005965213914115941
0.3491528430763772,0.0005971847568182027
0.3491971968420119,0.0005978481222248112
0.3492415506076466,0.0005985114876314196
0.3492859043732813,0.0005991748530380282
0.349330258138916,0.0005998382184446367
0.3493746119045507,0.0006005015838512452
0.3494189656701854,0.0006011649492578537
0.3494633194358201,0.0006018283146644622
0.3495076732014548,0.0006024916800710707
0.34955202696708954,0.0006031550454776792
0.3495963807327242,0.0006038184108842876
0.3496407344983589,0.0006044817762908962
0.34968508826399364,0.0006051451416975047
0.3497294420296283,0.0006058085071041131
0.349773795795263,0.0006064718725107217
0.34981814956089774,0.0006071352379173302
0.3498625033265324,0.0006077986033239387
0.3499068570921671,0.0006084619687305472
0.34995121085780184,0.0006091253341371556
0.34999556462343656,0.0006097886995437642
0.3500399183890712,0.0006104520649503727
0.35008427215470594,0.0006111154303569811
0.35012862592034066,0.0006117787957635897
0.3501729796859753,0.0006124421611701982
0.35021733345161005,0.0006131055265768066
0.35026168721724477,0.0006137688919834152
0.35030604098287943,0.0006144322573900236
0.35035039474851415,0.0006150956227966322
0.35039474851414887,0.0006157589882032407
0.35043910227978353,0.0006164223536098491
0.35048345604541825,0.0006170857190164577
0.35052780981105297,0.0006177490844230662
0.3505721635766877,0.0006184124498296746
0.35061651734232235,0.0006190758152362832
0.3506608711079571,0.0006197391806428917
0.3507052248735918,0.0006204025460495001
0.35074957863922646,0.0006210659114561087
0.3507939324048612,0.0006217292768627171
0.3508382861704959,0.0006223926422693257
0.35088263993613056,0.0006230560076759342
0.3509269937017653,0.0006237193730825426
0.3509713474674,0.0006243827384891512
0.3510157012330347,0.0006250461038957597
0.3510600549986694,0.0006257094693023681
0.3511044087643041,0.0006263728347089767
0.3511487625299388,0.0006270362001155851
0.3511931162955735,0.0006276995655221936
0.3512374700612082,0.0006283629309288022
0.3512818238268429,0.0006290262963354106
0.3513261775924776,0.0006296896617420192
0.3513705313581123,0.0006303530271486277
0.351414885123747,0.0006310163925552361
0.3514592388893817,0.0006316797579618447
0.3515035926550164,0.0006323431233684532
0.3515479464206511,0.0006330064887750616
0.35159230018628584,0.0006336698541816702
0.3516366539519205,0.0006343332195882786
0.3516810077175552,0.0006349965849948871
0.35172536148318995,0.0006356599504014957
0.3517697152488246,0.0006363233158081041
0.35181406901445933,0.0006369866812147127
0.35185842278009405,0.0006376500466213212
0.3519027765457287,0.0006383134120279296
0.35194713031136343,0.0006389767774345382
0.35199148407699815,0.0006396401428411466
0.35203583784263287,0.0006403035082477551
0.35208019160826753,0.0006409668736543637
0.35212454537390225,0.0006416302390609721
0.352168899139537,0.0006422936044675806
0.35221325290517164,0.0006429569698741892
0.35225760667080636,0.0006436203352807976
0.3523019604364411,0.0006442837006874062
0.35234631420207574,0.0006449470660940146
0.35239066796771046,0.0006456104315006231
0.3524350217333452,0.0006462737969072317
0.35247937549897984,0.0006469371623138401
0.35252372926461456,0.0006476005277204486
0.3525680830302493,0.0006482638931270572
0.352612436795884,0.0006489272585336656
0.35265679056151866,0.0006495906239402741
0.3527011443271534,0.0006502539893468827
0.3527454980927881,0.0006509173547534911
0.35278985185842276,0.0006515807201600997
0.3528342056240575,0.0006522440855667081
0.3528785593896922,0.0006529074509733166
0.35292291315532687,0.0006535708163799252
0.3529672669209616,0.0006542341817865336
0.3530116206865963,0.0006548975471931421
0.353055974452231,0.0006555609125997507
0.3531003282178657,0.0006562242780063591
0.3531446819835004,0.0006568876434129676
0.3531890357491351,0.0006575510088195761
0.3532333895147698,0.0006582143742261846
0.3532777432804045,0.0006588777396327931
0.35332209704603923,0.0006595411050394016
0.3533664508116739,0.0006602044704460101
0.3534108045773086,0.0006608678358526187
0.35345515834294333,0.0006615312012592271
0.35349951210857805,0.0006621945666658356
0.3535438658742127,0.0006628579320724441
0.35358821963984743,0.0006635212974790526
0.35363257340548215,0.0006641846628856611
0.3536769271711168,0.0006648480282922696
0.35372128093675154,0.0006655113936988781
0.35376563470238626,0.0006661747591054866
0.3538099884680209,0.0006668381245120951
0.35385434223365564,0.0006675014899187036
0.35389869599929036,0.0006681648553253122
0.353943049764925,0.0006688282207319206
0.35398740353055974,0.0006694915861385291
0.35403175729619446,0.0006701549515451376
0.3540761110618292,0.0006708183169517461
0.35412046482746384,0.0006714816823583546
0.35416481859309856,0.0006721450477649631
0.3542091723587333,0.0006728084131715716
0.35425352612436795,0.0006734717785781801
0.35429787989000266,0.0006741351439847886
0.3543422336556374,0.0006747985093913971
0.35438658742127205,0.0006754618747980055
0.35443094118690677,0.0006761252402046141
0.3544752949525415,0.0006767886056112226
0.3545196487181762,0.0006774519710178311
0.35456400248381087,0.0006781153364244396
0.3546083562494456,0.0006787787018310481
0.3546527100150803,0.0006794420672376566
0.35469706378071497,0.0006801054326442651
0.3547414175463497,0.0006807687980508736
0.3547857713119844,0.0006814321634574821
0.3548301250776191,0.0006820955288640906
0.3548744788432538,0.000682758894270699
0.3549188326088885,0.0006834222596773076
0.3549631863745232,0.0006840856250839161
0.3550075401401579,0.0006847489904905246
0.3550518939057926,0.0006854123558971331
0.35509624767142733,0.0006860757213037416
0.355140601437062,0.0006867390867103501
0.3551849552026967,0.0006874024521169586
0.35522930896833144,0.000688065817523567
0.3552736627339661,0.0006887291829301756
0.3553180164996008,0.0006893925483367841
0.35536237026523554,0.0006900559137433925
0.3554067240308702,0.0006907192791500011
0.3554510777965049,0.0006913826445566096
0.35549543156213964,0.0006920460099632181
0.35553978532777436,0.0006927093753698266
0.355584139093409,0.000693372740776435
0.35562849285904374,0.0006940361061830436
0.35567284662467846,0.0006946994715896521
0.3557172003903131,0.0006953628369962605
0.35576155415594785,0.0006960262024028691
0.35580590792158256,0.0006966895678094776
0.35585026168721723,0.000697352933216086
0.35589461545285195,0.0006980162986226946
0.35593896921848667,0.0006986796640293031
0.35598332298412133,0.0006993430294359116
0.35602767674975605,0.0007000063948425201
0.35607203051539077,0.0007006697602491285
0.3561163842810255,0.0007013331256557371
0.35616073804666015,0.0007019964910623456
0.35620509181229487,0.000702659856468954
0.3562494455779296,0.0007033232218755626
0.35629379934356425,0.0007039865872821711
0.356338153109199,0.0007046499526887795
0.3563825068748337,0.0007053133180953881
0.35642686064046836,0.0007059766835019965
0.3564712144061031,0.0007066400489086051
0.3565155681717378,0.0007073034143152136
0.3565599219373725,0.000707966779721822
0.3566042757030072,0.0007086301451284306
0.3566486294686419,0.0007092935105350391
0.3566929832342766,0.0007099568759416475
0.3567373369999113,0.0007106202413482561
0.356781690765546,0.0007112836067548645
0.3568260445311807,0.000711946972161473
0.3568703982968154,0.0007126103375680816
0.3569147520624501,0.00071327370297469
0.3569591058280848,0.0007139370683812986
0.3570034595937195,0.0007146004337879071
0.3570478133593542,0.0007152637991945155
0.3570921671249889,0.0007159271646011241
0.35713652089062364,0.0007165905300077326
0.3571808746562583,0.000717253895414341
0.357225228421893,0.0007179172608209496
0.35726958218752775,0.000718580626227558
0.3573139359531624,0.0007192439916341665
0.35735828971879713,0.0007199073570407751
0.35740264348443185,0.0007205707224473835
0.3574469972500665,0.000721234087853992
0.35749135101570123,0.0007218974532606006
0.35753570478133595,0.000722560818667209
0.35758005854697067,0.0007232241840738176
0.35762441231260533,0.000723887549480426
0.35766876607824005,0.0007245509148870345
0.35771311984387477,0.0007252142802936431
0.35775747360950944,0.0007258776457002515
0.35780182737514415,0.00072654101110686
0.3578461811407789,0.0007272043765134686
0.35789053490641354,0.000727867741920077
0.35793488867204826,0.0007285311073266856
0.357979242437683,0.000729194472733294
0.35802359620331764,0.0007298578381399025
0.35806794996895236,0.0007305212035465111
0.3581123037345871,0.0007311845689531195
0.3581566575002218,0.000731847934359728
0.35820101126585646,0.0007325112997663366
0.3582453650314912,0.000733174665172945
0.3582897187971259,0.0007338380305795535
0.35833407256276056,0.0007345013959861621
0.3583784263283953,0.0007351647613927705
0.35842278009403,0.000735828126799379
0.35846713385966467,0.0007364914922059875
0.3585114876252994,0.000737154857612596
0.3585558413909341,0.0007378182230192046
0.3586001951565688,0.000738481588425813
0.3586445489222035,0.0007391449538324215
0.3586889026878382,0.0007398083192390301
0.3587332564534729,0.0007404716846456385
0.3587776102191076,0.000741135050052247
0.3588219639847423,0.0007417984154588555
0.35886631775037703,0.000742461780865464
0.3589106715160117,0.0007431251462720725
0.3589550252816464,0.000743788511678681
0.35899937904728113,0.0007444518770852895
0.3590437328129158,0.0007451152424918981
0.3590880865785505,0.0007457786078985065
0.35913244034418523,0.000746441973305115
0.35917679410981995,0.0007471053387117236
0.3592211478754546,0.000747768704118332
0.35926550164108934,0.0007484320695249405
0.35930985540672405,0.000749095434931549
0.3593542091723587,0.0007497588003381575
0.35939856293799344,0.000750422165744766
0.35944291670362816,0.0007510855311513745
0.3594872704692628,0.000751748896557983
0.35953162423489754,0.0007524122619645916
0.35957597800053226,0.0007530756273712
0.359620331766167,0.0007537389927778085
0.35966468553180164,0.000754402358184417
0.35970903929743636,0.0007550657235910255
0.3597533930630711,0.000755729088997634
0.35979774682870574,0.0007563924544042425
0.35984210059434046,0.000757055819810851
0.3598864543599752,0.0007577191852174595
0.35993080812560985,0.000758382550624068
0.35997516189124457,0.0007590459160306765
0.3600195156568793,0.000759709281437285
0.360063869422514,0.0007603726468438935
0.36010822318814867,0.000761036012250502
0.3601525769537834,0.0007616993776571105
0.3601969307194181,0.000762362743063719
0.36024128448505277,0.0007630261084703275
0.3602856382506875,0.000763689473876936
0.3603299920163222,0.0007643528392835445
0.3603743457819569,0.000765016204690153
0.3604186995475916,0.0007656795700967615
0.3604630533132263,0.00076634293550337
0.360507407078861,0.0007670063009099784
0.3605517608444957,0.000767669666316587
0.3605961146101304,0.0007683330317231955
0.36064046837576513,0.000768996397129804
0.3606848221413998,0.0007696597625364125
0.3607291759070345,0.000770323127943021
0.36077352967266924,0.0007709864933496295
0.3608178834383039,0.000771649858756238
0.3608622372039386,0.0007723132241628464
0.36090659096957334,0.000772976589569455
0.360950944735208,0.0007736399549760635
0.3609952985008427,0.000774303320382672
0.36103965226647744,0.0007749666857892805
0.36108400603211216,0.000775630051195889
0.3611283597977468,0.0007762934166024975
0.36117271356338154,0.000776956782009106
0.36121706732901626,0.0007776201474157144
0.3612614210946509,0.000778283512822323
0.36130577486028564,0.0007789468782289315
0.36135012862592036,0.0007796102436355399
0.361394482391555,0.0007802736090421485
0.36143883615718975,0.000780936974448757
0.36148318992282447,0.0007816003398553654
0.36152754368845913,0.000782263705261974
0.36157189745409385,0.0007829270706685825
0.36161625121972857,0.000783590436075191
0.3616606049853633,0.0007842538014817995
0.36170495875099795,0.0007849171668884079
0.36174931251663267,0.0007855805322950165
0.3617936662822674,0.000786243897701625
0.36183802004790205,0.0007869072631082334
0.3618823738135368,0.000787570628514842
0.3619267275791715,0.0007882339939214505
0.36197108134480616,0.0007888973593280589
0.3620154351104409,0.0007895607247346675
0.3620597888760756,0.0007902240901412759
0.3621041426417103,0.0007908874555478845
0.362148496407345,0.000791550820954493
0.3621928501729797,0.0007922141863611014
0.3622372039386144,0.00079287755176771
0.3622815577042491,0.0007935409171743185
0.3623259114698838,0.0007942042825809269
0.3623702652355185,0.0007948676479875355
0.3624146190011532,0.000795531013394144
0.3624589727667879,0.0007961943788007524
0.3625033265324226,0.000796857744207361
0.3625476802980573,0.0007975211096139694
0.362592034063692,0.000798184475020578
0.3626363878293267,0.0007988478404271865
0.36268074159496144,0.0007995112058337949
0.3627250953605961,0.0008001745712404035
0.3627694491262308,0.000800837936647012
0.36281380289186554,0.0008015013020536204
0.3628581566575002,0.000802164667460229
0.3629025104231349,0.0008028280328668374
0.36294686418876965,0.0008034913982734459
0.3629912179544043,0.0008041547636800545
0.36303557172003903,0.0008048181290866629
0.36307992548567375,0.0008054814944932715
0.36312427925130847,0.00080614485989988
0.36316863301694313,0.0008068082253064884
0.36321298678257785,0.000807471590713097
0.36325734054821257,0.0008081349561197054
0.36330169431384723,0.0008087983215263139
0.36334604807948195,0.0008094616869329225
0.3633904018451167,0.0008101250523395309
0.36343475561075134,0.0008107884177461394
0.36347910937638606,0.000811451783152748
0.3635234631420208,0.0008121151485593564
0.36356781690765544,0.000812778513965965
0.36361217067329016,0.0008134418793725735
0.3636565244389249,0.0008141052447791819
0.3637008782045596,0.0008147686101857905
0.36374523197019426,0.0008154319755923989
0.363789585735829,0.0008160953409990074
0.3638339395014637,0.000816758706405616
0.36387829326709836,0.0008174220718122244
0.3639226470327331,0.0008180854372188329
0.3639670007983678,0.0008187488026254415
0.36401135456400247,0.0008194121680320499
0.3640557083296372,0.0008200755334386585
0.3641000620952719,0.0008207388988452669
0.3641444158609066,0.0008214022642518754
0.3641887696265413,0.000822065629658484
0.364233123392176,0.0008227289950650924
0.3642774771578107,0.0008233923604717009
0.3643218309234454,0.0008240557258783095
0.3643661846890801,0.0008247190912849179
0.3644105384547148,0.0008253824566915264
0.3644548922203495,0.0008260458220981349
0.3644992459859842,0.0008267091875047434
0.36454359975161893,0.000827372552911352
0.3645879535172536,0.0008280359183179604
0.3646323072828883,0.0008286992837245689
0.36467666104852303,0.0008293626491311775
0.36472101481415775,0.0008300260145377859
0.3647653685797924,0.0008306893799443944
0.36480972234542713,0.000831352745351003
0.36485407611106185,0.0008320161107576114
0.3648984298766965,0.0008326794761642199
0.36494278364233124,0.0008333428415708284
0.36498713740796596,0.0008340062069774369
0.3650314911736006,0.0008346695723840454
0.36507584493923534,0.0008353329377906539
0.36512019870487006,0.0008359963031972624
0.3651645524705048,0.000836659668603871
0.36520890623613944,0.0008373230340104794
0.36525326000177416,0.0008379863994170879
0.3652976137674089,0.0008386497648236964
0.36534196753304354,0.0008393131302303049
0.36538632129867826,0.0008399764956369134
0.365430675064313,0.0008406398610435219
0.36547502882994765,0.0008413032264501304
0.36551938259558236,0.000841966591856739
0.3655637363612171,0.0008426299572633474
0.36560809012685175,0.0008432933226699559
0.36565244389248647,0.0008439566880765645
0.3656967976581212,0.0008446200534831729
0.3657411514237559,0.0008452834188897814
0.36578550518939057,0.0008459467842963899
0.3658298589550253,0.0008466101497029984
0.36587421272066,0.0008472735151096069
0.36591856648629467,0.0008479368805162154
0.3659629202519294,0.0008486002459228239
0.3660072740175641,0.0008492636113294324
0.3660516277831988,0.0008499269767360409
0.3660959815488335,0.0008505903421426494
0.3661403353144682,0.0008512537075492578
0.36618468908010293,0.0008519170729558664
0.3662290428457376,0.0008525804383624749
0.3662733966113723,0.0008532438037690834
0.36631775037700703,0.0008539071691756919
0.3663621041426417,0.0008545705345823004
0.3664064579082764,0.0008552338999889089
0.36645081167391114,0.0008558972653955174
0.3664951654395458,0.0008565606308021258
0.3665395192051805,0.0008572239962087344
0.36658387297081524,0.0008578873616153429
0.3666282267364499,0.0008585507270219513
0.3666725805020846,0.0008592140924285599
0.36671693426771934,0.0008598774578351684
0.36676128803335406,0.0008605408232417769
0.3668056417989887,0.0008612041886483854
0.36684999556462344,0.0008618675540549939
0.36689434933025816,0.0008625309194616024
0.3669387030958928,0.0008631942848682109
0.36698305686152755,0.0008638576502748193
0.36702741062716226,0.0008645210156814279
0.36707176439279693,0.0008651843810880364
0.36711611815843165,0.0008658477464946448
0.36716047192406637,0.0008665111119012534
0.3672048256897011,0.0008671744773078619
0.36724917945533575,0.0008678378427144704
0.36729353322097047,0.0008685012081210789
0.3673378869866052,0.0008691645735276873
0.36738224075223985,0.0008698279389342959
0.36742659451787457,0.0008704913043409044
0.3674709482835093,0.0008711546697475128
0.36751530204914395,0.0008718180351541214
0.3675596558147787,0.0008724814005607299
0.3676040095804134,0.0008731447659673383
0.3676483633460481,0.0008738081313739469
0.3676927171116828,0.0008744714967805553
0.3677370708773175,0.0008751348621871639
0.3677814246429522,0.0008757982275937724
0.3678257784085869,0.0008764615930003808
0.3678701321742216,0.0008771249584069894
0.3679144859398563,0.0008777883238135979
0.367958839705491,0.0008784516892202063
0.3680031934711257,0.0008791150546268149
0.3680475472367604,0.0008797784200334234
0.3680919010023951,0.0008804417854400318
0.3681362547680298,0.0008811051508466404
0.3681806085336645,0.0008817685162532488
0.36822496229929924,0.0008824318816598574
0.3682693160649339,0.0008830952470664659
0.3683136698305686,0.0008837586124730743
0.36835802359620334,0.0008844219778796829
0.368402377361838,0.0008850853432862914
0.3684467311274727,0.0008857487086928998
0.36849108489310745,0.0008864120740995084
0.3685354386587421,0.0008870754395061168
0.36857979242437683,0.0008877388049127253
0.36862414619001155,0.0008884021703193339
0.36866849995564627,0.0008890655357259423
0.36871285372128093,0.0008897289011325509
0.36875720748691565,0.0008903922665391594
0.36880156125255037,0.0008910556319457678
0.36884591501818503,0.0008917189973523764
0.36889026878381975,0.0008923823627589849
0.36893462254945447,0.0008930457281655933
0.36897897631508914,0.0008937090935722019
0.36902333008072385,0.0008943724589788103
0.3690676838463586,0.0008950358243854188
0.36911203761199324,0.0008956991897920274
0.36915639137762796,0.0008963625551986358
0.3692007451432627,0.0008970259206052444
0.3692450989088974,0.0008976892860118529
0.36928945267453206,0.0008983526514184613
0.3693338064401668,0.0008990160168250699
0.3693781602058015,0.0008996793822316783
0.36942251397143616,0.0009003427476382868
0.3694668677370709,0.0009010061130448954
0.3695112215027056,0.0009016694784515038
0.36955557526834026,0.0009023328438581123
0.369599929033975,0.0009029962092647209
0.3696442827996097,0.0009036595746713293
0.3696886365652444,0.0009043229400779379
0.3697329903308791,0.0009049863054845463
0.3697773440965138,0.0009056496708911548
0.3698216978621485,0.0009063130362977634
0.3698660516277832,0.0009069764017043718
0.3699104053934179,0.0009076397671109803
0.3699547591590526,0.0009083031325175889
0.3699991129246873,0.0009089664979241973
0.370043466690322,0.0009096298633308058
0.37008782045595673,0.0009102932287374144
0.3701321742215914,0.0009109565941440228
0.3701765279872261,0.0009116199595506313
0.37022088175286083,0.0009122833249572398
0.37026523551849555,0.0009129466903638483
0.3703095892841302,0.0009136100557704569
0.37035394304976493,0.0009142734211770653
0.37039829681539965,0.0009149367865836738
0.3704426505810343,0.0009156001519902824
0.37048700434666904,0.0009162635173968908
0.37053135811230375,0.0009169268828034993
0.3705757118779384,0.0009175902482101078
0.37062006564357314,0.0009182536136167163
0.37066441940920786,0.0009189169790233248
0.3707087731748426,0.0009195803444299333
0.37075312694047724,0.0009202437098365418
0.37079748070611196,0.0009209070752431504
0.3708418344717467,0.0009215704406497588
0.37088618823738134,0.0009222338060563673
0.37093054200301606,0.0009228971714629758
0.3709748957686508,0.0009235605368695843
0.37101924953428544,0.0009242239022761928
0.37106360329992016,0.0009248872676828013
0.3711079570655549,0.0009255506330894098
0.37115231083118955,0.0009262139984960183
0.37119666459682427,0.0009268773639026268
0.371241018362459,0.0009275407293092353
0.3712853721280937,0.0009282040947158439
0.37132972589372837,0.0009288674601224523
0.3713740796593631,0.0009295308255290608
0.3714184334249978,0.0009301941909356693
0.37146278719063247,0.0009308575563422778
0.3715071409562672,0.0009315209217488863
0.3715514947219019,0.0009321842871554948
0.3715958484875366,0.0009328476525621033
0.3716402022531713,0.0009335110179687118
0.371684556018806,0.0009341743833753203
0.37172890978444073,0.0009348377487819288
0.3717732635500754,0.0009355011141885372
0.3718176173157101,0.0009361644795951458
0.37186197108134483,0.0009368278450017543
0.3719063248469795,0.0009374912104083628
0.3719506786126142,0.0009381545758149713
0.37199503237824894,0.0009388179412215798
0.3720393861438836,0.0009394813066281883
0.3720837399095183,0.0009401446720347968
0.37212809367515304,0.0009408080374414052
0.3721724474407877,0.0009414714028480138
0.3722168012064224,0.0009421347682546223
0.37226115497205714,0.0009427981336612307
0.37230550873769186,0.0009434614990678393
0.3723498625033265,0.0009441248644744478
0.37239421626896124,0.0009447882298810563
0.37243857003459596,0.0009454515952876648
0.3724829238002306,0.0009461149606942733
0.37252727756586534,0.0009467783261008818
0.37257163133150006,0.0009474416915074903
0.3726159850971347,0.0009481050569140987
0.37266033886276945,0.0009487684223207073
0.37270469262840417,0.0009494317877273158
0.3727490463940389,0.0009500951531339242
0.37279340015967355,0.0009507585185405328
0.37283775392530827,0.0009514218839471413
0.372882107690943,0.0009520852493537498
0.37292646145657765,0.0009527486147603583
0.37297081522221237,0.0009534119801669667
0.3730151689878471,0.0009540753455735753
0.37305952275348175,0.0009547387109801838
0.3731038765191165,0.0009554020763867922
0.3731482302847512,0.0009560654417934008
0.37319258405038586,0.0009567288072000093
0.3732369378160206,0.0009573921726066177
0.3732812915816553,0.0009580555380132263
0.37332564534729,0.0009587189034198348
0.3733699991129247,0.0009593822688264433
0.3734143528785594,0.0009600456342330518
0.3734587066441941,0.0009607089996396602
0.3735030604098288,0.0009613723650462688
0.3735474141754635,0.0009620357304528773
0.3735917679410982,0.0009626990958594857
0.3736361217067329,0.0009633624612660943
0.3736804754723676,0.0009640258266727028
0.3737248292380023,0.0009646891920793112
0.37376918300363704,0.0009653525574859198
0.3738135367692717,0.0009660159228925282
0.3738578905349064,0.0009666792882991368
0.37390224430054114,0.0009673426537057453
0.3739465980661758,0.0009680060191123537
0.3739909518318105,0.0009686693845189623
0.37403530559744524,0.0009693327499255708
0.3740796593630799,0.0009699961153321792
0.3741240131287146,0.0009706594807387878
0.37416836689434935,0.0009713228461453962
0.37421272065998407,0.0009719862115520047
0.37425707442561873,0.0009726495769586133
0.37430142819125345,0.0009733129423652217
0.37434578195688817,0.0009739763077718303
0.37439013572252283,0.0009746396731784388
0.37443448948815755,0.0009753030385850472
0.37447884325379227,0.0009759730376457218
0.37452319701942693,0.0009766430367063965
0.37456755078506165,0.000977313035767071
0.3746119045506964,0.0009779830348277455
0.37465625831633104,0.0009786563507154533
0.37470061208196576,0.000979332983430194
0.3747449658476005,0.0009800129329719676
0.3747893196132352,0.0009807094666489065
0.37483367337886986,0.0009814060003258455
0.3748780271445046,0.0009821124844838836
0.3749223809101393,0.0009828222854689546
0.37496673467577396,0.000983551987416224
0.3750110884414087,0.0009842816893634932
0.3750554422070434,0.0009850113913107625
0.37509979597267806,0.0009857410932580318
0.3751441497383128,0.000986470795205301
0.3751885035039475,0.0009872038139796034
0.3752328572695822,0.000987943466407972
0.3752772110352169,0.0009886897524904064
0.3753215648008516,0.000989436038572841
0.3753659185664863,0.0009901823246552756
0.375410272332121,0.0009909286107377103
0.3754546260977557,0.0009916748968201447
0.3754989798633904,0.0009924211829025792
0.3755433336290251,0.000993167468985014
0.3755876873946598,0.0009939137550674484
0.3756320411602945,0.000994660041149883
0.3756763949259292,0.0009954063272323175
0.3757207486915639,0.0009961526133147522
0.37576510245719863,0.0009968988993971867
0.37580945622283335,0.0009976451854796212
0.375853809988468,0.0009983914715620558
0.37589816375410273,0.0009991377576444903
0.37594251751973745,0.000999884043726925
0.3759868712853721,0.0010006303298093595
0.37603122505100683,0.001001376615891794
0.37607557881664155,0.0010021229019742286
0.3761199325822762,0.001002869188056663
0.37616428634791094,0.0010036154741390978
0.37620864011354566,0.0010043617602215323
0.3762529938791804,0.001005108046303967
0.37629734764481504,0.0010058543323864014
0.37634170141044976,0.001006600618468836
0.3763860551760845,0.0010073469045512706
0.37643040894171914,0.001008093190633705
0.37647476270735386,0.0010088394767161397
0.3765191164729886,0.0010095857627985742
0.37656347023862324,0.0010103320488810087
0.37660782400425796,0.0010110783349634434
0.3766521777698927,0.0010118246210458778
0.37669653153552735,0.0010125709071283125
0.37674088530116207,0.001013317193210747
0.3767852390667968,0.0010140634792931817
0.3768295928324315,0.0010148097653756162
0.37687394659806617,0.0010155560514580506
0.3769183003637009,0.0010163023375404853
0.3769626541293356,0.0010170486236229198
0.37700700789497027,0.0010177949097053545
0.377051361660605,0.001018541195787789
0.3770957154262397,0.0010192874818702234
0.37714006919187437,0.0010200337679526581
0.3771844229575091,0.0010207800540350926
0.3772287767231438,0.0010215263401175273
0.37727313048877853,0.0010222726261999617
0.3773174842544132,0.0010230189122823964
0.3773618380200479,0.001023765198364831
0.37740619178568263,0.0010245114844472654
0.3774505455513173,0.0010252577705297
0.377494899316952,0.0010260040566121345
0.37753925308258673,0.0010267503426945692
0.3775836068482214,0.0010274966287770037
0.3776279606138561,0.0010282429148594382
0.37767231437949084,0.0010289892009418729
0.3777166681451255,0.0010297354870243073
0.3777610219107602,0.001030481773106742
0.37780537567639494,0.0010312280591891765
0.37784972944202966,0.0010319743452716112
0.3778940832076643,0.0010327206313540456
0.37793843697329904,0.0010334669174364801
0.37798279073893376,0.0010342132035189148
0.3780271445045684,0.0010349628064283824
0.37807149827020314,0.0010357190429919163
0.37811585203583786,0.0010364984973446811
0.3781602058014725,0.0010373011694866775
0.37820455956710725,0.0010381171089368058
0.37824891333274197,0.0010389429988680334
0.3782932670983767,0.001039772205626294
0.37833762086401135,0.0010406014123845546
0.37838197462964607,0.0010414306191428152
0.3784263283952808,0.0010422598259010759
0.37847068216091545,0.0010430890326593365
0.37851503592655017,0.001043918239417597
0.3785593896921849,0.0010447474461758577
0.37860374345781955,0.0010455766529341183
0.37864809722345427,0.001046405859692379
0.378692450989089,0.0010472350664506396
0.37873680475472365,0.0010480642732089004
0.3787811585203584,0.001048893479967161
0.3788255122859931,0.0010497226867254216
0.3788698660516278,0.0010505518934836823
0.3789142198172625,0.0010513811002419429
0.3789585735828972,0.0010522103070002035
0.3790029273485319,0.0010530395137584641
0.3790472811141666,0.0010538687205167247
0.3790916348798013,0.0010546979272749854
0.379135988645436,0.001055527134033246
0.3791803424110707,0.0010563563407915066
0.3792246961767054,0.0010571855475497672
0.3792690499423401,0.0010580147543080278
0.37931340370797484,0.0010588439610662885
0.3793577574736095,0.001059673167824549
0.3794021112392442,0.0010605023745828097
0.37944646500487894,0.0010613315813410703
0.3794908187705136,0.001062160788099331
0.3795351725361483,0.0010629899948575916
0.37957952630178304,0.0010638192016158522
0.3796238800674177,0.0010646484083741128
0.3796682338330524,0.0010654776151323734
0.37971258759868715,0.001066306821890634
0.3797569413643218,0.0010671360286488947
0.37980129512995653,0.0010679652354071553
0.37984564889559125,0.001068794442165416
0.37989000266122597,0.0010696236489236765
0.37993435642686063,0.0010704528556819371
0.37997871019249535,0.0010712820624401978
0.38002306395813007,0.0010721112691984584
0.38006741772376473,0.001072940475956719
0.38011177148939945,0.0010737696827149796
0.38015612525503417,0.0010745988894732402
0.38020047902066884,0.0010754280962315009
0.38024483278630355,0.0010762573029897615
0.3802891865519383,0.001077086509748022
0.380333540317573,0.0010779157165062827
0.38037789408320766,0.0010787449232645433
0.3804222478488424,0.001079574130022804
0.3804666016144771,0.0010804033367810646
0.38051095538011176,0.0010812325435393252
0.3805553091457465,0.0010820617502975858
0.3805996629113812,0.0010828909570558464
0.38064401667701586,0.001083720163814107
0.3806883704426506,0.0010845493705723677
0.3807327242082853,0.0010853785773306283
0.38077707797391996,0.001086207784088889
0.3808214317395547,0.0010870369908471495
0.3808657855051894,0.0010878661976054102
0.3809101392708241,0.0010886954043636708
0.3809544930364588,0.0010895246111219314
0.3809988468020935,0.001090353817880192
0.3810432005677282,0.0010911830246384526
0.3810875543333629,0.0010920122313967135
0.3811319080989976,0.001092841438154974
0.3811762618646323,0.0010936706449132347
0.381220615630267,0.0010944998516714953
0.3812649693959017,0.001095329058429756
0.38130932316153643,0.0010961582651880166
0.38135367692717115,0.0010969874719462772
0.3813980306928058,0.0010978166787045378
0.38144238445844053,0.0010986458854627984
0.38148673822407525,0.001099475092221059
0.3815310919897099,0.0011003042989793197
0.38157544575534463,0.0011011335057375803
0.38161979952097935,0.001101962712495841
0.381664153286614,0.0011027919192541015
0.38170850705224874,0.0011036211260123622
0.38175286081788345,0.0011044503327706228
0.3817972145835182,0.0011052795395288834
0.38184156834915284,0.001106108746287144
0.38188592211478756,0.0011069379530454046
0.3819302758804223,0.0011077671598036653
0.38197462964605694,0.0011085963665619259
0.38201898341169166,0.0011094255733201865
0.3820633371773264,0.0011102547800784471
0.38210769094296104,0.0011110839868367077
0.38215204470859576,0.0011119131935949684
0.3821963984742305,0.001112742400353229
0.38224075223986514,0.0011135716071114896
0.38228510600549986,0.0011144008138697502
0.3823294597711346,0.0011152300206280108
0.3823738135367693,0.0011160592273862715
0.38241816730240397,0.001116888434144532
0.3824625210680387,0.0011177176409027927
0.3825068748336734,0.0011185468476610533
0.38255122859930807,0.001119376054419314
0.3825955823649428,0.0011202052611775746
0.3826399361305775,0.0011210344679358352
0.38268428989621217,0.0011218636746940958
0.3827286436618469,0.0011226928814523564
0.3827729974274816,0.001123522088210617
0.38281735119311633,0.0011243512949688777
0.382861704958751,0.0011251805017271383
0.3829060587243857,0.001126009708485399
0.38295041249002043,0.0011268389152436595
0.3829947662556551,0.0011276681220019201
0.3830391200212898,0.0011284973287601808
0.38308347378692453,0.0011293265355184414
0.3831278275525592,0.001130155742276702
0.3831721813181939,0.0011309849490349626
0.38321653508382864,0.0011318141557932232
0.3832608888494633,0.0011326433625514839
0.383305242615098,0.0011334725693097445
0.38334959638073274,0.001134301776068005
0.38339395014636746,0.0011351309828262657
0.3834383039120021,0.0011359601895845266
0.38348265767763684,0.0011367893963427872
0.38352701144327156,0.0011376186031010478
0.3835713652089062,0.0011384478098593084
0.38361571897454094,0.001139277016617569
0.38366007274017566,0.0011401062233758297
0.3837044265058103,0.0011409354301340903
0.38374878027144504,0.001141764636892351
0.38379313403707976,0.0011425938436506115
0.3838374878027145,0.0011434230504088721
0.38388184156834915,0.0011442522571671328
0.38392619533398387,0.0011450814639253934
0.3839705490996186,0.001145910670683654
0.38401490286525325,0.0011467398774419146
0.38405925663088797,0.0011475690842001752
0.3841036103965227,0.0011483982909584359
0.38414796416215735,0.0011492274977166965
0.38419231792779207,0.001150056704474957
0.3842366716934268,0.0011508859112332177
0.38428102545906145,0.0011517151179914783
0.3843253792246962,0.001152544324749739
0.3843697329903309,0.0011533735315079996
0.3844140867559656,0.0011542027382662602
0.3844584405216003,0.0011550319450245208
0.384502794287235,0.0011558611517827814
0.3845471480528697,0.001156690358541042
0.3845915018185044,0.0011575195652993027
0.3846358555841391,0.0011583487720575633
0.3846802093497738,0.001159177978815824
0.3847245631154085,0.0011600071855740845
0.3847689168810432,0.0011608363923323452
0.3848132706466779,0.0011616655990906058
0.38485762441231264,0.0011624948058488664
0.3849019781779473,0.001163324012607127
0.384946331943582,0.0011641532193653876
0.38499068570921674,0.0011649824261236483
0.3850350394748514,0.0011658116328819089
0.3850793932404861,0.0011666408396401695
0.38512374700612084,0.0011674700463984301
0.3851681007717555,0.0011682992531566907
0.3852124545373902,0.0011691284599149514
0.38525680830302494,0.001169957666673212
0.3853011620686596,0.0011707868734314726
0.3853455158342943,0.0011716160801897332
0.38538986959992905,0.0011724452869479938
0.38543422336556377,0.0011732744937062545
0.38547857713119843,0.001174103700464515
0.38552293089683315,0.0011749329072227757
0.38556728466246787,0.0011757621139810363
0.38561163842810253,0.001176591320739297
0.38565599219373725,0.0011774205274975576
0.38570034595937197,0.0011782497342558182
0.38574469972500663,0.0011790789410140788
0.38578905349064135,0.0011799081477723394
0.3858334072562761,0.0011807373545306003
0.3858777610219108,0.0011815665612888609
0.38592211478754546,0.0011823957680471215
0.3859664685531802,0.0011832249748053821
0.3860108223188149,0.0011840541815636427
0.38605517608444956,0.0011848833883219034
0.3860995298500843,0.001185712595080164
0.386143883615719,0.0011865418018384246
0.38618823738135366,0.0011873710085966852
0.3862325911469884,0.0011882002153549458
0.3862769449126231,0.0011890294221132065
0.38632129867825776,0.001189858628871467
0.3863656524438925,0.0011906878356297277
0.3864100062095272,0.0011915170423879883
0.3864543599751619,0.001192346249146249
0.3864987137407966,0.0011931754559045096
0.3865430675064313,0.0011940046626627702
0.386587421272066,0.0011948338694210308
0.3866317750377007,0.0011956630761792914
0.3866761288033354,0.001196492282937552
0.3867204825689701,0.0011973214896958127
0.3867648363346048,0.0011981506964540733
0.3868091901002395,0.0011989799032123339
0.3868535438658742,0.0011998091099705945
0.38689789763150895,0.0012006383167288551
0.3869422513971436,0.0012014675234871158
0.38698660516277833,0.0012022967302453764
0.38703095892841305,0.001203125937003637
0.3870753126940477,0.0012039551437618976
0.38711966645968243,0.0012047843505201582
0.38716402022531715,0.0012056135572784189
0.3872083739909518,0.0012064427640366795
0.38725272775658653,0.00120727197079494
0.38729708152222125,0.0012081011775532007
0.3873414352878559,0.0012089303843114613
0.38738578905349064,0.001209759591069722
0.38743014281912536,0.0012105887978279826
0.3874744965847601,0.0012114180045862432
0.38751885035039474,0.0012122472113445038
0.38756320411602946,0.0012130764181027644
0.3876075578816642,0.001213905624861025
0.38765191164729884,0.0012147348316192857
0.38769626541293356,0.0012155640383775463
0.3877406191785683,0.001216393245135807
0.38778497294420294,0.0012172224518940675
0.38782932670983766,0.0012180516586523282
0.3878736804754724,0.0012188808654105888
0.3879180342411071,0.0012197100721688494
0.38796238800674177,0.00122053927892711
0.3880067417723765,0.0012213684856853706
0.3880510955380112,0.0012221976924436313
0.38809544930364587,0.0012230268992018919
0.3881398030692806,0.0012238561059601525
0.3881841568349153,0.0012246853127184133
0.38822851060054997,0.001225514519476674
0.3882728643661847,0.0012263503598890005
0.3883172181318194,0.0012271895171283604
0.3883615718974541,0.0012280286743677202
0.3884059256630888,0.001228874465261146
0.3884502794287235,0.001229720256154572
0.38849463319435823,0.001230575997529097
0.3885389869599929,0.0012314383725576879
0.3885833407256276,0.0012323007475862789
0.38862769449126233,0.0012331797067500353
0.388672048256897,0.0012340652995678576
0.3887164020225317,0.00123495089238568
0.38876075578816643,0.0012358464356846013
0.3888051095538011,0.001236758563118688
0.3888494633194358,0.0012376706905527749
0.38889381708507054,0.0012385828179868614
0.38893817085070526,0.0012394949454209482
0.3889825246163399,0.0012404070728550347
0.38902687838197464,0.0012413192002891215
0.38907123214760936,0.0012422313277232083
0.389115585913244,0.0012431434551572948
0.38915993967887874,0.0012440555825913816
0.38920429344451346,0.0012449677100254684
0.3892486472101481,0.001245879837459555
0.38929300097578284,0.0012467919648936417
0.38933735474141756,0.0012477040923277282
0.3893817085070523,0.001248616219761815
0.38942606227268695,0.0012495283471959018
0.38947041603832167,0.0012504404746299883
0.3895147698039564,0.001251352602064075
0.38955912356959105,0.0012522647294981619
0.38960347733522577,0.0012531768569322484
0.3896478311008605,0.0012540889843663352
0.38969218486649515,0.0012550011118004217
0.38973653863212987,0.0012559132392345085
0.3897808923977646,0.0012568253666685953
0.38982524616339925,0.0012577374941026818
0.38986959992903397,0.0012586496215367686
0.3899139536946687,0.0012595617489708551
0.3899583074603034,0.001260473876404942
0.3900026612259381,0.0012613860038390287
0.3900470149915728,0.0012622981312731152
0.3900913687572075,0.001263210258707202
0.3901357225228422,0.0012641223861412888
0.3901800762884769,0.0012650345135753753
0.3902244300541116,0.001265946641009462
0.3902687838197463,0.0012668587684435486
0.390313137585381,0.0012677708958776354
0.3903574913510157,0.0012686830233117222
0.39040184511665044,0.0012695951507458087
0.3904461988822851,0.0012705072781798955
0.3904905526479198,0.0012714194056139823
0.39053490641355454,0.0012723315330480688
0.3905792601791892,0.0012732436604821556
0.3906236139448239,0.0012741557879162421
0.39066796771045864,0.001275067915350329
0.3907123214760933,0.0012759800427844157
0.390756675241728,0.0012768921702185022
0.39080102900736274,0.001277804297652589
0.3908453827729974,0.0012787164250866758
0.3908897365386321,0.0012796285525207623
0.39093409030426685,0.001280540679954849
0.39097844406990157,0.001281466074697068
0.39102279783553623,0.00128239478626632
0.39106715160117095,0.0012833234978355719
0.39111150536680567,0.0012842522094048238
0.39115585913244033,0.0012851842378011086
0.39120021289807505,0.0012861195830244268
0.39124456666370977,0.001287064878728844
0.39128892042934443,0.0012880101744332608
0.39133327419497915,0.001288958786964711
0.39137762796061387,0.0012899339341124257
0.3914219817262486,0.001290912398087173
0.39146633549188325,0.0012918974957159867
0.391510689257518,0.0012928859101718332
0.3915550430231527,0.0012938776414547128
0.39159939678878736,0.0012948693727375927
0.3916437505544221,0.0012958644208475054
0.3916881043200568,0.001296859468957418
0.39173245808569146,0.0012978545170673308
0.3917768118513262,0.0012988495651772435
0.3918211656169609,0.0012998446132871564
0.39186551938259556,0.001300839661397069
0.3919098731482303,0.0013018347095069818
0.391954226913865,0.0013028297576168945
0.3919985806794997,0.0013038248057268074
0.3920429344451344,0.00130481985383672
0.3920872882107691,0.0013058149019466328
0.3921316419764038,0.0013068099500565455
0.3921759957420385,0.0013078049981664582
0.3922203495076732,0.0013088000462763711
0.3922647032733079,0.0013097950943862838
0.3923090570389426,0.0013107901424961965
0.3923534108045773,0.0013117851906061092
0.392397764570212,0.0013127802387160221
0.39244211833584675,0.0013137752868259348
0.3924864721014814,0.0013147703349358475
0.39253082586711613,0.0013157653830457602
0.39257517963275085,0.001316760431155673
0.3926195333983855,0.0013177554792655859
0.39266388716402023,0.0013187505273754986
0.39270824092965495,0.0013197455754854113
0.3927525946952896,0.001320740623595324
0.39279694846092433,0.0013217356717052369
0.39284130222655905,0.0013227307198151496
0.3928856559921937,0.0013237257679250623
0.39293000975782844,0.001324720816034975
0.39297436352346315,0.0013257158641448877
0.3930187172890979,0.0013267109122548006
0.39306307105473254,0.0013277059603647133
0.39310742482036726,0.001328701008474626
0.393151778586002,0.0013296960565845387
0.39319613235163664,0.0013306911046944516
0.39324048611727136,0.0013316861528043643
0.3932848398829061,0.001332681200914277
0.39332919364854074,0.0013336762490241897
0.39337354741417546,0.0013346712971341024
0.3934179011798102,0.0013356663452440153
0.3934622549454449,0.001336661393353928
0.39350660871107956,0.0013376564414638407
0.3935509624767143,0.0013386514895737534
0.393595316242349,0.0013396465376836664
0.39363967000798367,0.001340641585793579
0.3936840237736184,0.0013416366339034918
0.3937283775392531,0.0013426316820134045
0.39377273130488777,0.0013436267301233172
0.3938170850705225,0.00134462177823323
0.3938614388361572,0.0013456168263431428
0.39390579260179187,0.0013466118744530555
0.3939501463674266,0.0013476069225629682
0.3939945001330613,0.001348601970672881
0.39403885389869603,0.0013495970187827938
0.3940832076643307,0.0013505920668927065
0.3941275614299654,0.0013515871150026192
0.39417191519560013,0.001352582163112532
0.3942162689612348,0.0013535772112224448
0.3942606227268695,0.0013545722593323575
0.39430497649250423,0.0013555673074422702
0.3943493302581389,0.001356562355552183
0.3943936840237736,0.0013575574036620958
0.39443803778940834,0.0013585524517720085
0.39448239155504305,0.001359547499881921
0.3945267453206777,0.0013605425479918337
0.39457109908631244,0.0013615375961017466
0.39461545285194716,0.0013625326442116593
0.3946598066175818,0.001363527692321572
0.39470416038321654,0.0013645227404314847
0.39474851414885126,0.0013655177885413977
0.3947928679144859,0.0013665128366513104
0.39483722168012064,0.001367507884761223
0.39488157544575536,0.0013685029328711358
0.39492592921139,0.0013694979809810485
0.39497028297702474,0.0013704930290909614
0.39501463674265946,0.001371488077200874
0.3950589905082942,0.0013724831253107868
0.39510334427392885,0.0013734781734206995
0.39514769803956357,0.0013744732215306124
0.3951920518051983,0.001375468269640525
0.39523640557083295,0.0013764633177504378
0.39528075933646767,0.0013774583658603505
0.3953251131021024,0.0013784534139702634
0.39536946686773705,0.0013794484620801761
0.39541382063337177,0.0013804435101900888
0.3954581743990065,0.0013814385583000015
0.3955025281646412,0.0013824336064099142
0.3955468819302759,0.0013834286545198271
0.3955912356959106,0.0013844237026297398
0.3956355894615453,0.0013854187507396525
0.39567994322718,0.0013864137988495652
0.3957242969928147,0.0013874088469594782
0.3957686507584494,0.0013884038950693909
0.3958130045240841,0.0013893989431793036
0.3958573582897188,0.0013903939912892163
0.3959017120553535,0.001391389039399129
0.39594606582098824,0.0013923840875090419
0.3959904195866229,0.0013933791356189546
0.3960347733522576,0.0013943741837288673
0.39607912711789234,0.00139536923183878
0.396123480883527,0.001396364279948693
0.3961678346491617,0.0013973593280586056
0.39621218841479644,0.0013983543761685183
0.3962565421804311,0.001399349424278431
0.3963008959460658,0.0014003444723883437
0.39634524971170054,0.0014013395204982566
0.3963896034773352,0.0014023345686081693
0.3964339572429699,0.001403329616718082
0.39647831100860464,0.0014043246648279947
0.39652266477423936,0.0014053197129379076
0.396567018539874,0.0014063147610478203
0.39661137230550875,0.001407309809157733
0.39665572607114347,0.0014083048572676457
0.39670007983677813,0.0014092999053775584
0.39674443360241285,0.0014102949534874714
0.39678878736804757,0.001411290001597384
0.39683314113368223,0.0014122850497072968
0.39687749489931695,0.0014132800978172095
0.39692184866495167,0.0014142751459271224
0.3969662024305864,0.001415270194037035
0.39701055619622105,0.0014162652421469478
0.3970549099618558,0.0014172602902568605
0.3970992637274905,0.0014182553383667732
0.39714361749312516,0.001419250386476686
0.3971879712587599,0.0014202454345865988
0.3972323250243946,0.0014212404826965115
0.39727667879002926,0.0014222355308064242
0.397321032555664,0.0014232305789163371
0.3973653863212987,0.0014242256270262498
0.39740974008693336,0.0014252206751361625
0.3974540938525681,0.0014262157232460752
0.3974984476182028,0.001427210771355988
0.3975428013838375,0.0014282058194659008
0.3975871551494722,0.0014292008675758135
0.3976315089151069,0.0014301959156857262
0.3976758626807416,0.001431190963795639
0.3977202164463763,0.0014321860119055519
0.397764570212011,0.0014331810600154646
0.3978089239776457,0.0014341761081253773
0.3978532777432804,0.00143517115623529
0.3978976315089151,0.0014361662043452027
0.3979419852745498,0.0014371612524551156
0.39798633904018454,0.0014381563005650283
0.3980306928058192,0.001439151348674941
0.3980750465714539,0.0014401463967848537
0.39811940033708865,0.0014411414448947666
0.3981637541027233,0.0014421364930046793
0.39820810786835803,0.001443131541114592
0.39825246163399275,0.0014441265892245047
0.3982968153996274,0.0014451216373344174
0.39834116916526213,0.0014461166854443303
0.39838552293089685,0.001447111733554243
0.3984298766965315,0.0014481067816641557
0.39847423046216623,0.0014491018297740684
0.39851858422780095,0.0014500968778839813
0.3985629379934357,0.001451091925993894
0.39860729175907034,0.0014520869741038067
0.39865164552470506,0.0014530820222137194
0.3986959992903398,0.0014540770703236321
0.39874035305597444,0.001455072118433545
0.39878470682160916,0.0014560671665434578
0.3988290605872439,0.0014570622146533705
0.39887341435287854,0.0014580572627632832
0.39891776811851326,0.001459052310873196
0.398962121884148,0.0014600473589831088
0.3990064756497827,0.0014610424070930215
0.39905082941541736,0.0014620374552029342
0.3990951831810521,0.0014630325033128469
0.3991395369466868,0.0014640275514227598
0.39918389071232147,0.0014650225995326725
0.3992282444779562,0.0014660176476425852
0.3992725982435909,0.001467012695752498
0.39931695200922557,0.0014680077438624108
0.3993613057748603,0.0014690027919723235
0.399405659540495,0.0014699978400822362
0.39945001330612967,0.001470992888192149
0.3994943670717644,0.0014719879363020616
0.3995387208373991,0.0014729829844119745
0.3995830746030338,0.0014739780325218872
0.3996274283686685,0.0014749730806318
0.3996717821343032,0.0014759681287417126
0.39971613589993793,0.0014769631768516255
0.3997604896655726,0.0014779582249615382
0.3998048434312073,0.001478953273071451
0.39984919719684203,0.0014799483211813637
0.3998935509624767,0.0014809433692912764
0.3999379047281114,0.0014819384174011893
0.39998225849374613,0.001482933465511102
0.40002661225938085,0.0014839285136210147
0.4000709660250155,0.0014849235617309274
0.40011531979065024,0.0014859186098408403
0.40015967355628496,0.001486913657950753
0.4002040273219196,0.0014879087060606657
0.40024838108755434,0.0014889037541705784
0.40029273485318906,0.001489898802280491
0.4003370886188237,0.001490893850390404
0.40038144238445844,0.0014918888985003167
0.40042579615009316,0.0014928839466102294
0.4004701499157278,0.0014938789947201421
0.40051450368136254,0.001494874042830055
0.40055885744699726,0.0014958690909399677
0.400603211212632,0.0014968641390498804
0.40064756497826665,0.0014978591871597931
0.40069191874390137,0.0014988542352697058
0.4007362725095361,0.0014998492833796187
0.40078062627517075,0.0015008443314895314
0.40082498004080547,0.0015018393795994441
0.4008693338064402,0.0015028344277093568
0.40091368757207485,0.0015038294758192698
0.40095804133770957,0.0015048245239291825
0.4010023951033443,0.0015058195720390952
0.401046748868979,0.0015068146201490079
0.40109110263461367,0.0015078096682589206
0.4011354564002484,0.0015088047163688335
0.4011798101658831,0.0015097997644787462
0.4012241639315178,0.0015107948125886589
0.4012685176971525,0.0015117898606985716
0.4013128714627872,0.0015127849088084845
0.4013572252284219,0.0015137799569183972
0.4014015789940566,0.00151477500502831
0.4014459327596913,0.0015157700531382226
0.401490286525326,0.0015167651012481353
0.4015346402909607,0.0015177601493580482
0.4015789940565954,0.001518755197467961
0.40162334782223014,0.0015197502455778736
0.4016677015878648,0.0015207452936877863
0.4017120553534995,0.0015217403417976992
0.40175640911913424,0.001522735389907612
0.4018007628847689,0.0015237304380175246
0.4018451166504036,0.0015247254861274373
0.40188947041603834,0.00152572053423735
0.401933824181673,0.001526715582347263
0.4019781779473077,0.0015277106304571757
0.40202253171294244,0.0015287056785670884
0.40206688547857716,0.001529700726677001
0.4021112392442118,0.001530695774786914
0.40215559300984655,0.0015316908228968267
0.40219994677548127,0.0015326858710067394
0.40224430054111593,0.001533680919116652
0.40228865430675065,0.0015346759672265648
0.40233300807238537,0.0015356710153364777
0.40237736183802003,0.0015366660634463904
0.40242171560365475,0.001537661111556303
0.40246606936928947,0.0015386561596662158
0.40251042313492413,0.0015396512077761287
0.40255477690055885,0.0015406462558860414
0.40259913066619357,0.0015416413039959541
0.4026434844318283,0.0015426363521058668
0.40268783819746296,0.0015436314002157795
0.4027321919630977,0.0015446264483256924
0.4027765457287324,0.0015456214964356051
0.40282089949436706,0.0015466165445455178
0.4028652532600018,0.0015476115926554305
0.4029096070256365,0.0015486066407653435
0.40295396079127116,0.0015496016888752562
0.4029983145569059,0.0015505967369851689
0.4030426683225406,0.0015515917850950816
0.4030870220881753,0.0015525868332049943
0.40313137585381,0.0015535818813149072
0.4031757296194447,0.0015545769294248199
0.4032200833850794,0.0015555719775347326
0.4032644371507141,0.0015565670256446453
0.4033087909163488,0.0015575620737545582
0.4033531446819835,0.001558557121864471
0.4033974984476182,0.0015595521699743836
0.4034418522132529,0.0015605472180842963
0.4034862059788876,0.001561542266194209
0.40353055974452234,0.001562537314304122
0.403574913510157,0.0015635323624140346
0.4036192672757917,0.0015645274105239473
0.40366362104142645,0.00156552245863386
0.4037079748070611,0.001566517506743773
0.40375232857269583,0.0015675125548536856
0.40379668233833055,0.0015685076029635983
0.4038410361039652,0.001569502651073511
0.40388538986959993,0.0015704976991834237
0.40392974363523465,0.0015714927472933367
0.4039740974008693,0.0015724877954032494
0.40401845116650403,0.001573482843513162
0.40406280493213875,0.0015744778916230748
0.40410715869777347,0.0015754729397329877
0.40415151246340814,0.0015764679878429004
0.40419586622904286,0.001577463035952813
0.4042402199946776,0.0015784580840627258
0.40428457376031224,0.0015794531321726385
0.40432892752594696,0.0015804481802825514
0.4043732812915817,0.001581443228392464
0.40441763505721634,0.0015824382765023768
0.40446198882285106,0.0015834333246122895
0.4045063425884858,0.0015844283727222024
0.4045506963541205,0.0015854234208321151
0.40459505011975516,0.0015864184689420278
0.4046394038853899,0.0015874135170519405
0.4046837576510246,0.0015884085651618532
0.40472811141665926,0.0015894036132717661
0.404772465182294,0.0015903986613816788
0.4048168189479287,0.0015913937094915915
0.40486117271356337,0.0015923887576015042
0.4049055264791981,0.0015933838057114172
0.4049498802448328,0.0015943788538213299
0.40499423401046747,0.0015953739019312426
0.4050385877761022,0.0015963689500411553
0.4050829415417369,0.001597363998151068
0.4051272953073716,0.0015983590462609809
0.4051716490730063,0.0015993540943708936
0.405216002838641,0.0016003491424808063
0.40526035660427573,0.001601344190590719
0.4053047103699104,0.001602339238700632
0.4053490641355451,0.0016033342868105446
0.40539341790117983,0.0016043293349204573
0.4054377716668145,0.00160532438303037
0.4054821254324492,0.0016063194311402827
0.40552647919808393,0.0016073144792501956
0.40557083296371865,0.0016083095273601083
0.4056151867293533,0.001609304575470021
0.40565954049498804,0.0016102996235799337
0.40570389426062275,0.0016112946716898466
0.4057482480262574,0.0016122897197997593
0.40579260179189214,0.001613284767909672
0.40583695555752686,0.0016142798160195847
0.4058813093231615,0.0016152748641294974
0.40592566308879624,0.0016162699122394104
0.40597001685443096,0.001617264960349323
0.4060143706200656,0.0016182600084592358
0.40605872438570034,0.0016192550565691485
0.40610307815133506,0.0016202501046790614
0.4061474319169698,0.001621245152788974
0.40619178568260444,0.0016222402008988868
0.40623613944823916,0.0016232352490087995
0.4062804932138739,0.0016242302971187122
0.40632484697950855,0.001625225345228625
0.40636920074514327,0.0016262203933385378
0.406413554510778,0.0016272154414484505
0.40645790827641265,0.0016282104895583632
0.40650226204204737,0.0016292055376682761
0.4065466158076821,0.0016302005857781888
0.4065909695733168,0.0016311956338881015
0.40663532333895147,0.0016321906819980142
0.4066796771045862,0.001633185730107927
0.4067240308702209,0.0016341807782178398
0.4067683846358556,0.0016351758263277525
0.4068127384014903,0.0016361708744376652
0.406857092167125,0.001637165922547578
0.4069014459327597,0.0016381609706574908
0.4069457996983944,0.0016391560187674035
0.4069901534640291,0.0016401510668773163
0.4070345072296638,0.001641146114987229
0.4070788609952985,0.0016421411630971417
0.4071232147609332,0.0016431362112070546
0.40716756852656794,0.0016441312593169673
0.4072119222922026,0.00164512630742688
0.4072562760578373,0.0016461213555367927
0.40730062982347204,0.0016471164036467056
0.4073449835891067,0.0016481114517566183
0.4073893373547414,0.001649106499866531
0.40743369112037614,0.0016501015479764437
0.4074780448860108,0.0016510965960863564
0.4075223986516455,0.0016520916441962693
0.40756675241728024,0.001653086692306182
0.40761110618291496,0.0016540817404160947
0.4076554599485496,0.0016550767885260074
0.40769981371418434,0.0016560718366359203
0.40774416747981906,0.001657066884745833
0.40778852124545373,0.0016580619328557457
0.40783287501108845,0.0016590569809656584
0.40787722877672317,0.0016600520290755711
0.40792158254235783,0.001661047077185484
0.40796593630799255,0.0016620421252953967
0.40801029007362727,0.0016630371734053094
0.40805464383926193,0.0016640322215152221
0.40809899760489665,0.001665027269625135
0.40814335137053137,0.0016660223177350478
0.4081877051361661,0.0016670173658449605
0.40823205890180075,0.0016680157307819062
0.4082764126674355,0.0016690207293729182
0.4083207664330702,0.001670032361617996
0.40836512019870486,0.0016710473106901073
0.4084094739643396,0.0016720688934162844
0.4084538277299743,0.0016730904761424615
0.40849818149560896,0.0016741186925227048
0.4085425352612437,0.001675146908902948
0.4085868890268784,0.0016761917094183564
0.4086312427925131,0.0016772365099337646
0.4086755965581478,0.0016782912609302721
0.4087199503237825,0.0016793493287538125
0.4087643040894172,0.0016804107134043861
0.4088086578550519,0.001681478731709026
0.4088530116206866,0.0016825467500136656
0.4088973653863213,0.0016836214019723714
0.408941719151956,0.0016846993707581102
0.4089860729175907,0.001685777339543849
0.4090304266832254,0.0016868553083295877
0.4090747804488601,0.0016879332771153265
0.4091191342144948,0.0016890112459010654
0.4091634879801295,0.0016900892146868042
0.40920784174576424,0.001691167183472543
0.4092521955113989,0.001692245152258282
0.40929654927703363,0.0016933231210440206
0.40934090304266835,0.0016944010898297594
0.409385256808303,0.0016954790586154983
0.40942961057393773,0.001696557027401237
0.40947396433957245,0.001697634996186976
0.4095183181052071,0.0016987129649727148
0.40956267187084183,0.0016997909337584534
0.40960702563647655,0.0017008689025441923
0.40965137940211127,0.0017019468713299311
0.40969573316774593,0.00170302484011567
0.40974008693338065,0.0017041028089014088
0.4097844406990154,0.0017051807776871475
0.40982879446465004,0.0017062587464728863
0.40987314823028476,0.0017073367152586252
0.4099175019959195,0.001708414684044364
0.40996185576155414,0.0017094926528301029
0.41000620952718886,0.0017105706216158417
0.4100505632928236,0.0017116485904015803
0.4100949170584583,0.0017127265591873192
0.41013927082409296,0.001713804527973058
0.4101836245897277,0.001714882496758797
0.4102279783553624,0.0017159604655445357
0.41027233212099706,0.0017170384343302746
0.4103166858866318,0.0017181164031160132
0.4103610396522665,0.001719194371901752
0.41040539341790117,0.001720272340687491
0.4104497471835359,0.0017213503094732298
0.4104941009491706,0.0017224282782589686
0.41053845471480527,0.0017235062470447073
0.41058280848044,0.001724584215830446
0.4106271622460747,0.001725672135097284
0.4106715160117094,0.001726766688018188
0.4107158697773441,0.0017278612409390923
0.4107602235429788,0.0017289723779951615
0.4108045773086135,0.0017300868318782638
0.4108489310742482,0.001731207919415432
0.4108932848398829,0.0017323356406066664
0.41093763860551763,0.0017334633617979009
0.4109819923711523,0.001734591082989135
0.411026346136787,0.0017357221210074025
0.41107069990242173,0.001736856475852703
0.41111505366805645,0.0017379974643520696
0.4111594074336911,0.0017391417696784692
0.41120376119932583,0.0017402860750048688
0.41124811496496055,0.0017414370139853346
0.4112924687305952,0.0017425879529658005
0.41133682249622994,0.0017437488424273653
0.41138117626186466,0.00174490973188893
0.4114255300274993,0.001746070621350495
0.41146988379313404,0.0017472315108120599
0.41151423755876876,0.0017483924002736249
0.4115585913244034,0.0017495532897351897
0.41160294509003814,0.0017507141791967547
0.41164729885567286,0.0017518750686583194
0.4116916526213076,0.0017530359581198842
0.41173600638694224,0.0017541968475814492
0.41178036015257696,0.001755357737043014
0.4118247139182117,0.001756518626504579
0.41186906768384635,0.0017576795159661438
0.41191342144948107,0.0017588404054277088
0.4119577752151158,0.0017600012948892736
0.41200212898075045,0.0017611621843508383
0.41204648274638517,0.0017623230738124033
0.4120908365120199,0.0017634839632739681
0.4121351902776546,0.0017646448527355331
0.41217954404328927,0.001765805742197098
0.412223897808924,0.001766966631658663
0.4122682515745587,0.0017681275211202277
0.41231260534019337,0.0017692884105817925
0.4123569591058281,0.0017704493000433575
0.4124013128714628,0.0017716101895049222
0.4124456666370975,0.0017727710789664872
0.4124900204027322,0.001773931968428052
0.4125343741683669,0.001775092857889617
0.4125787279340016,0.0017762537473511818
0.4126230816996363,0.0017774146368127466
0.412667435465271,0.0017785755262743116
0.41271178923090573,0.0017797364157358764
0.4127561429965404,0.0017808973051974414
0.4128004967621751,0.0017820581946590061
0.41284485052780984,0.0017832190841205711
0.4128892042934445,0.001784379973582136
0.4129335580590792,0.0017855408630437007
0.41297791182471394,0.0017867017525052657
0.4130222655903486,0.0017878626419668305
0.4130666193559833,0.0017890235314283955
0.41311097312161804,0.0017901844208899603
0.41315532688725276,0.0017913453103515253
0.4131996806528874,0.00179250619981309
0.41324403441852214,0.0017936670892746548
0.41328838818415686,0.0017948279787362198
0.4133327419497915,0.0017959888681977846
0.41337709571542625,0.0017971497576593496
0.41342144948106097,0.0017983106471209144
0.41346580324669563,0.0017994715365824792
0.41351015701233035,0.0018006324260440442
0.41355451077796507,0.001801793315505609
0.41359886454359973,0.001802954204967174
0.41364321830923445,0.0018041150944287387
0.41368757207486917,0.0018052759838903037
0.4137319258405039,0.0018064368733518685
0.41377627960613855,0.0018075977628134333
0.41382063337177327,0.0018087586522749983
0.413864987137408,0.001809919541736563
0.41390934090304266,0.001811080431198128
0.4139536946686774,0.0018122413206596928
0.4139980484343121,0.0018134022101212578
0.41404240219994676,0.0018145630995828226
0.4140867559655815,0.0018157239890443874
0.4141311097312162,0.0018168848785059524
0.4141754634968509,0.0018180457679675172
0.4142198172624856,0.0018192066574290822
0.4142641710281203,0.001820367546890647
0.414308524793755,0.001821528436352212
0.4143528785593897,0.0018226893258137767
0.4143972323250244,0.0018238502152753415
0.4144415860906591,0.0018250111047369065
0.4144859398562938,0.0018261719941984713
0.4145302936219285,0.0018273328836600363
0.4145746473875632,0.001828493773121601
0.4146190011531979,0.001829654662583166
0.4146633549188326,0.0018308155520447309
0.4147077086844673,0.0018319764415062956
0.41475206245010204,0.0018331373309678606
0.4147964162157367,0.0018342982204294254
0.4148407699813714,0.0018354591098909904
0.41488512374700615,0.0018366199993525552
0.4149294775126408,0.0018377808888141202
0.41497383127827553,0.001838941778275685
0.41501818504391025,0.0018401026677372498
0.4150625388095449,0.0018412635571988147
0.41510689257517963,0.0018424244466603795
0.41515124634081435,0.0018435853361219445
0.41519560010644907,0.0018447462255835093
0.41523995387208373,0.0018459071150450743
0.41528430763771845,0.001847068004506639
0.41532866140335317,0.0018482288939682039
0.41537301516898784,0.0018493897834297689
0.41541736893462256,0.0018505506728913336
0.4154617227002573,0.0018517115623528986
0.41550607646589194,0.0018528724518144634
0.41555043023152666,0.0018540333412760284
0.4155947839971614,0.0018551942307375932
0.41563913776279604,0.001856355120199158
0.41568349152843076,0.001857516009660723
0.4157278452940655,0.0018586768991222878
0.4157721990597002,0.0018598377885838528
0.41581655282533486,0.0018609986780454175
0.4158609065909696,0.0018621595675069825
0.4159052603566043,0.0018633204569685473
0.41594961412223896,0.0018644813464301121
0.4159939678878737,0.001865642235891677
0.4160383216535084,0.0018668031253532419
0.41608267541914307,0.0018679640148148069
0.4161270291847778,0.0018691249042763717
0.4161713829504125,0.0018702857937379367
0.4162157367160472,0.0018714466831995014
0.4162600904816819,0.0018726075726610662
0.4163044442473166,0.0018737684621226312
0.4163487980129513,0.001874929351584196
0.416393151778586,0.001876090241045761
0.4164375055442207,0.0018772511305073258
0.41648185930985543,0.0018784120199688906
0.4165262130754901,0.0018795729094304556
0.4165705668411248,0.0018807337988920203
0.41661492060675953,0.0018818946883535853
0.4166592743723942,0.0018830555778151501
0.4167036281380289,0.0018842164672767151
0.41674798190366363,0.00188537735673828
0.41679233566929835,0.0018865382461998447
0.416836689434933,0.0018876991356614097
0.41688104320056774,0.0018888600251229745
0.41692539696620246,0.0018900209145845395
0.4169697507318371,0.0018911818040461042
0.41701410449747184,0.0018923426935076692
0.41705845826310656,0.001893503582969234
0.4171028120287412,0.0018946644724307988
0.41714716579437594,0.0018958253618923638
0.41719151956001066,0.0018969862513539286
0.4172358733256454,0.0018981471408154936
0.41728022709128004,0.0018993080302770584
0.41732458085691476,0.0019004689197386234
0.4173689346225495,0.0019016298092001881
0.41741328838818414,0.001902790698661753
0.41745764215381886,0.001903951588123318
0.4175019959194536,0.0019051124775848827
0.41754634968508825,0.0019062733670464477
0.41759070345072297,0.0019074342565080125
0.4176350572163577,0.0019085951459695775
0.4176794109819924,0.0019097560354311423
0.41772376474762707,0.001910916924892707
0.4177681185132618,0.001912077814354272
0.4178124722788965,0.0019132387038158368
0.41785682604453117,0.0019143995932774018
0.4179011798101659,0.0019155604827389666
0.4179455335758006,0.0019167213722005316
0.4179898873414353,0.0019178822616620964
0.41803424110707,0.0019190431511236612
0.4180785948727047,0.0019202040405852262
0.4181229486383394,0.001921364930046791
0.4181673024039741,0.001922525819508356
0.4182116561696088,0.0019236867089699207
0.41825600993524353,0.0019248475984314857
0.4183003637008782,0.0019260084878930505
0.4183447174665129,0.0019271693773546153
0.41838907123214764,0.0019283302668161803
0.4184334249977823,0.001929491156277745
0.418477778763417,0.00193065204573931
0.41852213252905174,0.0019318129352008748
0.4185664862946864,0.0019329738246624398
0.4186108400603211,0.0019341347141240046
0.41865519382595584,0.0019352956035855694
0.41869954759159056,0.0019364564930471344
0.4187439013572252,0.0019376173825086992
0.41878825512285994,0.0019387849056243303
0.41883260888849466,0.0019399590623940274
0.4188769626541293,0.0019411365359907574
0.41892131641976404,0.0019423206432415535
0.41896567018539876,0.0019435047504923497
0.41901002395103343,0.001944698808224245
0.41905437771666815,0.0019458994996102064
0.41909873148230287,0.001947110141477267
0.41914308524793753,0.0019483274169983934
0.41918743901357225,0.0019495546430006192
0.41923179277920697,0.0019507918194839437
0.4192761465448417,0.0019520356296213346
0.41932050031047635,0.0019532794397587256
0.41936485407611107,0.0019545232498961165
0.4194092078417458,0.0019557670600335074
0.41945356160738045,0.0019570108701708984
0.4194979153730152,0.0019582546803082893
0.4195422691386499,0.0019594984904456802
0.41958662290428456,0.001960742300583071
0.4196309766699193,0.001961986110720462
0.419675330435554,0.001963229920857853
0.4197196842011887,0.001964473730995244
0.4197640379668234,0.001965717541132635
0.4198083917324581,0.001966961351270026
0.4198527454980928,0.0019682051614074167
0.4198970992637275,0.0019694489715448077
0.4199414530293622,0.0019706927816821986
0.4199858067949969,0.0019719365918195895
0.4200301605606316,0.0019731804019569804
0.4200745143262663,0.0019744242120943714
0.420118868091901,0.0019756680222317627
0.4201632218575357,0.0019769118323691537
0.4202075756231704,0.0019781556425065446
0.4202519293888051,0.0019793994526439355
0.42029628315443984,0.0019806432627813265
0.4203406369200745,0.0019818870729187174
0.4203849906857092,0.0019831308830561083
0.42042934445134394,0.0019843746931934992
0.4204736982169786,0.00198561850333089
0.42051805198261333,0.001986862313468281
0.42056240574824805,0.001988106123605672
0.4206067595138827,0.001989349933743063
0.42065111327951743,0.001990593743880454
0.42069546704515215,0.001991837554017845
0.42073982081078687,0.0019930813641552358
0.42078417457642153,0.0019943251742926267
0.42082852834205625,0.0019955689844300176
0.42087288210769097,0.0019968127945674085
0.42091723587332563,0.0019980566047047995
0.42096158963896035,0.0019993004148421904
0.4210059434045951,0.0020005442249795813
0.42105029717022974,0.0020017880351169723
0.42109465093586446,0.002003031845254363
0.4211390047014992,0.002004275655391754
0.42118335846713384,0.002005519465529145
0.42122771223276856,0.002006763275666536
0.4212720659984033,0.00200801040263096
0.421316419764038,0.002009257529595384
0.42136077352967266,0.002010507973386841
0.4214051272953074,0.002011775001313463
0.4214494810609421,0.002013051979721185
0.42149383482657676,0.002014328958128906
0.4215381885922115,0.0020156125701906937
0.4215825423578462,0.002016896182252481
0.42162689612348087,0.0020181897447953674
0.4216712498891156,0.002019483307338254
0.4217156036547503,0.0020207801867081735
0.421759957420385,0.0020220770660780932
0.4218043111860197,0.002023387212756145
0.4218486649516544,0.0020247006762612297
0.4218930187172891,0.0020260240902474137
0.4219373724829238,0.0020273508210606308
0.4219817262485585,0.0020286775518738474
0.42202608001419323,0.0020300042826870645
0.4220704337798279,0.0020313310135002816
0.4221147875454626,0.0020326577443134986
0.42215914131109733,0.0020339844751267157
0.422203495076732,0.002035311205939933
0.4222478488423667,0.0020366379367531494
0.42229220260800143,0.0020379646675663665
0.42233655637363615,0.0020392913983795836
0.4223809101392708,0.0020406181291928007
0.42242526390490553,0.0020419448600060178
0.42246961767054025,0.0020432715908192344
0.4225139714361749,0.0020445983216324515
0.42255832520180964,0.0020459250524456686
0.42260267896744436,0.0020472517832588856
0.422647032733079,0.0020485785140721027
0.42269138649871374,0.00204990524488532
0.42273574026434846,0.0020512319756985364
0.4227800940299832,0.0020525587065117535
0.42282444779561784,0.0020538854373249706
0.42286880156125256,0.0020552121681381877
0.4229131553268873,0.0020565388989514048
0.42295750909252194,0.0020578656297646214
0.42300186285815666,0.0020591923605778385
0.4230462166237914,0.0020605190913910556
0.42309057038942605,0.0020618458222042726
0.42313492415506077,0.0020631725530174897
0.4231792779206955,0.0020644992838307064
0.42322363168633015,0.0020658260146439234
0.42326798545196487,0.0020671527454571405
0.4233123392175996,0.0020684794762703576
0.4233566929832343,0.0020698062070835747
0.42340104674886897,0.0020711329378967917
0.4234454005145037,0.0020724596687100084
0.4234897542801384,0.0020737863995232255
0.4235341080457731,0.0020751131303364426
0.4235784618114078,0.0020764398611496596
0.4236228155770425,0.0020777665919628767
0.4236671693426772,0.0020790933227760934
0.4237115231083119,0.0020804200535893104
0.4237558768739466,0.0020817467844025275
0.42380023063958133,0.0020830735152157446
0.423844584405216,0.0020844002460289617
0.4238889381708507,0.0020857269768421787
0.42393329193648543,0.0020870537076553954
0.4239776457021201,0.0020883804384686125
0.4240219994677548,0.0020897071692818295
0.42406635323338954,0.0020910339000950466
0.4241107069990242,0.0020923606309082637
0.4241550607646589,0.0020936873617214804
0.42419941453029364,0.0020950140925346974
0.42424376829592836,0.0020963408233479145
0.424288122061563,0.0020976675541611316
0.42433247582719774,0.0020989942849743487
0.42437682959283246,0.0021003210157875653
0.4244211833584671,0.0021016477466007824
0.42446553712410184,0.0021029744774139995
0.42450989088973656,0.0021043012082272165
0.4245542446553712,0.0021056279390404336
0.42459859842100595,0.0021069546698536507
0.42464295218664067,0.0021082814006668673
0.42468730595227533,0.0021096081314800844
0.42473165971791005,0.0021109348622933015
0.42477601348354477,0.0021122615931065186
0.4248203672491795,0.0021135883239197357
0.42486472101481415,0.0021149150547329523
0.42490907478044887,0.0021162417855461694
0.4249534285460836,0.0021175685163593865
0.42499778231171825,0.0021188952471726035
0.42504213607735297,0.0021202219779858206
0.4250864898429877,0.0021215487087990377
0.42513084360862236,0.0021228754396122543
0.4251751973742571,0.0021242021704254714
0.4252195511398918,0.0021255289012386885
0.4252639049055265,0.0021268556320519056
0.4253082586711612,0.0021281823628651227
0.4253526124367959,0.0021295090936783393
0.4253969662024306,0.0021308358244915564
0.4254413199680653,0.0021321625553047735
0.4254856737337,0.0021334892861179905
0.4255300274993347,0.0021348160169312076
0.4255743812649694,0.0021361427477444243
0.4256187350306041,0.0021374694785576413
0.4256630887962388,0.0021387962093708584
0.4257074425618735,0.0021401229401840755
0.4257517963275082,0.0021414496709972926
0.4257961500931429,0.0021427764018105097
0.42584050385877764,0.0021441031326237263
0.4258848576244123,0.0021454298634369434
0.425929211390047,0.0021467565942501605
0.42597356515568174,0.0021480833250633775
0.4260179189213164,0.0021494100558765946
0.4260622726869511,0.0021507367866898113
0.42610662645258585,0.0021520635175030283
0.4261509802182205,0.0021533902483162454
0.42619533398385523,0.0021547169791294625
0.42623968774948995,0.0021560437099426796
0.42628404151512467,0.0021573704407558967
0.42632839528075933,0.0021586971715691133
0.42637274904639405,0.0021600239023823304
0.42641710281202877,0.0021613506331955475
0.42646145657766343,0.0021626773640087645
0.42650581034329815,0.0021640040948219816
0.42655016410893287,0.0021653308256351983
0.42659451787456754,0.0021666575564484153
0.42663887164020226,0.0021679842872616324
0.426683225405837,0.0021693110180748495
0.42672757917147164,0.0021706377488880666
0.42677193293710636,0.0021719644797012832
0.4268162867027411,0.0021732912105145003
0.4268606404683758,0.0021746179413277174
0.42690499423401046,0.0021759446721409345
0.4269493479996452,0.0021772714029541515
0.4269937017652799,0.0021785981337673686
0.42703805553091456,0.0021799248645805853
0.4270824092965493,0.0021812515953938023
0.427126763062184,0.0021825783262070194
0.42717111682781866,0.0021839050570202365
0.4272154705934534,0.0021852317878334536
0.4272598243590881,0.0021865585186466702
0.4273041781247228,0.0021878852494598873
0.4273485318903575,0.0021892119802731044
0.4273928856559922,0.0021905387110863215
0.4274372394216269,0.0021918654418995385
0.4274815931872616,0.0021931921727127556
0.4275259469528963,0.0021945189035259723
0.427570300718531,0.0021958456343391893
0.4276146544841657,0.0021971723651524064
0.4276590082498004,0.0021984990959656235
0.42770336201543513,0.0021998258267788406
0.4277477157810698,0.0022011525575920572
0.4277920695467045,0.0022024792884052743
0.42783642331233923,0.0022038060192184914
0.42788077707797395,0.0022051327500317085
0.4279251308436086,0.0022064594808449255
0.42796948460924333,0.0022077862116581426
0.42801383837487805,0.0022091129424713593
0.4280581921405127,0.0022104396732845763
0.42810254590614744,0.0022117664040977934
0.42814689967178216,0.0022130931349110105
0.4281912534374168,0.0022144198657242276
0.42823560720305154,0.002215746596537444
0.42827996096868626,0.0022170733273506613
0.428324314734321,0.0022184000581638784
0.42836866849995564,0.0022197267889770955
0.42841302226559036,0.0022210535197903125
0.4284573760312251,0.002222380250603529
0.42850172979685974,0.0022237069814167463
0.42854608356249446,0.0022250337122299633
0.4285904373281292,0.0022263604430431804
0.42863479109376385,0.0022276871738563975
0.42867914485939856,0.0022290139046696146
0.4287234986250333,0.002230340635482831
0.42876785239066795,0.0022316673662960483
0.42881220615630267,0.0022329940971092654
0.4288565599219374,0.0022343208279224825
0.4289009136875721,0.0022356475587356995
0.42894526745320677,0.002236974289548916
0.4289896212188415,0.0022383010203621333
0.4290339749844762,0.0022396277511753503
0.42907832875011087,0.0022409544819885674
0.4291226825157456,0.0022422812128017845
0.4291670362813803,0.0022436079436150016
0.429211390047015,0.002244934674428218
0.4292557438126497,0.0022462614052414353
0.4293000975782844,0.0022475881360546524
0.42934445134391913,0.0022489148668678694
0.4293888051095538,0.0022502415976810865
0.4294331588751885,0.002251568328494303
0.42947751264082323,0.0022528950593075203
0.4295218664064579,0.0022542217901207373
0.4295662201720926,0.0022555485209339544
0.42961057393772734,0.0022568752517471715
0.429654927703362,0.002258201982560388
0.4296992814689967,0.002259528713373605
0.42974363523463144,0.0022608554441868223
0.4297879890002661,0.0022621821750000394
0.4298323427659008,0.0022635089058132564
0.42987669653153554,0.0022648356366264735
0.42992105029717026,0.00226616236743969
0.4299654040628049,0.0022674890982529072
0.43000975782843964,0.0022688158290661243
0.43005411159407436,0.0022701425598793414
0.430098465359709,0.0022714692906925585
0.43014281912534374,0.002272796021505775
0.43018717289097846,0.002274122752318992
0.43023152665661313,0.0022754494831322093
0.43027588042224785,0.0022767762139454264
0.43032023418788257,0.0022781029447586434
0.4303645879535173,0.0022794296755718605
0.43040894171915195,0.002280756406385077
0.43045329548478667,0.0022820831371982942
0.4304976492504214,0.0022834098680115113
0.43054200301605605,0.0022847365988247284
0.43058635678169077,0.0022860633296379455
0.4306307105473255,0.002287390060451162
0.43067506431296015,0.002288716791264379
0.4307194180785949,0.0022900435220775963
0.4307637718442296,0.0022913702528908134
0.43080812560986426,0.0022926969837040304
0.430852479375499,0.002294023714517247
0.4308968331411337,0.002295350445330464
0.4309411869067684,0.0022966771761436812
0.4309855406724031,0.0022980039069568983
0.4310298944380378,0.0022993306377701154
0.4310742482036725,0.0023006573685833325
0.4311186019693072,0.002301984099396549
0.4311629557349419,0.002303310830209766
0.4312073095005766,0.0023046375610229833
0.4312516632662113,0.0023059642918362004
0.431296017031846,0.0023072910226494174
0.4313403707974807,0.002308617753462634
0.43138472456311544,0.002309944484275851
0.4314290783287501,0.0023112712150890682
0.4314734320943848,0.0023125979459022853
0.43151778586001954,0.0023139246767155024
0.4315621396256542,0.0023152514075287195
0.4316064933912889,0.002316578138341936
0.43165084715692364,0.002317904869155153
0.4316952009225583,0.0023192315999683703
0.43173955468819303,0.0023205583307815874
0.43178390845382775,0.0023218850615948044
0.43182826221946247,0.002323211792408021
0.43187261598509713,0.002324538523221238
0.43191696975073185,0.0023258652540344552
0.43196132351636657,0.0023271919848476723
0.43200567728200123,0.0023285187156608894
0.43205003104763595,0.002329845446474106
0.43209438481327067,0.002331172177287323
0.43213873857890533,0.00233249890810054
0.43218309234454005,0.0023338256389137573
0.4322274461101748,0.0023351523697269744
0.43227179987580944,0.0023364791005401914
0.43231615364144416,0.002337805831353408
0.4323605074070789,0.002339132562166625
0.4324048611727136,0.0023404592929798422
0.43244921493834826,0.0023417860237930593
0.432493568703983,0.0023431127546062764
0.4325379224696177,0.002344439485419493
0.43258227623525236,0.00234576621623271
0.4326266300008871,0.002347092947045927
0.4326709837665218,0.0023484196778591443
0.43271533753215646,0.0023497464086723614
0.4327596912977912,0.0023510731394855784
0.4328040450634259,0.002352399870298795
0.4328483988290606,0.002353726601112012
0.4328927525946953,0.0023550533319252292
0.43293710636033,0.0023563800627384463
0.4329814601259647,0.0023577067935516634
0.4330258138915994,0.00235903352436488
0.4330701676572341,0.002360360255178097
0.4331145214228688,0.002361686985991314
0.4331588751885035,0.0023630137168045313
0.4332032289541382,0.0023643404476177484
0.43324758271977293,0.002365667178430965
0.4332919364854076,0.002366993909244182
0.4333362902510423,0.002368320640057399
0.43338064401667703,0.0023696473708706162
0.43342499778231175,0.0023709741016838333
0.4334693515479464,0.0023723008324970504
0.43351370531358113,0.002373627563310267
0.43355805907921585,0.002374954294123484
0.4336024128448505,0.002376281024936701
0.43364676661048523,0.0023776077557499183
0.43369112037611995,0.0023789344865631354
0.4337354741417546,0.002380261217376352
0.43377982790738934,0.002381587948189569
0.43382418167302406,0.002382914679002786
0.4338685354386588,0.0023842414098160032
0.43391288920429344,0.0023855681406292203
0.43395724296992816,0.0023868948714424374
0.4340015967355629,0.002388221602255654
0.43404595050119754,0.002389548333068871
0.43409030426683226,0.002390875063882088
0.434134658032467,0.0023922017946953053
0.43417901179810164,0.0023935285255085223
0.43422336556373636,0.002394855256321739
0.4342677193293711,0.002396181987134956
0.43431207309500575,0.002397508717948173
0.43435642686064047,0.0023988354487613902
0.4344007806262752,0.0024001621795746073
0.4344451343919099,0.0024014889103878244
0.43448948815754457,0.002402815641201041
0.4345338419231793,0.002404142372014258
0.434578195688814,0.002405469102827475
0.43462254945444867,0.0024067958336406923
0.4346669032200834,0.0024081225644539093
0.4347112569857181,0.002409449295267126
0.4347556107513528,0.002410776026080343
0.4347999645169875,0.00241210275689356
0.4348443182826222,0.0024134294877067772
0.43488867204825693,0.0024147562185199943
0.4349330258138916,0.002416082949333211
0.4349773795795263,0.002417409680146428
0.43502173334516103,0.002418736410959645
0.4350660871107957,0.002420063141772862
0.4351104408764304,0.0024213898725860793
0.43515479464206513,0.0024227166033992963
0.4351991484076998,0.002424043334212513
0.4352435021733345,0.00242537006502573
0.43528785593896924,0.002426696795838947
0.4353322097046039,0.0024280235266521642
0.4353765634702386,0.0024293502574653813
0.43542091723587334,0.002430676988278598
0.43546527100150806,0.002432003719091815
0.4355096247671427,0.002433330449905032
0.43555397853277744,0.002434657180718249
0.43559833229841216,0.0024359839115314663
0.4356426860640468,0.0024373106423446833
0.43568703982968154,0.0024386373731579
0.43573139359531626,0.002439964103971117
0.4357757473609509,0.002441290834784334
0.43582010112658565,0.0024426175655975512
0.43586445489222037,0.0024439442964107683
0.4359088086578551,0.002445271027223985
0.43595316242348975,0.002446597758037202
0.43599751618912447,0.002447924488850419
0.4360418699547592,0.002449251219663636
0.43608622372039385,0.0024505779504768533
0.43613057748602857,0.00245190468129007
0.4361749312516633,0.002453231412103287
0.43621928501729795,0.002454558142916504
0.4362636387829327,0.002455884873729721
0.4363079925485674,0.0024572116045429382
0.43635234631420206,0.0024585383353561553
0.4363967000798368,0.002459865066169372
0.4364410538454715,0.002461191796982589
0.4364854076111062,0.002462518527795806
0.4365297613767409,0.002463845258609023
0.4365741151423756,0.0024651719894222403
0.4366184689080103,0.002466498720235457
0.436662822673645,0.002467825451048674
0.4367071764392797,0.002469152181861891
0.4367515302049144,0.002470478912675108
0.4367958839705491,0.0024718056434883252
0.4368402377361838,0.0024731323743015423
0.4368845915018185,0.002474459105114759
0.43692894526745324,0.002475785835927976
0.4369732990330879,0.002477112566741193
0.4370176527987226,0.00247843929755441
0.43706200656435734,0.0024797660283676273
0.437106360329992,0.002481092759180844
0.4371507140956267,0.002482419489994061
0.43719506786126144,0.002483746220807278
0.4372394216268961,0.002485072951620495
0.4372837753925308,0.0024863996824337122
0.43732812915816555,0.002487726413246929
0.4373724829238002,0.002489053144060146
0.43741683668943493,0.002490379874873363
0.43746119045506965,0.00249170660568658
0.43750554422070437,0.002493033336499797
0.43754989798633903,0.0024943600673130143
0.43759425175197375,0.002495686798126231
0.43763860551760847,0.002497013528939448
0.43768295928324313,0.002498340259752665
0.43772731304887785,0.002499666990565882
0.43777166681451257,0.002500993721379099
0.43781602058014724,0.002502320452192316
0.43786037434578196,0.002503647183005533
0.4379047281114167,0.00250497391381875
0.4379490818770514,0.002506300644631967
0.43799343564268606,0.002507627375445184
0.4380377894083208,0.0025089541062584013
0.4380821431739555,0.002510280837071618
0.43812649693959016,0.002511614201538901
0.4381708507052249,0.0025129508828332175
0.4382152044708596,0.0025143041482626988
0.43825955823649426,0.002515664047346246
0.438303912002129,0.0025170239464297937
0.4383482657677637,0.0025183904791674073
0.4383926195333984,0.002519760328732054
0.4384369732990331,0.0025211401287777995
0.4384813270646678,0.0025225398297857434
0.4385256808303025,0.00252394284762072
0.4385700345959372,0.0025253491822827302
0.4386143883615719,0.0025267588337717735
0.4386587421272066,0.0025281684852608162
0.4387030958928413,0.0025295781367498595
0.438747449658476,0.0025309877882389023
0.4387918034241107,0.0025323974397279455
0.4388361571897454,0.0025338070912169887
0.4388805109553801,0.0025352167427060315
0.43892486472101483,0.0025366263941950747
0.43896921848664955,0.0025380360456841175
0.4390135722522842,0.0025394456971731608
0.43905792601791893,0.002540855348662204
0.43910227978355365,0.002542265000151247
0.4391466335491883,0.00254367465164029
0.43919098731482303,0.0025450843031293332
0.43923534108045775,0.002546493954618376
0.4392796948460924,0.0025479036061074193
0.43932404861172714,0.002549313257596462
0.43936840237736186,0.0025507229090855053
0.4394127561429966,0.0025521325605745485
0.43945710990863124,0.0025535422120635913
0.43950146367426596,0.0025549518635526345
0.4395458174399007,0.0025563615150416773
0.43959017120553534,0.0025577711665307206
0.43963452497117006,0.0025591808180197638
0.4396788787368048,0.0025605904695088066
0.43972323250243944,0.00256200012099785
0.43976758626807416,0.002563409772486893
0.4398119400337089,0.002564819423975936
0.43985629379934355,0.002566229075464979
0.43990064756497826,0.002567638726954022
0.439945001330613,0.002569048378443065
0.4399893550962477,0.0025704580299321083
0.44003370886188237,0.002571867681421151
0.4400780626275171,0.0025732773329101943
0.4401224163931518,0.0025746869843992375
0.44016677015878647,0.0025760966358882803
0.4402111239244212,0.0025775062873773236
0.4402554776900559,0.0025789159388663664
0.44029983145569057,0.0025803255903554096
0.4403441852213253,0.002581738558671486
0.44038853898696,0.002583158160641628
0.44043289275259473,0.002584581079438803
0.4404772465182294,0.002586003998235978
0.4405216002838641,0.002587430233860187
0.44056595404949883,0.002588859786311428
0.4406103078151335,0.0025903026060708017
0.4406546615807682,0.0025917454258301753
0.44069901534640293,0.002593188245589549
0.4407433691120376,0.002594680817754418
0.4407877228776723,0.002596173389919287
0.44083207664330704,0.002597665962084156
0.4408764304089417,0.0025991585342490255
0.4409207841745764,0.0026006511064138945
0.44096513794021114,0.002602143678578764
0.44100949170584586,0.0026036362507436328
0.4410538454714805,0.0026051288229085017
0.44109819923711524,0.002606621395073371
0.44114255300274996,0.00260811396723824
0.4411869067683846,0.0026096065394031094
0.44123126053401934,0.0026110991115679784
0.44127561429965406,0.0026125916837328473
0.4413199680652887,0.0026140842558977167
0.44136432183092345,0.0026155768280625856
0.44140867559655816,0.002617069400227455
0.4414530293621929,0.002618561972392324
0.44149738312782755,0.0026200545445571933
0.44154173689346227,0.0026215471167220623
0.441586090659097,0.002623039688886931
0.44163044442473165,0.0026245322610518006
0.44167479819036637,0.0026260248332166695
0.4417191519560011,0.002627517405381539
0.44176350572163575,0.002629009977546408
0.44180785948727047,0.0026305025497112768
0.4418522132529052,0.002631995121876146
0.44189656701853985,0.002633487694041015
0.4419409207841746,0.0026349802662058845
0.4419852745498093,0.0026364728383707534
0.442029628315444,0.002637965410535623
0.4420739820810787,0.0026394579827004917
0.4421183358467134,0.0026409505548653607
0.4421626896123481,0.00264244312703023
0.4422070433779828,0.002643935699195099
0.4422513971436175,0.0026454282713599684
0.4422957509092522,0.0026469208435248373
0.4423401046748869,0.0026484134156897063
0.4423844584405216,0.0026499059878545756
0.4424288122061563,0.0026513985600194446
0.44247316597179104,0.002652891132184314
0.4425175197374257,0.002654383704349183
0.4425618735030604,0.0026558762765140523
0.44260622726869514,0.002657368848678921
0.4426505810343298,0.00265886142084379
0.4426949347999645,0.0026603539930086595
0.44273928856559924,0.0026618465651735285
0.4427836423312339,0.002663339137338398
0.4428279960968686,0.002664831709503267
0.44287234986250335,0.0026663242816681357
0.442916703628138,0.002667816853833005
0.44296105739377273,0.002669309425997874
0.44300541115940745,0.0026708019981627434
0.44304976492504217,0.0026722945703276124
0.44309411869067683,0.0026737871424924817
0.44313847245631155,0.0026752797146573507
0.44318282622194627,0.0026767722868222196
0.44322717998758093,0.002678264858987089
0.44327153375321565,0.002679757431151958
0.44331588751885037,0.0026812500033168273
0.44336024128448503,0.0026827425754816963
0.44340459505011975,0.002684235147646565
0.4434489488157545,0.0026857277198114346
0.4434933025813892,0.0026872202919763035
0.44353765634702386,0.002688712864141173
0.4435820101126586,0.002690205436306042
0.4436263638782933,0.0026916980084709112
0.44367071764392796,0.00269319058063578
0.4437150714095627,0.002694683152800649
0.4437594251751974,0.0026961757249655185
0.44380377894083206,0.0026976682971303874
0.4438481327064668,0.002699160869295257
0.4438924864721015,0.0027006534414601257
0.44393684023773616,0.0027021460136249947
0.4439811940033709,0.002703638585789864
0.4440255477690056,0.002705131157954733
0.4440699015346403,0.0027066237301196024
0.444114255300275,0.0027081163022844713
0.4441586090659097,0.0027096088744493407
0.4442029628315444,0.0027111014466142096
0.4442473165971791,0.0027125940187790786
0.4442916703628138,0.002714086590943948
0.4443360241284485,0.002715579163108817
0.4443803778940832,0.0027170717352736863
0.4444247316597179,0.0027185643074385552
0.44446908542535263,0.002720056879603424
0.44451343919098735,0.0027215494517682935
0.444557792956622,0.0027230420239331625
0.44460214672225673,0.002724534596098032
0.44464650048789145,0.002726027168262901
0.4446908542535261,0.00272751974042777
0.44473520801916083,0.002729012312592639
0.44477956178479555,0.002730504884757508
0.4448239155504302,0.0027319974569223774
0.44486826931606493,0.0027334900290872464
0.44491262308169965,0.0027349826012521158
0.4449569768473343,0.0027364751734169847
0.44500133061296904,0.0027379677455818536
0.44504568437860376,0.002739460317746723
0.4450900381442385,0.002740952889911592
0.44513439190987314,0.0027424454620764613
0.44517874567550786,0.0027439380342413303
0.4452230994411426,0.0027454306064061997
0.44526745320677724,0.0027469231785710686
0.44531180697241196,0.0027484157507359375
0.4453561607380467,0.002749908322900807
0.44540051450368134,0.002751400895065676
0.44544486826931606,0.0027528934672305452
0.4454892220349508,0.002754386039395414
0.4455335758005855,0.002755878611560283
0.44557792956622017,0.0027573711837251525
0.4456222833318549,0.0027588637558900214
0.4456666370974896,0.002760356328054891
0.44571099086312427,0.0027618489002197598
0.445755344628759,0.002763341472384629
0.4457996983943937,0.002764834044549498
0.44584405216002837,0.002766326616714367
0.4458884059256631,0.0027678191888792364
0.4459327596912978,0.0027693117610441053
0.44597711345693253,0.0027708043332089747
0.4460214672225672,0.0027722969053738437
0.4460658209882019,0.0027737894775387126
0.44611017475383663,0.002775282049703582
0.4461545285194713,0.002776774621868451
0.446198882285106,0.0027782671940333203
0.44624323605074073,0.0027797597661981892
0.4462875898163754,0.0027812523383630586
0.4463319435820101,0.0027827449105279276
0.44637629734764483,0.0027842374826927965
0.4464206511132795,0.002785730054857666
0.4464650048789142,0.002787222627022535
0.44650935864454894,0.002788715199187404
0.44655371241018366,0.002790207771352273
0.4465980661758183,0.002791700343517142
0.44664241994145304,0.0027931929156820114
0.44668677370708776,0.0027946854878468804
0.4467311274727224,0.0027961780600117498
0.44677548123835714,0.0027976706321766187
0.44681983500399186,0.002799163204341488
0.4468641887696265,0.002800655776506357
0.44690854253526124,0.002802148348671226
0.44695289630089596,0.0028036409208360953
0.4469972500665307,0.0028051334930009643
0.44704160383216535,0.0028066260651658337
0.44708595759780007,0.0028081186373307026
0.4471303113634348,0.002809611209495572
0.44717466512906945,0.002811103781660441
0.44721901889470417,0.00281259635382531
0.4472633726603389,0.0028140889259901792
0.44730772642597355,0.002815581498155048
0.44735208019160827,0.0028170740703199176
0.447396433957243,0.0028185666424847865
0.44744078772287765,0.0028200592146496554
0.4474851414885124,0.002821551786814525
0.4475294952541471,0.0028230443589793938
0.4475738490197818,0.002824536931144263
0.4476182027854165,0.002826029503309132
0.4476625565510512,0.0028275220754740015
0.4477069103166859,0.0028290146476388704
0.4477512640823206,0.0028305072198037393
0.4477956178479553,0.0028319997919686087
0.44783997161359,0.0028334923641334777
0.4478843253792247,0.002835001520433512
0.4479286791448594,0.002836513993560579
0.4479730329104941,0.0028380264666876464
0.44801738667612884,0.0028395389398147134
0.4480617404417635,0.0028410713139039793
0.4481060942073982,0.002842613638474344
0.44815044797303294,0.0028441559630447088
0.4481948017386676,0.0028457016044421066
0.4482391555043023,0.0028472605131476367
0.44828350926993704,0.0028488360059883318
0.4483278630355717,0.002850411498829027
0.4483722168012064,0.002851986991669722
0.44841657056684114,0.0028535624845104175
0.4484609243324758,0.0028551379773511126
0.4485052780981105,0.0028567134701918077
0.44854963186374525,0.0028582889630325028
0.44859398562937997,0.0028598644558731983
0.44863833939501463,0.0028614399487138934
0.44868269316064935,0.0028630154415545885
0.44872704692628407,0.0028645909343952836
0.44877140069191873,0.0028661664272359787
0.44881575445755345,0.002867741920076674
0.44886010822318817,0.0028693174129173693
0.44890446198882283,0.0028708929057580644
0.44894881575445755,0.0028724683985987595
0.4489931695200923,0.002874043891439455
0.449037523285727,0.00287561938428015
0.44908187705136166,0.002877194877120845
0.4491262308169964,0.0028787703699615402
0.4491705845826311,0.0028803458628022353
0.44921493834826576,0.002881921355642931
0.4492592921139005,0.002883496848483626
0.4493036458795352,0.002885072341324321
0.44934799964516986,0.002886647834165016
0.4493923534108046,0.0028882233270057112
0.4494367071764393,0.0028897988198464068
0.44948106094207396,0.002891374312687102
0.4495254147077087,0.002892949805527797
0.4495697684733434,0.002894525298368492
0.4496141222389781,0.0028961007912091876
0.4496584760046128,0.0028976762840498826
0.4497028297702475,0.0028992517768905777
0.4497471835358822,0.002900827269731273
0.4497915373015169,0.002902402762571968
0.4498358910671516,0.0029039782554126634
0.4498802448327863,0.0029055537482533585
0.449924598598421,0.0029071292410940536
0.4499689523640557,0.0029087047339347487
0.4500133061296904,0.0029102802267754442
0.45005765989532515,0.0029118623532702055
0.4501020136609598,0.002913464380727165
0.45014636742659453,0.0029150730418381907
0.45019072119222925,0.0029166850197762497
0.4502350749578639,0.002918306948195407
0.45027942872349863,0.002919938827095664
0.45032378248913335,0.0029215806564770203
0.450368136254768,0.0029232258026854092
0.45041249002040273,0.0029248842162019305
0.45045684378603745,0.0029265426297184517
0.4505011975516721,0.002928201043234973
0.45054555131730684,0.002929859456751494
0.45058990508294156,0.0029315178702680154
0.4506342588485763,0.0029331762837845367
0.45067861261421094,0.002934834697301058
0.45072296637984566,0.002936493110817579
0.4507673201454804,0.0029381515243341004
0.45081167391111504,0.0029398099378506216
0.45085602767674976,0.002941468351367143
0.4509003814423845,0.002943126764883664
0.45094473520801914,0.0029447851784001854
0.45098908897365386,0.0029464435919167066
0.4510334427392886,0.002948102005433228
0.4510777965049233,0.002949760418949749
0.45112215027055796,0.0029514188324662703
0.4511665040361927,0.0029530772459827916
0.4512108578018274,0.002954735659499313
0.45125521156746207,0.002956394073015834
0.4512995653330968,0.0029580524865323553
0.4513439190987315,0.0029597109000488765
0.45138827286436617,0.0029613693135653978
0.4514326266300009,0.002963027727081919
0.4514769803956356,0.0029646861405984402
0.45152133416127027,0.0029663445541149615
0.451565687926905,0.0029680029676314827
0.4516100416925397,0.002969661381148004
0.45165439545817443,0.002971319794664525
0.4516987492238091,0.0029729782081810464
0.4517431029894438,0.0029746366216975677
0.45178745675507853,0.002976295035214089
0.4518318105207132,0.00297795344873061
0.4518761642863479,0.0029796118622471314
0.45192051805198263,0.0029812702757636526
0.4519648718176173,0.002982928689280174
0.452009225583252,0.002984587102796695
0.45205357934888674,0.0029862455163132164
0.45209793311452146,0.0029879039298297376
0.4521422868801561,0.002989562343346259
0.45218664064579084,0.00299122075686278
0.45223099441142556,0.0029928791703793018
0.4522753481770602,0.002994537583895823
0.45231970194269494,0.0029961959974123442
0.45236405570832966,0.0029978544109288655
0.4524084094739643,0.0029995128244453867
0.45245276323959904,0.003001171237961908
0.45249711700523376,0.003002829651478429
0.4525414707708685,0.0030044880649949504
0.45258582453650315,0.0030061464785114717
0.45263017830213786,0.003007804892027993
0.4526745320677726,0.003009463305544514
0.45271888583340725,0.0030111217190610354
0.45276323959904197,0.0030127801325775566
0.4528075933646767,0.003014438546094078
0.45285194713031135,0.003016096959610599
0.45289630089594607,0.0030177553731271204
0.4529406546615808,0.0030194137866436416
0.45298500842721545,0.003021072200160163
0.45302936219285017,0.003022730613676684
0.4530737159584849,0.0030243890271932053
0.4531180697241196,0.0030260474407097265
0.4531624234897543,0.003027705854226248
0.453206777255389,0.003029364267742769
0.4532511310210237,0.0030310226812592903
0.4532954847866584,0.0030326810947758115
0.4533398385522931,0.0030343395082923327
0.4533841923179278,0.003035997921808854
0.4534285460835625,0.0030376563353253752
0.4534728998491972,0.0030393147488418965
0.4535172536148319,0.0030409731623584177
0.45356160738046664,0.003042631575874939
0.4536059611461013,0.00304428998939146
0.453650314911736,0.0030459484029079814
0.45369466867737074,0.0030476068164245027
0.4537390224430054,0.003049265229941024
0.4537833762086401,0.003050923643457545
0.45382772997427484,0.0030525820569740664
0.4538720837399095,0.0030542404704905876
0.4539164375055442,0.003055898884007109
0.45396079127117894,0.00305755729752363
0.4540051450368136,0.0030592157110401513
0.4540494988024483,0.0030608741245566726
0.45409385256808305,0.003062532538073194
0.45413820633371776,0.003064190951589715
0.45418256009935243,0.0030658493651062363
0.45422691386498715,0.0030675077786227575
0.45427126763062187,0.003069166192139279
0.45431562139625653,0.0030708246056558
0.45435997516189125,0.0030724830191723213
0.45440432892752597,0.0030741414326888425
0.45444868269316063,0.0030757998462053637
0.45449303645879535,0.003077458259721885
0.45453739022443007,0.0030791166732384062
0.4545817439900648,0.003080775086754928
0.45462609775569945,0.003082433500271449
0.4546704515213342,0.0030840919137879704
0.4547148052869689,0.0030857503273044916
0.45475915905260356,0.003087408740821013
0.4548035128182383,0.003089067154337534
0.454847866583873,0.0030907255678540553
0.45489222034950766,0.0030923839813705766
0.4549365741151424,0.003094042394887098
0.4549809278807771,0.003095700808403619
0.45502528164641176,0.0030973592219201403
0.4550696354120465,0.0030990176354366615
0.4551139891776812,0.0031006760489531828
0.4551583429433159,0.003102334462469704
0.4552026967089506,0.0031039928759862253
0.4552470504745853,0.0031056512895027465
0.45529140424022,0.0031073097030192677
0.4553357580058547,0.003108968116535789
0.4553801117714894,0.0031106265300523102
0.4554244655371241,0.0031122849435688315
0.4554688193027588,0.0031139433570853527
0.4555131730683935,0.003115601770601874
0.4555575268340282,0.003117260184118395
0.45560188059966295,0.0031189185976349164
0.4556462343652976,0.0031205770111514377
0.45569058813093233,0.003122235424667959
0.45573494189656705,0.00312389383818448
0.4557792956622017,0.0031255522517010014
0.45582364942783643,0.0031272106652175226
0.45586800319347115,0.003128869078734044
0.4559123569591058,0.003130527492250565
0.45595671072474053,0.0031321859057670863
0.45600106449037525,0.0031338443192836076
0.4560454182560099,0.003135502732800129
0.45608977202164463,0.00313716114631665
0.45613412578727935,0.0031388195598331713
0.4561784795529141,0.0031404779733496925
0.45622283331854874,0.0031421363868662138
0.45626718708418346,0.003143794800382735
0.4563115408498182,0.0031454532138992563
0.45635589461545284,0.0031471116274157775
0.45640024838108756,0.0031487700409322987
0.4564446021467223,0.00315042845444882
0.45648895591235694,0.0031520868679653412
0.45653330967799166,0.0031537452814818625
0.4565776634436264,0.0031554036949983837
0.4566220172092611,0.003157062108514905
0.45666637097489576,0.003158720522031426
0.4567107247405305,0.0031603789355479474
0.4567550785061652,0.0031620373490644687
0.45679943227179987,0.00316369576258099
0.4568437860374346,0.003165354176097511
0.4568881398030693,0.0031670125896140324
0.45693249356870397,0.0031686710031305536
0.4569768473343387,0.0031703294166470753
0.4570212010999734,0.0031719878301635965
0.45706555486560807,0.0031736462436801178
0.4571099086312428,0.003175304657196639
0.4571542623968775,0.0031769630707131602
0.45719861616251223,0.0031786214842296815
0.4572429699281469,0.0031802798977462027
0.4572873236937816,0.003181938311262724
0.45733167745941633,0.003183596724779245
0.457376031225051,0.0031852551382957664
0.4574203849906857,0.0031869135518122877
0.45746473875632043,0.003188571965328809
0.4575090925219551,0.00319023037884533
0.4575534462875898,0.0031918887923618514
0.45759780005322453,0.0031935472058783726
0.45764215381885925,0.003195205619394894
0.4576865075844939,0.003196864032911415
0.45773086135012864,0.0031985224464279364
0.45777521511576336,0.0032001808599444576
0.457819568881398,0.003201839273460979
0.45786392264703274,0.0032034976869775
0.45790827641266746,0.0032051561004940213
0.4579526301783021,0.0032068145140105426
0.45799698394393684,0.003208472927527064
0.45804133770957156,0.003210131341043585
0.4580856914752062,0.0032117897545601063
0.45813004524084094,0.0032134481680766275
0.45817439900647566,0.0032151065815931488
0.4582187527721104,0.00321676499510967
0.45826310653774505,0.0032184234086261912
0.45830746030337977,0.0032200818221427125
0.4583518140690145,0.0032217402356592337
0.45839616783464915,0.003223398649175755
0.45844052160028387,0.003225057062692276
0.4584848753659186,0.0032267154762087974
0.45852922913155325,0.0032283738897253187
0.45857358289718797,0.00323003230324184
0.4586179366628227,0.003231690716758361
0.4586622904284574,0.0032333491302748824
0.4587066441940921,0.0032350075437914036
0.4587509979597268,0.003236665957307925
0.4587953517253615,0.003238324370824446
0.4588397054909962,0.0032399827843409674
0.4588840592566309,0.0032416411978574886
0.4589284130222656,0.00324329961137401
0.4589727667879003,0.003244958024890531
0.459017120553535,0.0032466164384070523
0.4590614743191697,0.0032482748519235736
0.4591058280848044,0.003249933265440095
0.4591501818504391,0.003251591678956616
0.4591945356160738,0.0032532500924731373
0.45923888938170854,0.0032549085059896585
0.4592832431473432,0.0032565669195061798
0.4593275969129779,0.0032582253330227014
0.45937195067861264,0.0032598837465392227
0.4594163044442473,0.003261542160055744
0.459460658209882,0.003263200573572265
0.45950501197551674,0.0032648589870887864
0.4595493657411514,0.0032665174006053076
0.4595937195067861,0.003268175814121829
0.45963807327242084,0.00326983422763835
0.45968242703805556,0.0032714926411548714
0.4597267808036902,0.0032731510546713926
0.45977113456932495,0.003274809468187914
0.45981548833495967,0.003276467881704435
0.45985984210059433,0.0032781262952209563
0.45990419586622905,0.0032797847087374776
0.45994854963186377,0.003281443122253999
0.45999290339749843,0.00328310153577052
0.46003725716313315,0.0032847599492870413
0.46008161092876787,0.0032864183628035625
0.4601259646944026,0.0032880767763200838
0.46017031846003725,0.003289735189836605
0.460214672225672,0.0032913936033531262
0.4602590259913067,0.0032930520168696475
0.46030337975694136,0.0032947104303861687
0.4603477335225761,0.00329636884390269
0.4603920872882108,0.003298027257419211
0.46043644105384546,0.0032996856709357324
0.4604807948194802,0.0033013440844522537
0.4605251485851149,0.003303002497968775
0.46056950235074956,0.003304660911485296
0.4606138561163843,0.0033063193250018174
0.460658209882019,0.0033079777385183386
0.4607025636476537,0.00330963615203486
0.4607469174132884,0.003311294565551381
0.4607912711789231,0.0033129529790679024
0.4608356249445578,0.0033146113925844236
0.4608799787101925,0.003316279756582044
0.4609243324758272,0.0033179547542337303
0.4609686862414619,0.0033196297518854165
0.4610130400070966,0.0033213113831911693
0.4610573937727313,0.003323002964978021
0.461101747538366,0.0033246945467648725
0.46114610130400074,0.0033263894453787577
0.4611904550696354,0.0033280843439926423
0.4612348088352701,0.0033297825594335606
0.46127916260090485,0.003331487408528544
0.4613235163665395,0.003333195574450561
0.46136787013217423,0.003334910374026644
0.46141222389780895,0.003336631807256793
0.4614565776634436,0.0033383532404869425
0.46150093142907833,0.003340077990544125
0.46154528519471305,0.003341819324736472
0.4615896389603477,0.0033435606589288193
0.46163399272598243,0.0033453019931211666
0.46167834649161715,0.003347043327313514
0.4617227002572519,0.0033487846615058614
0.46176705402288654,0.003350525995698209
0.46181140778852126,0.0033522673298905558
0.461855761554156,0.003354008664082903
0.46190011531979064,0.0033557499982752505
0.46194446908542536,0.003357491332467598
0.4619888228510601,0.0033592326666599453
0.46203317661669474,0.0033609740008522927
0.46207753038232946,0.0033627153350446397
0.4621218841479642,0.003364456669236987
0.4621662379135989,0.0033661980034293344
0.46221059167923356,0.003367939337621682
0.4622549454448683,0.0033696806718140292
0.462299299210503,0.003371422006006376
0.46234365297613766,0.0033731633401987236
0.4623880067417724,0.003374904674391071
0.4624323605074071,0.0033766460085834183
0.46247671427304177,0.0033783873427757657
0.4625210680386765,0.003380128676968113
0.4625654218043112,0.00338187001116046
0.46260977556994587,0.0033836113453528075
0.4626541293355806,0.003385352679545155
0.4626984831012153,0.0033870940137375022
0.46274283686685,0.0033888353479298496
0.4627871906324847,0.0033905766821221966
0.4628315443981194,0.003392318016314544
0.46287589816375413,0.0033940593505068914
0.4629202519293888,0.0033958006846992387
0.4629646056950235,0.0033975519693726854
0.46300895946065823,0.00339932315500833
0.4630533132262929,0.003401114241606173
0.4630976669919276,0.0034029219123391814
0.46314202075756233,0.003404746167207355
0.46318637452319705,0.003406570422075528
0.4632307282888317,0.0034083946769437015
0.46327508205446644,0.0034102189318118746
0.46331943582010116,0.003412043186680048
0.4633637895857358,0.0034138674415482217
0.46340814335137054,0.003415691696416395
0.46345249711700526,0.0034175159512845684
0.4634968508826399,0.003419340206152742
0.46354120464827464,0.003421164461020915
0.46358555841390936,0.0034229887158890885
0.463629912179544,0.0034248129707572616
0.46367426594517874,0.003426637225625435
0.46371861971081346,0.0034284614804936087
0.4637629734764482,0.003430285735361782
0.46380732724208285,0.0034321099902299554
0.46385168100771756,0.0034339342450981285
0.4638960347733523,0.003435758499966302
0.46394038853898695,0.0034375827548344755
0.46398474230462167,0.0034394070097026486
0.4640290960702564,0.003441231264570822
0.46407344983589105,0.0034430555194389957
0.46411780360152577,0.003444879774307169
0.4641621573671605,0.0034467040291753424
0.4642065111327952,0.0034485282840435155
0.46425086489842987,0.003450352538911689
0.4642952186640646,0.0034521767937798625
0.4643395724296993,0.0034540010486480356
0.464383926195334,0.003455825303516209
0.4644282799609687,0.0034576495583843827
0.4644726337266034,0.003459473813252556
0.4645169874922381,0.0034612980681207293
0.4645613412578728,0.0034631223229889025
0.4646056950235075,0.003464946577857076
0.4646500487891422,0.0034667708327252495
0.4646944025547769,0.0034685950875934226
0.4647387563204116,0.003470419342461596
0.46478311008604634,0.0034722435973297697
0.464827463851681,0.003474067852197943
0.4648718176173157,0.0034758921070661163
0.46491617138295044,0.0034777163619342895
0.4649605251485851,0.003479540616802463
0.4650048789142198,0.0034813648716706365
0.46504923267985454,0.0034831891265388096
0.4650935864454892,0.003485013381406983
0.4651379402111239,0.0034868376362751563
0.46518229397675864,0.00348866189114333
0.46522664774239336,0.0034904861460115033
0.465271001508028,0.0034923104008796764
0.46531535527366275,0.00349413465574785
0.46535970903929746,0.0034959589106160235
0.46540406280493213,0.0034977831654841966
0.46544841657056685,0.00349960742035237
0.46549277033620157,0.0035014316752205433
0.46553712410183623,0.003503255930088717
0.46558147786747095,0.0035050801849568903
0.46562583163310567,0.0035069044398250634
0.46567018539874033,0.003508728694693237
0.46571453916437505,0.0035105529495614105
0.46575889293000977,0.0035123772044295836
0.4658032466956445,0.003514201459297757
0.46584760046127915,0.0035160257141659303
0.4658919542269139,0.003517849969034104
0.4659363079925486,0.0035196742239022773
0.46598066175818326,0.0035214984787704504
0.466025015523818,0.003523322733638624
0.4660693692894527,0.0035251469885067975
0.46611372305508736,0.0035269712433749706
0.4661580768207221,0.003528795498243144
0.4662024305863568,0.0035306197531113173
0.4662467843519915,0.003532444007979491
0.4662911381176262,0.0035342682628476643
0.4663354918832609,0.0035360925177158374
0.4663798456488956,0.003537916772584011
0.4664241994145303,0.003539741027452184
0.466468553180165,0.0035415652823203576
0.4665129069457997,0.003543389537188531
0.4665572607114344,0.0035452137920567043
0.4666016144770691,0.003547038046924878
0.4666459682427038,0.0035488623017930513
0.46669032200833854,0.0035506865566612244
0.4667346757739732,0.003552510811529398
0.4667790295396079,0.003554335066397571
0.46682338330524265,0.0035561593212657446
0.4668677370708773,0.003557983576133918
0.46691209083651203,0.0035598078310020913
0.46695644460214675,0.003561632085870265
0.4670007983677814,0.0035634563407384383
0.46704515213341613,0.0035652805956066114
0.46708950589905085,0.003567104850474785
0.4671338596646855,0.003568929105342958
0.46717821343032023,0.0035707533602111316
0.46722256719595495,0.003572577615079305
0.46726692096158967,0.0035744018699474783
0.46731127472722434,0.003576226124815652
0.46735562849285905,0.0035780503796838253
0.4673999822584938,0.0035798746345519984
0.46744433602412844,0.003581698889420172
0.46748868978976316,0.003583523144288345
0.4675330435553979,0.0035853473991565186
0.46757739732103254,0.003587171654024692
0.46762175108666726,0.0035889959088928653
0.467666104852302,0.003590820163761039
0.4677104586179367,0.003592644418629212
0.46775481238357136,0.0035944686734973854
0.4677991661492061,0.003596292928365559
0.4678435199148408,0.003598117183233732
0.46788787368047546,0.0035999414381019056
0.4679322274461102,0.003601765692970079
0.4679765812117449,0.0036035899478382523
0.46802093497737957,0.003605414202706426
0.4680652887430143,0.003607238457574599
0.468109642508649,0.0036090627124427724
0.46815399627428367,0.003610886967310946
0.4681983500399184,0.003612711222179119
0.4682427038055531,0.0036145354770472926
0.4682870575711878,0.003616359731915466
0.4683314113368225,0.0036181839867836393
0.4683757651024572,0.003620008241651813
0.46842011886809193,0.003621832496519986
0.4684644726337266,0.0036236567513881594
0.4685088263993613,0.003625481006256333
0.46855318016499603,0.003627305261124506
0.4685975339306307,0.0036291295159926796
0.4686418876962654,0.003630953770860853
0.46868624146190013,0.0036327813425560593
0.46873059522753485,0.003634622181559398
0.4687749489931695,0.0036364696542168025
0.46881930275880423,0.0036383270773553064
0.46886365652443895,0.003640194450974909
0.4689080102900736,0.003642068458248578
0.46895236405570834,0.003643942465522247
0.46899671782134306,0.003645819789622949
0.4690410715869777,0.003647697113723651
0.46908542535261244,0.003649577754651386
0.46912977911824716,0.003651478296541319
0.4691741328838818,0.0036533854720853186
0.46921848664951654,0.003655292647629318
0.46926284041515126,0.003657199823173317
0.469307194180786,0.003659106998717317
0.46935154794642064,0.003661014174261316
0.46939590171205536,0.0036629213498053158
0.4694402554776901,0.003664828525349315
0.46948460924332475,0.0036667357008933147
0.46952896300895947,0.003668642876437314
0.4695733167745942,0.003670550051981313
0.46961767054022885,0.003672457227525313
0.46966202430586357,0.003674364403069312
0.4697063780714983,0.003676271578613312
0.469750731837133,0.003678178754157311
0.46979508560276767,0.0036800859297013108
0.4698394393684024,0.00368199310524531
0.4698837931340371,0.0036839002807893093
0.4699281468996718,0.003685807456333309
0.4699725006653065,0.003687714631877308
0.4700168544309412,0.003689621807421308
0.4700612081965759,0.003691528982965307
0.4701055619622106,0.0036934361585093064
0.4701499157278453,0.003695343334053306
0.47019426949348,0.0036972505095973053
0.4702386232591147,0.003699157685141305
0.4702829770247494,0.0037010648606853043
0.47032733079038413,0.003702972036229304
0.4703716845560188,0.0037048792117733032
0.4704160383216535,0.0037067863873173025
0.47046039208728824,0.003708693562861302
0.4705047458529229,0.003710633906675632
0.4705490996185576,0.0037125808841440284
0.47059345338419234,0.003714537812093523
0.470637807149827,0.003716494740043018
0.4706821609154617,0.003718454984819546
0.47072651468109644,0.0037204152295960743
0.47077086844673116,0.0037223787911996355
0.4708152222123658,0.0037243622537653947
0.47085957597800054,0.003726345716331154
0.47090392974363526,0.0037283358125509793
0.4709482835092699,0.003730325908770805
0.47099263727490465,0.0037323160049906306
0.47103699104053937,0.003734306101210456
0.47108134480617403,0.0037362961974302814
0.47112569857180875,0.0037382862936501072
0.47117005233744347,0.0037402763898699326
0.47121440610307813,0.003742266486089758
0.47125875986871285,0.0037442565823095834
0.47130311363434757,0.003746246678529409
0.4713474673999823,0.0037482367747492347
0.47139182116561695,0.00375022687096906
0.4714361749312517,0.0037522169671888855
0.4714805286968864,0.003754207063408711
0.47152488246252106,0.0037561971596285367
0.4715692362281558,0.003758187255848362
0.4716135899937905,0.0037601773520681875
0.47165794375942516,0.003762167448288013
0.4717022975250599,0.0037641575445078383
0.4717466512906946,0.003766147640727664
0.4717910050563293,0.0037681377369474895
0.471835358821964,0.003770127833167315
0.4718797125875987,0.0037721179293871403
0.4719240663532334,0.003774108025606966
0.4719684201188681,0.0037760981218267916
0.4720127738845028,0.003778088218046617
0.4720571276501375,0.0037800783142664424
0.4721014814157722,0.0037820684104862678
0.4721458351814069,0.0037840585067060936
0.4721901889470416,0.003786048602925919
0.4722345427126763,0.0037880386991457444
0.472278896478311,0.00379002879536557
0.4723232502439457,0.0037920188915853957
0.47236760400958044,0.003794008987805221
0.4724119577752151,0.0037959990840250465
0.4724563115408498,0.003797989180244872
0.47250066530648455,0.0037999792764646973
0.4725450190721192,0.003801969372684523
0.47258937283775393,0.0038039594689043485
0.47263372660338865,0.003805949565124174
0.4726780803690233,0.0038079396613439993
0.47272243413465803,0.003809929757563825
0.47276678790029275,0.0038119198537836505
0.47281114166592747,0.003813909950003476
0.47285549543156213,0.0038159000462233013
0.47289984919719685,0.0038178901424431267
0.4729442029628316,0.0038198802386629526
0.47298855672846624,0.003821870334882778
0.47303291049410096,0.0038238604311026034
0.4730772642597357,0.0038258505273224288
0.47312161802537034,0.0038278406235422546
0.47316597179100506,0.00382983071976208
0.4732103255566398,0.0038318208159819054
0.47325467932227444,0.003833810912201731
0.47329903308790916,0.003835801008421556
0.4733433868535439,0.003837791104641382
0.4733877406191786,0.0038397812008612075
0.47343209438481326,0.003841771297081033
0.473476448150448,0.0038437613933008583
0.4735208019160827,0.003845751489520684
0.47356515568171736,0.0038477415857405095
0.4736095094473521,0.003849731681960335
0.4736538632129868,0.0038517217781801603
0.47369821697862147,0.0038537118743999857
0.4737425707442562,0.0038557019706198115
0.4737869245098909,0.003857692066839637
0.4738312782755256,0.0038596821630594623
0.4738756320411603,0.0038616722592792877
0.473919985806795,0.0038636623554991136
0.4739643395724297,0.003865652451718939
0.4740086933380644,0.0038676425479387644
0.4740530471036991,0.0038696326441585898
0.47409740086933383,0.003871622740378415
0.4741417546349685,0.003873612836598241
0.4741861084006032,0.0038756029328180664
0.47423046216623793,0.003877593029037892
0.47427481593187265,0.003879583125257717
0.4743191696975073,0.003881573221477543
0.47436352346314203,0.0038835633176973684
0.47440787722877675,0.003885553413917194
0.4744522309944114,0.0038875435101370192
0.47449658476004614,0.0038895336063568446
0.47454093852568086,0.0038915237025766705
0.4745852922913155,0.003893513798796496
0.47462964605695024,0.0038955038950163213
0.47467399982258496,0.0038974939912361467
0.4747183535882196,0.0038994840874559725
0.47476270735385434,0.003901474183675798
0.47480706111948906,0.0039034642798956233
0.4748514148851238,0.0039054543761154487
0.47489576865075844,0.0039074444723352746
0.47494012241639316,0.0039094345685550995
0.4749844761820279,0.003911424664774925
0.47502882994766255,0.003913414760994751
0.47507318371329726,0.003915404857214576
0.475117537478932,0.003917394953434402
0.47516189124456665,0.003919385049654227
0.47520624501020137,0.003921375145874053
0.4752505987758361,0.003923365242093879
0.4752949525414708,0.003925355338313704
0.47533930630710547,0.0039273454345335294
0.4753836600727402,0.003929335530753354
0.4754280138383749,0.00393132562697318
0.47547236760400957,0.003933315723193006
0.4755167213696443,0.003935305819412831
0.475561075135279,0.003937295915632657
0.4756054289009137,0.003939286011852483
0.4756497826665484,0.003941276108072308
0.4756941364321831,0.0039432662042921335
0.4757384901978178,0.0039452563005119585
0.4757828439634525,0.003947246396731784
0.4758271977290872,0.00394923649295161
0.47587155149472193,0.003951226589171435
0.4759159052603566,0.003953216685391261
0.4759602590259913,0.003955206781611086
0.47600461279162604,0.003957196877830912
0.4760489665572607,0.003959186974050738
0.4760933203228954,0.0039611770702705626
0.47613767408853014,0.003963167166490388
0.4761820278541648,0.003965157262710213
0.4762263816197995,0.003967147358930039
0.47627073538543424,0.003969137455149865
0.47631508915106896,0.00397112755136969
0.4763594429167036,0.003973117647589516
0.47640379668233834,0.003975107743809342
0.47644815044797306,0.003977097840029167
0.4764925042136077,0.0039790879362489925
0.47653685797924245,0.0039810780324688174
0.47658121174487716,0.003983068128688643
0.47662556551051183,0.003985058224908469
0.47666991927614655,0.003987048321128294
0.47671427304178127,0.00398903841734812
0.47675862680741593,0.003991028513567945
0.47680298057305065,0.003993018609787771
0.47684733433868537,0.0039950087060075965
0.4768916881043201,0.0039969988022274215
0.47693604186995475,0.003998988898447247
0.47698039563558947,0.004000978994667072
0.4770247494012242,0.004002969090886898
0.47706910316685885,0.004004959187106724
0.4771134569324936,0.004006949283326549
0.4771578106981283,0.004008939379546375
0.47720216446376296,0.004010929475766201
0.4772465182293977,0.004012919571986026
0.4772908719950324,0.004014909668205851
0.4773352257606671,0.004016899764425676
0.4773795795263018,0.004018889860645502
0.4774239332919365,0.004020879956865328
0.4774682870575712,0.004022870053085153
0.4775126408232059,0.004024860149304979
0.4775569945888406,0.004026850245524804
0.4776013483544753,0.00402884034174463
0.47764570212011,0.0040308304379644555
0.4776900558857447,0.0040328205341842805
0.4777344096513794,0.004034810630404106
0.4777787634170141,0.004036800726623931
0.4778231171826488,0.004038790822843757
0.4778674709482835,0.004040780919063583
0.47791182471391824,0.004042771015283408
0.4779561784795529,0.004044761111503234
0.4780005322451876,0.00404675120772306
0.47804488601082235,0.0040487413039428845
0.478089239776457,0.00405073140016271
0.47813359354209173,0.004052721496382535
0.47817794730772645,0.004054711592602361
0.4782223010733611,0.004056701688822187
0.47826665483899583,0.004058691785042012
0.47831100860463055,0.004060681881261838
0.47835536237026527,0.004062671977481663
0.47839971613589993,0.004064662073701489
0.47844406990153465,0.0040666521699213145
0.47848842366716937,0.004068642266141139
0.47853277743280404,0.004070632362360965
0.47857713119843875,0.00407262245858079
0.4786214849640735,0.004074612554800616
0.47866583872970814,0.004076602651020442
0.47871019249534286,0.004078592747240267
0.4787545462609776,0.004080582843460093
0.47879890002661224,0.0040825729396799185
0.47884325379224696,0.0040845630358997435
0.4788876075578817,0.004086553132119569
0.4789319613235164,0.004088543228339394
0.47897631508915106,0.00409053332455922
0.4790206688547858,0.004092523420779046
0.4790650226204205,0.004094513516998871
0.47910937638605516,0.004096503613218697
0.4791537301516899,0.004098493709438522
0.4791980839173246,0.004100483805658348
0.47924243768295927,0.004102473901878173
0.479286791448594,0.004104463998097998
0.4793311452142287,0.004106454094317824
0.4793754989798634,0.004108444190537649
0.4794198527454981,0.004110434286757475
0.4794642065111328,0.004112424382977301
0.4795085602767675,0.004114414479197126
0.4795529140424022,0.004116404575416952
0.4795972678080369,0.0041183946716367775
0.47964162157367163,0.0041203847678566025
0.4796859753393063,0.004122374864076428
0.479730329104941,0.004124364960296253
0.47977468287057573,0.004126355056516079
0.4798190366362104,0.004128345152735905
0.4798633904018451,0.00413033524895573
0.47990774416747983,0.0041323352956566545
0.47995209793311455,0.004134341976011645
0.4799964516987492,0.004136355290020702
0.48004080546438394,0.004138371920856792
0.48008515923001865,0.004140395185346948
0.4801295129956533,0.004142418449837104
0.48017386676128804,0.004144458298462425
0.48021822052692276,0.004146504780741812
0.4802625742925574,0.004148564530329331
0.48030692805819214,0.004150627596743884
0.48035128182382686,0.0041527006136395355
0.4803956355894616,0.004154773630535187
0.48043998935509624,0.004156846647430839
0.48048434312073096,0.00415891966432649
0.4805286968863657,0.004160992681222142
0.48057305065200034,0.004163065698117793
0.48061740441763506,0.004165138715013445
0.4806617581832698,0.004167211731909096
0.48070611194890445,0.004169284748804748
0.48075046571453917,0.0041713577657003995
0.4807948194801739,0.004173430782596051
0.48083917324580855,0.0041755037994917026
0.48088352701144327,0.004177576816387354
0.480927880777078,0.004179649833283006
0.4809722345427127,0.004181722850178657
0.48101658830834737,0.004183795867074309
0.4810609420739821,0.00418586888396996
0.4811052958396168,0.004187941900865612
0.4811496496052515,0.004190014917761263
0.4811940033708862,0.004192087934656915
0.4812383571365209,0.0041941609515525665
0.4812827109021556,0.004196233968448218
0.4813270646677903,0.00419830698534387
0.481371418433425,0.004200380002239521
0.48141577219905973,0.004202453019135173
0.4814601259646944,0.004204526036030824
0.4815044797303291,0.004206599052926476
0.48154883349596384,0.004208672069822127
0.4815931872615985,0.004210745086717779
0.4816375410272332,0.0042128181036134305
0.48168189479286794,0.004214891120509082
0.4817262485585026,0.0042169641374047336
0.4817706023241373,0.004219037154300385
0.48181495608977204,0.004221126755331202
0.48185930985540676,0.004223242890978283
0.4819036636210414,0.004225372293933495
0.48194801738667614,0.004227511647369809
0.48199237115231086,0.004229651000806121
0.4820367249179455,0.004231806938377599
0.48208107868358024,0.004233962875949076
0.48212543244921496,0.0042361188135205535
0.4821697862148496,0.004238274751092032
0.48221413998048435,0.004240430688663509
0.48225849374611907,0.004242586626234987
0.48230284751175373,0.004244742563806464
0.48234720127738845,0.004246898501377942
0.48239155504302317,0.00424905443894942
0.4824359088086579,0.004251210376520897
0.48248026257429255,0.004253366314092375
0.48252461633992727,0.004255522251663852
0.482568970105562,0.0042576781892353305
0.48261332387119665,0.004259834126806808
0.4826576776368314,0.004261990064378285
0.4827020314024661,0.004264146001949763
0.48274638516810076,0.0042663019395212404
0.4827907389337355,0.004268457877092719
0.4828350926993702,0.004270613814664196
0.4828794464650049,0.004272769752235673
0.4829238002306396,0.004274925689807151
0.4829681539962743,0.0042770816273786285
0.483012507761909,0.004279237564950107
0.4830568615275437,0.004281393502521584
0.4831012152931784,0.004283549440093061
0.4831455690588131,0.004285705377664539
0.4831899228244478,0.0042878613152360166
0.4832342765900825,0.004290017252807495
0.4832786303557172,0.004292173190378972
0.4833229841213519,0.00429432912795045
0.4833673378869866,0.004296485065521927
0.4834116916526213,0.004298641003093405
0.48345604541825604,0.004300796940664883
0.4835003991838907,0.00430295287823636
0.4835447529495254,0.004305108815807838
0.48358910671516014,0.004307264753379315
0.4836334604807948,0.004309420690950793
0.4836778142464295,0.004311576628522271
0.48372216801206425,0.004313732566093748
0.4837665217776989,0.004315888503665226
0.48381087554333363,0.0043180444412367035
0.48385522930896835,0.004320200378808182
0.48389958307460307,0.004322356316379659
0.48394393684023773,0.004324512253951136
0.48398829060587245,0.004326668191522614
0.48403264437150717,0.0043288241290940915
0.48407699813714183,0.00433098006666557
0.48412135190277655,0.004333136004237047
0.4841657056684113,0.004335291941808524
0.48421005943404594,0.004337447879380002
0.48425441319968066,0.00433960381695148
0.4842987669653154,0.004341759754522958
0.48434312073095004,0.004343915692094435
0.48438747449658476,0.004346071629665912
0.4844318282622195,0.00434822756723739
0.4844761820278542,0.004350383504808868
0.48452053579348886,0.004352539442380346
0.4845648895591236,0.004354695379951823
0.4846092433247583,0.004356851317523301
0.48465359709039296,0.0043590072550947784
0.4846979508560277,0.004361163192666256
0.4847423046216624,0.004363319130237734
0.48478665838729706,0.004365475067809211
0.4848310121529318,0.004367631005380689
0.4848753659185665,0.0043697869429521665
0.4849197196842012,0.004371942880523644
0.4849640734498359,0.004374098818095122
0.4850084272154706,0.004376254755666599
0.4850527809811053,0.004378410693238077
0.48509713474674,0.0043805666308095546
0.4851414885123747,0.004382722568381032
0.4851858422780094,0.00438487850595251
0.4852301960436441,0.004387034443523987
0.4852745498092788,0.004389190381095465
0.48531890357491353,0.004391346318666943
0.4853632573405482,0.004393502256238421
0.4854076111061829,0.004395658193809898
0.48545196487181763,0.004397814131381375
0.48549631863745235,0.004399970068952853
0.485540672403087,0.004402126006524331
0.48558502616872173,0.004404281944095809
0.48562937993435645,0.004406437881667286
0.4856737336999911,0.004408593819238763
0.48571808746562584,0.0044107497568102415
0.48576244123126056,0.004412905694381719
0.4858067949968952,0.004415061631953197
0.48585114876252994,0.004417217569524674
0.48589550252816466,0.004419373507096151
0.4859398562937994,0.0044215294446676295
0.48598421005943404,0.004423685382239107
0.48602856382506876,0.004425841319810585
0.4860729175907035,0.004427997257382062
0.48611727135633814,0.00443015319495354
0.48616162512197286,0.004432309132525018
0.4862059788876076,0.004434465070096495
0.48625033265324225,0.004436621007667973
0.48629468641887696,0.00443877694523945
0.4863390401845117,0.004440932882810928
0.48638339395014635,0.004443088820382406
0.48642774771578107,0.004445244757953883
0.4864721014814158,0.004447400695525361
0.4865164552470505,0.004449556633096838
0.48656080901268517,0.0044517125706683165
0.4866051627783199,0.004453868508239794
0.4866495165439546,0.004456024445811271
0.48669387030958927,0.004458180383382749
0.486738224075224,0.004460336320954226
0.4867825778408587,0.0044624922585257045
0.4868269316064934,0.004464648196097182
0.4868712853721281,0.00446680413366866
0.4869156391377628,0.004468960071240137
0.48695999290339753,0.0044711160088116144
0.4870043466690322,0.004473271946383093
0.4870487004346669,0.00447542788395457
0.48709305420030163,0.004477583821526048
0.4871374079659363,0.004479743075924559
0.487181761731571,0.004481908963977136
0.48722611549720574,0.004484091436164878
0.4872704692628404,0.004486297126141851
0.4873148230284751,0.00448850944977289
0.48735917679410984,0.004490721773403929
0.4874035305597445,0.004492960631651233
0.4874478843253792,0.004495199489898537
0.48749223809101394,0.004497438348145841
0.48753659185664866,0.0044996772063931436
0.4875809456222833,0.004501916064640447
0.48762529938791804,0.004504154922887751
0.48766965315355276,0.004506393781135055
0.4877140069191874,0.004508632639382359
0.48775836068482215,0.004510871497629662
0.48780271445045686,0.004513110355876966
0.48784706821609153,0.00451534921412427
0.48789142198172625,0.0045175880723715735
0.48793577574736097,0.004519826930618877
0.4879801295129957,0.00452206578886618
0.48802448327863035,0.004524304647113484
0.48806883704426507,0.004526543505360788
0.4881131908098998,0.004528782363608092
0.48815754457553445,0.004531021221855396
0.48820189834116917,0.0045332600801026995
0.4882462521068039,0.0045354989383500025
0.48829060587243855,0.004537737796597306
0.4883349596380733,0.00453997665484461
0.488379313403708,0.004542215513091914
0.4884236671693427,0.004544454371339218
0.4884680209349774,0.004546693229586521
0.4885123747006121,0.004548932087833825
0.4885567284662468,0.004551170946081129
0.4886010822318815,0.004553409804328432
0.4886454359975162,0.004555648662575736
0.4886897897631509,0.004557887520823039
0.4887341435287856,0.004560126379070343
0.4887784972944203,0.004562365237317647
0.488822851060055,0.004564604095564951
0.4888672048256897,0.004566842953812255
0.4889115585913244,0.0045690818120595585
0.4889559123569591,0.0045713206703068615
0.48900026612259384,0.004573559528554165
0.4890446198882285,0.004575814970936634
0.4890889736538632,0.004578070413319103
0.48913332741949794,0.004580342439836737
0.4891776811851326,0.004582614466354371
0.4892220349507673,0.004584886492872005
0.48926638871640205,0.0045871618362166725
0.4893107424820367,0.00458943717956134
0.48935509624767143,0.004591725790214139
0.48939945001330615,0.004594030985002104
0.48944380377894087,0.0045963527639252336
0.48948815754457553,0.004598674542848364
0.48953251131021025,0.0046009963217714936
0.48957686507584497,0.004603318100694623
0.48962121884147963,0.004605639879617753
0.48966557260711435,0.004607961658540882
0.48970992637274907,0.004610283437464013
0.48975428013838374,0.004612605216387142
0.48979863390401845,0.004614926995310272
0.4898429876696532,0.004617248774233401
0.48988734143528784,0.004619570553156532
0.48993169520092256,0.004621892332079661
0.4899760489665573,0.004624214111002791
0.490020402732192,0.0046265358899259205
0.49006475649782666,0.00462885766884905
0.4901091102634614,0.0046311794477721805
0.4901534640290961,0.00463350122669531
0.49019781779473076,0.00463582300561844
0.4902421715603655,0.004638144784541569
0.4902865253260002,0.004640466563464699
0.49033087909163486,0.004642788342387829
0.4903752328572696,0.004645110121310959
0.4904195866229043,0.004647431900234088
0.490463940388539,0.004649753679157218
0.4905082941541737,0.004652075458080347
0.4905526479198084,0.004654397237003478
0.4905970016854431,0.004656719015926607
0.4906413554510778,0.004659040794849737
0.4906857092167125,0.0046613625737728665
0.4907300629823472,0.004663684352695997
0.4907744167479819,0.0046660061316191265
0.4908187705136166,0.004668327910542256
0.49086312427925133,0.004670649689465386
0.490907478044886,0.004672971468388515
0.4909518318105207,0.004675293247311646
0.49099618557615543,0.004677615026234775
0.49104053934179015,0.004679936805157905
0.4910848931074248,0.004682258584081034
0.49112924687305953,0.004684580363004164
0.49117360063869425,0.004686902141927294
0.4912179544043289,0.004689223920850424
0.49126230816996364,0.004691545699773553
0.49130666193559835,0.004693867478696683
0.491351015701233,0.004696189257619813
0.49139536946686774,0.004698511036542943
0.49143972323250246,0.0047008328154660725
0.4914840769981372,0.004703154594389202
0.49152843076377184,0.004705476373312332
0.49157278452940656,0.004707798152235462
0.4916171382950413,0.004710119931158592
0.49166149206067594,0.004712441710081721
0.49170584582631066,0.004714763489004851
0.4917501995919454,0.00471708526792798
0.49179455335758004,0.004719407046851111
0.49183890712321476,0.00472172882577424
0.4918832608888495,0.00472405060469737
0.49192761465448415,0.0047263723836204995
0.49197196842011887,0.00472869416254363
0.4920163221857536,0.0047310159414667595
0.4920606759513883,0.004733337720389889
0.49210502971702297,0.004735659499313019
0.4921493834826577,0.004737981278236148
0.4921937372482924,0.004740303057159279
0.49223809101392707,0.004742624836082408
0.4922824447795618,0.004744946615005538
0.4923267985451965,0.004747268393928667
0.4923711523108312,0.004749590172851797
0.4924155060764659,0.004751911951774927
0.4924598598421006,0.004754233730698057
0.49250421360773533,0.004756555509621186
0.49254856737337,0.004758877288544316
0.4925929211390047,0.004761199067467446
0.49263727490463943,0.004763520846390576
0.4926816286702741,0.0047658426253137055
0.4927259824359088,0.004768164404236835
0.49277033620154354,0.004770486183159965
0.4928146899671782,0.004772807962083095
0.4928590437328129,0.004775129741006225
0.49290339749844764,0.004777451519929354
0.4929477512640823,0.004779773298852484
0.492992105029717,0.004782095077775613
0.49303645879535174,0.004784416856698744
0.49308081256098646,0.004786738635621873
0.4931251663266211,0.004789060414545003
0.49316952009225584,0.004791382193468132
0.49321387385789056,0.004793703972391263
0.4932582276235252,0.004796025751314392
0.49330258138915994,0.004798347530237522
0.49334693515479466,0.0048006693091606515
0.4933912889204293,0.004802991088083781
0.49343564268606405,0.0048053128670069115
0.49347999645169877,0.004807634645930041
0.4935243502173335,0.004809956424853171
0.49356870398296815,0.0048122782037763
0.49361305774860287,0.00481459998269943
0.4936574115142376,0.00481692176162256
0.49370176527987225,0.00481924354054569
0.49374611904550697,0.004821565319468819
0.4937904728111417,0.004823887098391949
0.49383482657677635,0.0048262088773150785
0.4938791803424111,0.004828530656238209
0.4939235341080458,0.0048308524351613384
0.49396788787368046,0.004833174214084468
0.4940122416393152,0.004835495993007598
0.4940565954049499,0.004837817771930728
0.4941009491705846,0.004840139550853858
0.4941453029362193,0.004842461329776987
0.494189656701854,0.004844783108700117
0.4942340104674887,0.004847104887623246
0.4942783642331234,0.004849426666546377
0.4943227179987581,0.004851748445469506
0.4943670717643928,0.004854070224392636
0.4944114255300275,0.004856392003315765
0.4944557792956622,0.004858713782238895
0.4945001330612969,0.004861035561162025
0.49454448682693164,0.004863357340085155
0.4945888405925663,0.0048656791190082845
0.494633194358201,0.004868000897931414
0.49467754812383574,0.0048703226768545445
0.4947219018894704,0.004872644455777674
0.4947662556551051,0.004874966234700804
0.49481060942073984,0.004877288013623933
0.4948549631863745,0.004879609792547063
0.4948993169520092,0.004881931571470193
0.49494367071764395,0.004884253350393323
0.4949880244832786,0.004886575129316452
0.49503237824891333,0.004888896908239582
0.49507673201454805,0.004891218687162711
0.49512108578018277,0.004893540466085842
0.49516543954581743,0.004895862245008971
0.49520979331145215,0.004898184023932101
0.49525414707708687,0.0049005058028552305
0.49529850084272153,0.004902827581778361
0.49534285460835625,0.0049051493607014905
0.495387208373991,0.00490747113962462
0.49543156213962564,0.00490979291854775
0.49547591590526036,0.004912114697470879
0.4955202696708951,0.00491443647639401
0.4955646234365298,0.004916758255317139
0.49560897720216446,0.004919080034240269
0.4956533309677992,0.004921401813163398
0.4956976847334339,0.004923723592086528
0.49574203849906856,0.004926045371009658
0.4957863922647033,0.004928367149932788
0.495830746030338,0.0049306889288559174
0.49587509979597266,0.004933010707779047
0.4959194535616074,0.004935332486702177
0.4959638073272421,0.004937654265625307
0.4960081610928768,0.0049399760445484366
0.4960525148585115,0.004942297823471566
0.4960968686241462,0.004944619602394696
0.4961412223897809,0.004946941381317826
0.4961855761554156,0.004949263160240956
0.4962299299210503,0.004951584939164085
0.496274283686685,0.004953906718087215
0.4963186374523197,0.004956228497010344
0.4963629912179544,0.004958550275933475
0.4964073449835891,0.004960872054856604
0.4964516987492238,0.004963193833779734
0.4964960525148585,0.0049655156127028635
0.49654040628049323,0.004967837391625993
0.49658476004612795,0.0049701591705491235
0.4966291138117626,0.004972480949472253
0.49667346757739733,0.004974802728395383
0.49671782134303205,0.004977124507318512
0.4967621751086667,0.004979446286241643
0.49680652887430143,0.004981768065164772
0.49685088263993615,0.004984089844087902
0.4968952364055708,0.004986411623011031
0.49693959017120554,0.004988733401934161
0.49698394393684026,0.004991055180857291
0.497028297702475,0.004993376959780421
0.49707265146810964,0.00499569873870355
0.49711700523374436,0.00499802051762668
0.4971613589993791,0.0050003422965498095
0.49720571276501374,0.00500266407547294
0.49725006653064846,0.0050049858543960695
0.4972944202962832,0.005007307633319199
0.49733877406191784,0.005009629412242329
0.49738312782755256,0.005011951191165459
0.4974274815931873,0.005014272970088589
0.49747183535882195,0.005016594749011718
0.49751618912445666,0.005018916527934848
0.4975605428900914,0.005021238306857977
0.4976048966557261,0.005023566719435174
0.49764925042136077,0.00502589513201237
0.4976936041869955,0.005028226861416599
0.4977379579526302,0.005030588442264125
0.49778231171826487,0.005032976557727916
0.4978266654838996,0.005035381257326872
0.4978710192495343,0.005037785956925828
0.49791537301516897,0.005040190656524783
0.4979597267808037,0.005042595356123739
0.4980040805464384,0.005045000055722695
0.49804843431207313,0.005047404755321651
0.4980927880777078,0.005049809454920607
0.4981371418433425,0.005052214154519562
0.49818149560897723,0.005054618854118518
0.4982258493746119,0.0050570235537174745
0.4982702031402466,0.00505942825331643
0.49831455690588133,0.005061832952915386
0.498358910671516,0.005064237652514341
0.4984032644371507,0.005066642352113297
0.49844761820278544,0.0050690470517122535
0.4984919719684201,0.005071451751311209
0.4985363257340548,0.005073856450910165
0.49858067949968954,0.00507626115050912
0.49862503326532426,0.005078665850108076
0.4986693870309589,0.0050810705497070325
0.49871374079659364,0.005083475249305988
0.49875809456222836,0.005085879948904944
0.498802448327863,0.0050882846485039
0.49884680209349774,0.005090689348102855
0.49889115585913246,0.0050930940477018115
0.4989355096247671,0.005095498747300767
0.49897986339040185,0.005097903446899723
0.49902421715603656,0.005100308146498679
0.4990685709216713,0.005102712846097634
0.49911292468730595,0.0051051175456965905
0.49915727845294067,0.005107522245295546
0.4992016322185754,0.0051099302617215354
0.49924598598421005,0.0051123681295908215
0.49929033974984477,0.00511481926476824
0.4993346935154795,0.005117273716772691
0.49937904728111415,0.0051197314856041756
0.49942340104674887,0.005122199204916759
0.4994677548123836,0.005124686825191541
0.49951210857801825,0.005127174445466323
0.499556462343653,0.0051296620657411045
0.4996008161092877,0.005132149686015886
0.4996451698749224,0.005134637306290668
0.4996895236405571,0.00513712492656545
0.4997338774061918,0.005139612546840232
0.4997782311718265,0.005142100167115014
0.4998225849374612,0.005144587787389796
0.4998669387030959,0.0051470754076645775
0.4999112924687306,0.005149563027939359
0.4999556462343653,0.005152050648214141
0.5,0.005154538268488924
0.5000443537656347,0.005157025888763706
0.5000887075312694,0.005159513509038488
0.5001330612969042,0.0051620011293132696
0.5001774150625388,0.005164488749588051
0.5002217688281735,0.005166976369862833
0.5002661225938082,0.005169463990137615
0.5003104763594429,0.005171951610412397
0.5003548301250776,0.005174439230687179
0.5003991838907124,0.005176926850961961
0.5004435376563471,0.005179414471236743
0.5004878914219817,0.0051819020915115244
0.5005322451876164,0.005184389711786306
0.5005765989532511,0.005186877332061088
0.5006209527188858,0.00518936495233587
0.5006653064845206,0.005191852572610652
0.5007096602501553,0.005194340192885434
0.5007540140157899,0.005196827813160216
0.5007983677814246,0.0051993154334349975
0.5008427215470593,0.005201803053709779
0.500887075312694,0.005204290673984561
0.5009314290783288,0.005206778294259343
0.5009757828439635,0.005209265914534125
0.5010201366095982,0.005211753534808907
0.5010644903752328,0.005214241155083689
0.5011088441408675,0.0052167287753584705
0.5011531979065023,0.005219216395633252
0.501197551672137,0.005221704015908034
0.5012419054377717,0.005224191636182816
0.5012862592034064,0.005226679256457598
0.5013306129690411,0.00522916687673238
0.5013749667346757,0.005231654497007162
0.5014193205003105,0.0052341421172819435
0.5014636742659452,0.005236629737556725
0.5015080280315799,0.005239117357831507
0.5015523817972146,0.005241604978106289
0.5015967355628493,0.005244092598381071
0.501641089328484,0.005246580218655853
0.5016854430941187,0.005249067838930635
0.5017297968597534,0.0052515554592054165
0.5017741506253881,0.005254043079480198
0.5018185043910228,0.00525653069975498
0.5018628581566575,0.005259018320029762
0.5019072119222923,0.005261505940304544
0.5019515656879269,0.005263993560579326
0.5019959194535616,0.005266481180854108
0.5020402732191963,0.0052689688011288895
0.502084626984831,0.005271456421403671
0.5021289807504657,0.005273944041678453
0.5021733345161005,0.005276431661953235
0.5022176882817351,0.005278919282228017
0.5022620420473698,0.005281406902502799
0.5023063958130045,0.005283894522777581
0.5023507495786392,0.0052863821430523626
0.502395103344274,0.005288869763327144
0.5024394571099087,0.005291357383601926
0.5024838108755434,0.005293845003876708
0.502528164641178,0.00529633262415149
0.5025725184068127,0.005298820244426272
0.5026168721724474,0.005301307864701054
0.5026612259380822,0.005303795484975836
0.5027055797037169,0.005306283105250617
0.5027499334693516,0.005308770725525399
0.5027942872349862,0.005311258345800181
0.5028386410006209,0.005313745966074963
0.5028829947662556,0.005316233586349745
0.5029273485318904,0.005318721206624527
0.5029717022975251,0.005321208826899309
0.5030160560631598,0.0053236964471740904
0.5030604098287945,0.005326184067448872
0.5031047635944291,0.005328671687723654
0.5031491173600638,0.005331159307998437
0.5031934711256986,0.005333646928273219
0.5032378248913333,0.005336134548548001
0.503282178656968,0.0053386221688227825
0.5033265324226027,0.005341109789097564
0.5033708861882374,0.005343597409372346
0.503415239953872,0.005346085029647128
0.5034595937195068,0.00534857264992191
0.5035039474851415,0.005351060270196692
0.5035483012507762,0.005353547890471474
0.5035926550164109,0.0053560355107462555
0.5036370087820456,0.005358523131021037
0.5036813625476803,0.005361010751295819
0.503725716313315,0.005363498371570601
0.5037700700789497,0.005365985991845383
0.5038144238445844,0.005368473612120165
0.5038587776102191,0.005370961232394947
0.5039031313758539,0.0053734488526697285
0.5039474851414886,0.00537593647294451
0.5039918389071232,0.005378424093219292
0.5040361926727579,0.005380911713494074
0.5040805464383926,0.005383399333768856
0.5041249002040273,0.005385886954043638
0.5041692539696621,0.00538837457431842
0.5042136077352968,0.0053908621945932015
0.5042579615009314,0.005393349814867983
0.5043023152665661,0.005395837435142765
0.5043466690322008,0.005398325055417547
0.5043910227978355,0.005400812675692329
0.5044353765634703,0.005403300295967111
0.504479730329105,0.005405787916241893
0.5045240840947397,0.0054082755365166746
0.5045684378603743,0.005410763156791456
0.504612791626009,0.005413250777066238
0.5046571453916437,0.00541573839734102
0.5047014991572785,0.005418226017615802
0.5047458529229132,0.005420713637890584
0.5047902066885479,0.005423221159127564
0.5048345604541825,0.005425741947672676
0.5048789142198172,0.005428262736217789
0.504923267985452,0.005430800108898066
0.5049676217510867,0.005433340798405377
0.5050119755167214,0.005435888121566753
0.5050563292823561,0.0054384420783821965
0.5051006830479908,0.005440999352024672
0.5051450368136254,0.0054435599424941805
0.5051893905792602,0.005446123849790723
0.5052337443448949,0.00544869439074133
0.5052780981105296,0.005451264931691939
0.5053224518761643,0.005453835472642546
0.505366805641799,0.005456406013593154
0.5054111594074338,0.005458976554543762
0.5054555131730684,0.00546154709549437
0.5054998669387031,0.005464117636444978
0.5055442207043378,0.005466688177395586
0.5055885744699725,0.0054692587183461944
0.5056329282356072,0.005471829259296802
0.505677282001242,0.00547439980024741
0.5057216357668766,0.005476970341198018
0.5057659895325113,0.005479540882148626
0.505810343298146,0.005482111423099234
0.5058546970637807,0.005484681964049842
0.5058990508294154,0.005487252505000449
0.5059434045950502,0.005489823045951058
0.5059877583606849,0.005492393586901665
0.5060321121263195,0.005494964127852274
0.5060764658919542,0.005497534668802881
0.5061208196575889,0.005500105209753489
0.5061651734232236,0.005502675750704097
0.5062095271888584,0.005505246291654705
0.5062538809544931,0.005507816832605313
0.5062982347201277,0.005510387373555921
0.5063425884857624,0.005512957914506529
0.5063869422513971,0.005515528455457137
0.5064312960170319,0.0055180989964077444
0.5064756497826666,0.005520669537358353
0.5065200035483013,0.0055232400783089605
0.506564357313936,0.005525810619259569
0.5066087110795706,0.0055283811602101765
0.5066530648452053,0.005530951701160784
0.5066974186108401,0.0055335222421113925
0.5067417723764748,0.005536092783062
0.5067861261421095,0.005538669957666675
0.5068304799077442,0.005541250449098381
0.5068748336733789,0.005543847524665254
0.5069191874390135,0.005546451233886192
0.5069635412046483,0.0055490582599341635
0.507007894970283,0.005551685186944332
0.5070522487359177,0.005554338648570766
0.5070966025015524,0.0055569921101972005
0.5071409562671871,0.005559645571823635
0.5071853100328217,0.005562299033450069
0.5072296637984565,0.005564952495076503
0.5072740175640912,0.005567605956702936
0.5073183713297259,0.00557025941832937
0.5073627250953606,0.005572912879955805
0.5074070788609953,0.005575566341582239
0.5074514326266301,0.005578219803208673
0.5074957863922647,0.005580873264835106
0.5075401401578994,0.00558352672646154
0.5075844939235341,0.0055861801880879745
0.5076288476891688,0.005588833649714409
0.5076732014548035,0.005591487111340843
0.5077175552204383,0.005594140572967276
0.5077619089860729,0.00559679403459371
0.5078062627517076,0.005599447496220144
0.5078506165173423,0.005602100957846579
0.507894970282977,0.005604754419473013
0.5079393240486118,0.005607407881099447
0.5079836778142465,0.00561006134272588
0.5080280315798812,0.005612714804352314
0.5080723853455158,0.0056153682659787485
0.5081167391111505,0.005618021727605183
0.5081610928767852,0.005620675189231617
0.50820544664242,0.00562332865085805
0.5082498004080547,0.005625982112484484
0.5082941541736894,0.005628635574110918
0.508338507939324,0.005631289035737353
0.5083828617049587,0.005633942497363787
0.5084272154705934,0.005636595958990221
0.5084715692362282,0.005639249420616654
0.5085159230018629,0.005641902882243088
0.5085602767674976,0.0056445563438695225
0.5086046305331323,0.005647209805495957
0.5086489842987669,0.005649863267122391
0.5086933380644016,0.005652516728748824
0.5087376918300364,0.005655170190375258
0.5087820455956711,0.005657823652001692
0.5088263993613058,0.005660477113628127
0.5088707531269405,0.005663130575254561
0.5089151068925752,0.005665784036880994
0.5089594606582099,0.005668437498507428
0.5090038144238446,0.005671090960133862
0.5090481681894793,0.0056737444217602965
0.509092521955114,0.005676397883386731
0.5091368757207487,0.005679051345013165
0.5091812294863834,0.005681704806639598
0.509225583252018,0.005684358268266032
0.5092699370176528,0.005687011729892466
0.5093142907832875,0.0056896651915189006
0.5093586445489222,0.005692318653145335
0.5094029983145569,0.005694972114771768
0.5094473520801917,0.005697625576398202
0.5094917058458264,0.005700279038024636
0.509536059611461,0.0057029324996510705
0.5095804133770957,0.005705585961277505
0.5096247671427304,0.005708239422903939
0.5096691209083651,0.005710892884530372
0.5097134746739999,0.005713546346156806
0.5097578284396346,0.00571619980778324
0.5098021822052692,0.0057188532694096746
0.5098465359709039,0.005721506731036109
0.5098908897365386,0.005724160192662542
0.5099352435021733,0.005726813654288976
0.5099795972678081,0.00572946711591541
0.5100239510334428,0.0057321205775418445
0.5100683047990775,0.005734774039168279
0.5101126585647121,0.005737427500794712
0.5101570123303468,0.005740080962421146
0.5102013660959815,0.00574273442404758
0.5102457198616163,0.005745387885674014
0.510290073627251,0.0057480413473004486
0.5103344273928857,0.005750694808926883
0.5103787811585203,0.005753348270553316
0.510423134924155,0.00575600173217975
0.5104674886897898,0.005758655193806184
0.5105118424554245,0.0057613086554326185
0.5105561962210592,0.005763962117059053
0.5106005499866939,0.005766615578685486
0.5106449037523286,0.00576926904031192
0.5106892575179632,0.005771922501938354
0.510733611283598,0.005774575963564788
0.5107779650492327,0.0057772294251912226
0.5108223188148674,0.005779882886817657
0.5108666725805021,0.00578253634844409
0.5109110263461368,0.005785189810070524
0.5109553801117716,0.005787843271696958
0.5109997338774062,0.0057904967333233925
0.5110440876430409,0.005793150194949827
0.5110884414086756,0.00579580365657626
0.5111327951743103,0.005798457118202694
0.511177148939945,0.005801110579829128
0.5112215027055798,0.005803764041455562
0.5112658564712144,0.0058064175030819965
0.5113102102368491,0.00580907096470843
0.5113545640024838,0.005811724426334864
0.5113989177681185,0.005814377887961298
0.5114432715337532,0.005817031349587732
0.511487625299388,0.0058196848112141665
0.5115319790650227,0.005822338272840601
0.5115763328306573,0.005824991734467034
0.511620686596292,0.005827645196093468
0.5116650403619267,0.005830298657719902
0.5117093941275614,0.005832952119346336
0.5117537478931962,0.0058356055809727705
0.5117981016588309,0.005838259042599204
0.5118424554244655,0.005840912504225638
0.5118868091901002,0.005843565965852072
0.5119311629557349,0.005846219427478506
0.5119755167213697,0.0058488728891049405
0.5120198704870044,0.005851526350731375
0.5120642242526391,0.005854179812357808
0.5121085780182738,0.005856833273984242
0.5121529317839084,0.005859486735610676
0.5121972855495431,0.00586214019723711
0.5122416393151779,0.0058647936588635445
0.5122859930808126,0.005867447120489978
0.5123303468464473,0.005870100582116412
0.512374700612082,0.005872754043742846
0.5124190543777166,0.00587540750536928
0.5124634081433513,0.0058780609669957145
0.5125077619089861,0.005880714428622149
0.5125521156746208,0.005883367890248582
0.5125964694402555,0.005886021351875016
0.5126408232058902,0.00588867481350145
0.5126851769715249,0.005891328275127884
0.5127295307371595,0.0058939817367543185
0.5127738845027943,0.005896635198380752
0.512818238268429,0.005899288660007186
0.5128625920340637,0.00590194212163362
0.5129069457996984,0.005904595583260054
0.5129512995653331,0.0059072490448864885
0.5129956533309679,0.005909902506512922
0.5130400070966025,0.005912555968139356
0.5130843608622372,0.00591520942976579
0.5131287146278719,0.005917862891392224
0.5131730683935066,0.005920516353018658
0.5132174221591413,0.0059231698146450925
0.5132617759247761,0.005925823276271526
0.5133061296904107,0.00592847673789796
0.5133504834560454,0.005931130199524394
0.5133948372216801,0.005933783661150828
0.5134391909873148,0.0059364371227772625
0.5134835447529496,0.005939090584403696
0.5135278985185843,0.00594174404603013
0.513572252284219,0.005944397507656564
0.5136166060498536,0.005947050969282998
0.5136609598154883,0.005949704430909432
0.513705313581123,0.0059523578925358665
0.5137496673467578,0.0059550113541623
0.5137940211123925,0.005957664815788734
0.5138383748780272,0.005960318277415168
0.5138827286436618,0.005962971739041602
0.5139270824092965,0.0059656252006680364
0.5139714361749312,0.00596827866229447
0.514015789940566,0.005970932123920904
0.5140601437062007,0.005973585585547338
0.5141044974718354,0.005976239047173772
0.5141488512374701,0.005978892508800206
0.5141932050031047,0.00598154597042664
0.5142375587687394,0.005984216016188239
0.5142819125343742,0.005986902646085003
0.5143262663000089,0.005989589275981767
0.5143706200656436,0.005992275905878531
0.5144149738312783,0.005994962535775295
0.514459327596913,0.005997688967596456
0.5145036813625476,0.006000425349898716
0.5145480351281824,0.006003161732200976
0.5145923888938171,0.006005898114503237
0.5146367426594518,0.006008634496805497
0.5146810964250865,0.0060113708791077565
0.5147254501907212,0.006014107261410016
0.5147698039563559,0.006016843643712276
0.5148141577219906,0.006019580026014537
0.5148585114876253,0.006022316408316797
0.51490286525326,0.006025052790619057
0.5149472190188947,0.0060277891729213166
0.5149915727845294,0.0060305255552235764
0.5150359265501642,0.006033261937525837
0.5150802803157988,0.006035998319828097
0.5151246340814335,0.006038734702130357
0.5151689878470682,0.006041471084432617
0.5152133416127029,0.0060442074667348775
0.5152576953783377,0.006046943849037137
0.5153020491439724,0.006049680231339397
0.515346402909607,0.006052416613641657
0.5153907566752417,0.006055152995943917
0.5154351104408764,0.006057889378246178
0.5154794642065111,0.006060625760548438
0.5155238179721459,0.00606337541015883
0.5155681717377806,0.006066125059769223
0.5156125255034153,0.006068884659860714
0.5156568792690499,0.006071654210433304
0.5157012330346846,0.006074427077832928
0.5157455868003193,0.0060772132125406835
0.5157899405659541,0.00607999934724844
0.5158342943315888,0.006082788798783228
0.5158786480972235,0.006085588200799116
0.5159230018628581,0.006088390919642037
0.5159673556284928,0.006091210222620123
0.5160117093941275,0.006094029525598209
0.5160560631597623,0.0060968488285762954
0.516100416925397,0.006099668131554382
0.5161447706910317,0.0061024874345324675
0.5161891244566664,0.006105306737510554
0.516233478222301,0.00610812604048864
0.5162778319879358,0.006110945343466726
0.5163221857535705,0.0061137646464448124
0.5163665395192052,0.006116583949422898
0.5164108932848399,0.0061194032524009845
0.5164552470504746,0.006122222555379071
0.5164996008161093,0.0061250418583571565
0.516543954581744,0.006127861161335243
0.5165883083473787,0.006130680464313329
0.5166326621130134,0.006133499767291415
0.5166770158786481,0.0061363190702695015
0.5167213696442828,0.006139138373247587
0.5167657234099176,0.0061419576762256735
0.5168100771755522,0.00614477697920376
0.5168544309411869,0.0061475962821818456
0.5168987847068216,0.006150415585159932
0.5169431384724563,0.006153234888138018
0.516987492238091,0.006156054191116104
0.5170318460037258,0.0061588734940941905
0.5170761997693605,0.006161692797072276
0.5171205535349951,0.0061645121000503626
0.5171649073006298,0.006167331403028448
0.5172092610662645,0.006170150706006535
0.5172536148318992,0.006172970008984621
0.517297968597534,0.006175789311962707
0.5173423223631687,0.006178608614940793
0.5173866761288033,0.0061814279179188795
0.517431029894438,0.006184247220896965
0.5174753836600727,0.006187066523875052
0.5175197374257074,0.006189885826853137
0.5175640911913422,0.006192705129831224
0.5176084449569769,0.00619552443280931
0.5176527987226116,0.006198343735787396
0.5176971524882462,0.006201163038765482
0.5177415062538809,0.006203982341743568
0.5177858600195157,0.006206801644721654
0.5178302137851504,0.006209620947699741
0.5178745675507851,0.006212440250677826
0.5179189213164198,0.006215259553655913
0.5179632750820544,0.006218078856633999
0.5180076288476891,0.006220898159612085
0.5180519826133239,0.006223717462590171
0.5180963363789586,0.006226536765568257
0.5181406901445933,0.006229356068546343
0.518185043910228,0.00623217537152443
0.5182293976758627,0.006234994674502515
0.5182737514414973,0.006237813977480602
0.5183181052071321,0.006240633280458687
0.5183624589727668,0.006243452583436774
0.5184068127384015,0.00624627188641486
0.5184511665040362,0.006249091189392946
0.5184955202696709,0.006251910492371032
0.5185398740353057,0.006254729795349119
0.5185842278009403,0.006257549098327204
0.518628581566575,0.006260368401305291
0.5186729353322097,0.006263187704283376
0.5187172890978444,0.006266007007261463
0.5187616428634791,0.006268826310239549
0.5188059966291139,0.006271645613217635
0.5188503503947485,0.006274464916195721
0.5188947041603832,0.006277284219173807
0.5189390579260179,0.006280103522151893
0.5189834116916526,0.00628292282512998
0.5190277654572873,0.006285742128108065
0.5190721192229221,0.006288561431086152
0.5191164729885568,0.006291380734064238
0.5191608267541914,0.006294200037042324
0.5192051805198261,0.00629701934002041
0.5192495342854608,0.006299838642998496
0.5192938880510956,0.006302657945976582
0.5193382418167303,0.006305477248954669
0.519382595582365,0.006308296551932754
0.5194269493479996,0.006311115854910841
0.5194713031136343,0.0063139351578889264
0.519515656879269,0.006316754460867013
0.5195600106449038,0.006319573763845099
0.5196043644105385,0.006322393066823185
0.5196487181761732,0.006325212369801271
0.5196930719418079,0.006328031672779358
0.5197374257074425,0.0063308509757574434
0.5197817794730772,0.00633367027873553
0.519826133238712,0.0063364895817136155
0.5198704870043467,0.006339308884691702
0.5199148407699814,0.006342144771804953
0.5199591945356161,0.006344993926226336
0.5200035483012507,0.006347846397474753
0.5200479020668854,0.006350698868723169
0.5200922558325202,0.006353601092377081
0.5201366095981549,0.006356503316030993
0.5201809633637896,0.0063594055396849055
0.5202253171294243,0.006362307763338818
0.520269670895059,0.00636520998699273
0.5203140246606937,0.006368112210646642
0.5203583784263284,0.006371014434300554
0.5204027321919631,0.006373916657954466
0.5204470859575978,0.0063768188816083786
0.5204914397232325,0.006379721105262291
0.5205357934888672,0.006382623328916203
0.520580147254502,0.006385525552570115
0.5206245010201366,0.006388427776224027
0.5206688547857713,0.006391329999877939
0.520713208551406,0.006394232223531852
0.5207575623170407,0.006397134447185764
0.5208019160826755,0.006400036670839676
0.5208462698483102,0.006402938894493588
0.5208906236139448,0.0064058411181475
0.5209349773795795,0.006408743341801412
0.5209793311452142,0.006411645565455325
0.5210236849108489,0.006414547789109237
0.5210680386764837,0.006417450012763149
0.5211123924421184,0.006420352236417061
0.5211567462077531,0.006423254460070973
0.5212010999733877,0.0064261566837248854
0.5212454537390224,0.006429058907378798
0.5212898075046571,0.00643196113103271
0.5213341612702919,0.006434863354686622
0.5213785150359266,0.006437765578340534
0.5214228688015613,0.006440684386129611
0.5214672225671959,0.006443603193918688
0.5215115763328306,0.0064465220017077655
0.5215559300984653,0.006449447443150909
0.5216002838641001,0.006452382835075151
0.5216446376297348,0.0064553215438264274
0.5216889913953695,0.006458263569404736
0.5217333451610042,0.006461232129599309
0.5217776989266388,0.006464217273929047
0.5218220526922736,0.006467202418258785
0.5218664064579083,0.006470187562588523
0.521910760223543,0.006473172706918262
0.5219551139891777,0.006476157851248
0.5219994677548124,0.0064791429955777385
0.5220438215204471,0.006482128139907476
0.5220881752860818,0.006485113284237214
0.5221325290517165,0.006488098428566953
0.5221768828173512,0.006491083572896691
0.5222212365829859,0.00649406871722643
0.5222655903486206,0.006497053861556168
0.5223099441142554,0.006500039005885906
0.52235429787989,0.006503024150215644
0.5223986516455247,0.006506009294545382
0.5224430054111594,0.006508994438875121
0.5224873591767941,0.006511979583204859
0.5225317129424288,0.0065149647275345975
0.5225760667080636,0.006517949871864335
0.5226204204736983,0.006520935016194073
0.5226647742393329,0.006523920160523812
0.5227091280049676,0.00652690530485355
0.5227534817706023,0.006529890449183289
0.522797835536237,0.0065328755935130265
0.5228421893018718,0.006535860737842765
0.5228865430675065,0.006538845882172503
0.5229308968331411,0.006541831026502241
0.5229752505987758,0.00654481617083198
0.5230196043644105,0.006547801315161718
0.5230639581300452,0.0065507864594914565
0.52310831189568,0.006553771603821194
0.5231526656613147,0.006556756748150932
0.5231970194269494,0.006559741892480671
0.523241373192584,0.006562727036810409
0.5232857269582187,0.006565712181140148
0.5233300807238535,0.0065686973254698855
0.5233744344894882,0.006571682469799624
0.5234187882551229,0.006574667614129362
0.5234631420207576,0.0065776527584591
0.5235074957863922,0.006580637902788839
0.5235518495520269,0.006583623047118577
0.5235962033176617,0.006586608191448315
0.5236405570832964,0.006589593335778053
0.5236849108489311,0.006592578480107791
0.5237292646145658,0.00659556362443753
0.5237736183802005,0.006598548768767268
0.5238179721458351,0.0066015339130970066
0.5238623259114699,0.0066045190574267445
0.5239066796771046,0.006607504201756483
0.5239510334427393,0.006610489346086221
0.523995387208374,0.006613474490415959
0.5240397409740087,0.006616459634745698
0.5240840947396435,0.006619444779075436
0.5241284485052781,0.006622429923405174
0.5241728022709128,0.006625415067734912
0.5242171560365475,0.00662840021206465
0.5242615098021822,0.006631385356394389
0.5243058635678169,0.006634370500724127
0.5243502173334517,0.0066373556450538655
0.5243945710990863,0.006640340789383603
0.524438924864721,0.006643325933713342
0.5244832786303557,0.00664631107804308
0.5245276323959904,0.006649296222372818
0.5245719861616251,0.006652281366702557
0.5246163399272599,0.0066552665110322946
0.5246606936928946,0.006658251655362033
0.5247050474585292,0.006661236799691771
0.5247494012241639,0.006664221944021509
0.5247937549897986,0.006667207088351248
0.5248381087554334,0.006670192232680986
0.5248824625210681,0.0066731773770107245
0.5249268162867028,0.006676162521340462
0.5249711700523374,0.006679147665670201
0.5250155238179721,0.006682132809999939
0.5250598775836068,0.006685117954329677
0.5251042313492416,0.006688103098659416
0.5251485851148763,0.0066910882429891535
0.525192938880511,0.006694073387318892
0.5252372926461457,0.00669705853164863
0.5252816464117803,0.006700043675978368
0.525326000177415,0.006703028820308107
0.5253703539430498,0.006706013964637845
0.5254147077086845,0.006708999108967583
0.5254590614743192,0.006711984253297321
0.5255034152399539,0.00671496939762706
0.5255477690055885,0.006717954541956798
0.5255921227712232,0.006720939686286536
0.525636476536858,0.006723924830616275
0.5256808303024927,0.0067269099749460125
0.5257251840681274,0.006729895119275751
0.5257695378337621,0.006732880263605489
0.5258138915993968,0.006735865407935227
0.5258582453650315,0.006738850552264966
0.5259025991306662,0.006741835696594704
0.5259469528963009,0.006744820840924442
0.5259913066619356,0.00674780598525418
0.5260356604275703,0.006750791129583919
0.526080014193205,0.006753776273913657
0.5261243679588398,0.006756761418243395
0.5261687217244744,0.0067597465625731335
0.5262130754901091,0.006762731706902871
0.5262574292557438,0.00676571685123261
0.5263017830213785,0.006768701995562348
0.5263461367870133,0.006771687139892086
0.526390490552648,0.006774672284221825
0.5264348443182826,0.006777657428551563
0.5264791980839173,0.006780642572881301
0.526523551849552,0.006783627717211039
0.5265679056151867,0.006786612861540778
0.5266122593808215,0.006789598005870516
0.5266566131464562,0.006792583150200254
0.5267009669120909,0.0067955682945299925
0.5267453206777255,0.00679855343885973
0.5267896744433602,0.006801538583189469
0.5268340282089949,0.006804523727519207
0.5268783819746297,0.006807508871848945
0.5269227357402644,0.006810494016178684
0.5269670895058991,0.0068134791605084215
0.5270114432715337,0.00681646430483816
0.5270557970371684,0.006819449449167898
0.5271001508028031,0.006822434593497637
0.5271445045684379,0.006825419737827375
0.5271888583340726,0.006828404882157113
0.5272332120997073,0.0068313900264868515
0.527277565865342,0.0068343818044706555
0.5273219196309766,0.00683737358245446
0.5273662733966114,0.0068403819445734294
0.5274106271622461,0.006843390306692399
0.5274549809278808,0.0068464053024654345
0.5274993346935155,0.006849430248719569
0.5275436884591502,0.0068524784127629345
0.527588042224785,0.0068555265768063004
0.5276323959904196,0.0068585780576767
0.5276767497560543,0.006861632855374131
0.527721103521689,0.006864700920379696
0.5277654572873237,0.00686776898538526
0.5278098110529584,0.006870837050390825
0.5278541648185932,0.006873905115396389
0.5278985185842278,0.0068769731804019536
0.5279428723498625,0.006880041245407517
0.5279872261154972,0.006883109310413082
0.5280315798811319,0.006886177375418646
0.5280759336467666,0.0068892454404242106
0.5281202874124014,0.006892313505429775
0.5281646411780361,0.006895381570435339
0.5282089949436707,0.006898449635440903
0.5282533487093054,0.0069015177004464676
0.5282977024749401,0.006904585765452032
0.5283420562405748,0.0069076538304575965
0.5283864100062096,0.006910721895463161
0.5284307637718443,0.0069137899604687246
0.5284751175374789,0.006916858025474289
0.5285194713031136,0.0069199260904798535
0.5285638250687483,0.006922994155485418
0.528608178834383,0.0069260622204909824
0.5286525326000178,0.006929130285496546
0.5286968863656525,0.0069321983505021105
0.5287412401312872,0.006935266415507675
0.5287855938969218,0.0069383344805132394
0.5288299476625565,0.006941402545518804
0.5288743014281913,0.006944470610524368
0.528918655193826,0.006947538675529932
0.5289630089594607,0.0069506067405354964
0.5290073627250954,0.006953674805541061
0.52905171649073,0.006956742870546625
0.5290960702563647,0.0069598374701684545
0.5291404240219995,0.006962938703444349
0.5291847777876342,0.006966043253547277
0.5292291315532689,0.006969151120477237
0.5292734853189036,0.0069722623042342315
0.5293178390845383,0.0069753734879912255
0.5293621928501729,0.006978507889537451
0.5294065466158077,0.006981658875218841
0.5294509003814424,0.006984809860900232
0.5294952541470771,0.006987960846581622
0.5295396079127118,0.006991111832263012
0.5295839616783465,0.0069942628179444025
0.5296283154439813,0.006997413803625794
0.5296726692096159,0.007000564789307184
0.5297170229752506,0.007003715774988574
0.5297613767408853,0.007006866760669964
0.52980573050652,0.007010017746351354
0.5298500842721547,0.007013168732032745
0.5298944380377895,0.0070163197177141355
0.5299387918034241,0.007019470703395526
0.5299831455690588,0.007022621689076916
0.5300274993346935,0.007025772674758307
0.5300718531003282,0.007028923660439697
0.530116206865963,0.007032074646121087
0.5301605606315977,0.0070352256318024775
0.5302049143972324,0.007038376617483868
0.530249268162867,0.007041527603165259
0.5302936219285017,0.007044678588846649
0.5303379756941364,0.007047829574528039
0.5303823294597712,0.007050980560209429
0.5304266832254059,0.0070541315458908195
0.5304710369910406,0.0070572825315722105
0.5305153907566752,0.007060433517253601
0.5305597445223099,0.007063584502934991
0.5306040982879446,0.007066735488616381
0.5306484520535794,0.007069886474297772
0.5306928058192141,0.007073037459979162
0.5307371595848488,0.0070761884456605525
0.5307815133504835,0.007079339431341943
0.5308258671161181,0.007082490417023333
0.5308702208817528,0.007085641402704724
0.5309145746473876,0.007088792388386114
0.5309589284130223,0.007091943374067504
0.531003282178657,0.0070950943597488944
0.5310476359442917,0.0070982453454302855
0.5310919897099263,0.007101396331111676
0.531136343475561,0.007104547316793066
0.5311806972411958,0.007107698302474456
0.5312250510068305,0.007110849288155846
0.5312694047724652,0.007114000273837237
0.5313137585380999,0.0071171512595186275
0.5313581123037346,0.007120302245200018
0.5314024660693693,0.007123453230881408
0.531446819835004,0.007126604216562798
0.5314911736006387,0.007129755202244189
0.5315355273662734,0.007132906187925579
0.5315798811319081,0.007136057173606969
0.5316242348975428,0.00713920815928836
0.5316685886631776,0.007142359144969751
0.5317129424288122,0.007145510130651141
0.5317572961944469,0.007148661116332531
0.5318016499600816,0.007151812102013921
0.5318460037257163,0.007154963087695311
0.531890357491351,0.007158114073376702
0.5319347112569858,0.007161265059058093
0.5319790650226204,0.007164416044739483
0.5320234187882551,0.007167567030420873
0.5320677725538898,0.007170718016102264
0.5321121263195245,0.007173869001783654
0.5321564800851593,0.007177019987465044
0.532200833850794,0.007180170973146435
0.5322451876164287,0.007183321958827825
0.5322895413820633,0.007186472944509216
0.532333895147698,0.007189623930190606
0.5323782489133327,0.007192774915871996
0.5324226026789675,0.007195925901553386
0.5324669564446022,0.0071990768872347765
0.5325113102102369,0.007202227872916168
0.5325556639758715,0.007205378858597558
0.5326000177415062,0.007208529844278948
0.532644371507141,0.007211680829960338
0.5326887252727757,0.007214831815641729
0.5327330790384104,0.007217986118150152
0.5327774328040451,0.0072211669552748395
0.5328217865696798,0.00722435110922656
0.5328661403353144,0.00722753526317828
0.5329104941009492,0.007230742634919232
0.5329548478665839,0.007233959957141283
0.5329992016322186,0.007237177279363335
0.5330435553978533,0.007240397918412418
0.533087909163488,0.007243625191115569
0.5331322629291226,0.0072468590974727855
0.5331766166947574,0.007250093003830001
0.5332209704603921,0.007253326910187218
0.5332653242260268,0.007256560816544434
0.5333096779916615,0.007259794722901651
0.5333540317572962,0.007263028629258868
0.533398385522931,0.0072662625356160835
0.5334427392885656,0.0072694964419733
0.5334870930542003,0.007272730348330517
0.533531446819835,0.007275964254687733
0.5335758005854697,0.00727919816104495
0.5336201543511044,0.007282432067402166
0.5336645081167392,0.007285665973759382
0.5337088618823739,0.007288899880116599
0.5337532156480085,0.007292133786473815
0.5337975694136432,0.007295367692831032
0.5338419231792779,0.0072986015991882485
0.5338862769449126,0.0073018355055454644
0.5339306307105474,0.007305069411902681
0.5339749844761821,0.007308303318259897
0.5340193382418167,0.007311537224617114
0.5340636920074514,0.007314771130974331
0.5341080457730861,0.0073180050373315465
0.5341523995387208,0.007321238943688763
0.5341967533043556,0.007324472850045979
0.5342411070699903,0.007327706756403196
0.534285460835625,0.007330940662760413
0.5343298146012596,0.007334174569117629
0.5343741683668943,0.007337408475474845
0.534418522132529,0.007340665599621293
0.5344628758981638,0.007343949258384006
0.5345072296637985,0.007347266085417048
0.5345515834294332,0.007350582912450091
0.5345959371950678,0.007353899739483133
0.5346402909607025,0.007357216566516176
0.5346846447263373,0.007360533393549218
0.534728998491972,0.007363850220582261
0.5347733522576067,0.007367167047615303
0.5348177060232414,0.007370483874648346
0.5348620597888761,0.007373800701681388
0.5349064135545107,0.007377117528714431
0.5349507673201455,0.007380434355747473
0.5349951210857802,0.007383751182780516
0.5350394748514149,0.007387068009813558
0.5350838286170496,0.0073903848368466005
0.5351281823826843,0.007393701663879643
0.5351725361483191,0.0073970184909126855
0.5352168899139537,0.007400335317945728
0.5352612436795884,0.0074036521449787705
0.5353055974452231,0.007406968972011813
0.5353499512108578,0.007410285799044855
0.5353943049764925,0.007413602626077898
0.5354386587421273,0.00741691945311094
0.5354830125077619,0.007420236280143983
0.5355273662733966,0.007423553107177025
0.5355717200390313,0.007426869934210068
0.535616073804666,0.00743018676124311
0.5356604275703007,0.007433503588276153
0.5357047813359355,0.007436820415309195
0.5357491351015702,0.007440137242342238
0.5357934888672048,0.00744345406937528
0.5358378426328395,0.007446770896408323
0.5358821963984742,0.007450087723441365
0.535926550164109,0.007453404550474408
0.5359709039297437,0.00745672137750745
0.5360152576953784,0.007460038204540493
0.536059611461013,0.007463355031573535
0.5361039652266477,0.007466671858606578
0.5361483189922824,0.00746998868563962
0.5361926727579172,0.0074733055126726625
0.5362370265235519,0.007476622339705705
0.5362813802891866,0.0074799391667387475
0.5363257340548213,0.00748325599377179
0.5363700878204559,0.0074865728208048325
0.5364144415860906,0.007489889647837875
0.5364587953517254,0.007493206474870917
0.5365031491173601,0.007496523301903961
0.5365475028829948,0.007499840128937003
0.5365918566486295,0.007503156955970046
0.5366362104142641,0.007506473783003088
0.5366805641798988,0.007509790610036131
0.5367249179455336,0.007513107437069173
0.5367692717111683,0.007516424264102216
0.536813625476803,0.007519741091135258
0.5368579792424377,0.007523057918168301
0.5369023330080724,0.007526374745201343
0.536946686773707,0.0075296915722343856
0.5369910405393418,0.007533008399267428
0.5370353943049765,0.0075363252263004705
0.5370797480706112,0.007539642053333513
0.5371241018362459,0.0075429588803665555
0.5371684556018806,0.007546275707399598
0.5372128093675154,0.0075495925344326404
0.53725716313315,0.007552909361465683
0.5373015168987847,0.007556226188498725
0.5373458706644194,0.007559543015531768
0.5373902244300541,0.00756285984256481
0.5374345781956889,0.007566176669597853
0.5374789319613236,0.007569493496630895
0.5375232857269582,0.007572810323663938
0.5375676394925929,0.00757612715069698
0.5376119932582276,0.007579443977730023
0.5376563470238623,0.007582760804763065
0.537700700789497,0.007586077631796108
0.5377450545551318,0.00758939445882915
0.5377894083207665,0.007592711285862193
0.5378337620864011,0.007596028112895235
0.5378781158520358,0.007599344939928278
0.5379224696176705,0.00760266176696132
0.5379668233833053,0.007605978593994363
0.53801117714894,0.007609295421027405
0.5380555309145747,0.0076126122480604476
0.5380998846802093,0.00761592907509349
0.538144238445844,0.0076192459021265325
0.5381885922114787,0.007622562729159575
0.5382329459771135,0.0076258795561926175
0.5382772997427482,0.00762919638322566
0.5383216535083829,0.0076325132102587024
0.5383660072740176,0.007635830037291745
0.5384103610396522,0.007639146864324787
0.538454714805287,0.00764246369135783
0.5384990685709217,0.007645780518390872
0.5385434223365564,0.007649097345423915
0.5385877761021911,0.007652414172456957
0.5386321298678258,0.00765573099949
0.5386764836334604,0.007659047826523042
0.5387208373990952,0.007662364653556085
0.5387651911647299,0.007665681480589127
0.5388095449303646,0.00766899830762217
0.5388538986959993,0.007672315134655212
0.538898252461634,0.0076756319616882555
0.5389426062272688,0.007678948788721298
0.5389869599929034,0.0076822656157543405
0.5390313137585381,0.007685582442787383
0.5390756675241728,0.0076888992698204255
0.5391200212898075,0.007692216096853468
0.5391643750554422,0.00769553292388651
0.539208728821077,0.007698849750919553
0.5392530825867117,0.007702166577952595
0.5392974363523463,0.007705483404985638
0.539341790117981,0.00770880023201868
0.5393861438836157,0.007712117059051723
0.5394304976492504,0.007715433886084765
0.5394748514148852,0.007718750713117808
0.5395192051805199,0.00772206754015085
0.5395635589461545,0.0077253943176649915
0.5396079127117892,0.007728767530757595
0.5396522664774239,0.007732167278466463
0.5396966202430586,0.007735567026175332
0.5397409740086934,0.0077389667738842005
0.5397853277743281,0.00774236652159307
0.5398296815399628,0.007745766269301938
0.5398740353055974,0.007749166017010806
0.5399183890712321,0.007752565764719675
0.5399627428368668,0.007755965512428543
0.5400070966025016,0.007759365260137412
0.5400514503681363,0.0077627650078462805
0.540095804133771,0.007766164755555149
0.5401401578994056,0.007769564503264018
0.5401845116650403,0.007772964250972886
0.540228865430675,0.007776363998681755
0.5402732191963098,0.007779763746390623
0.5403175729619445,0.007783163494099492
0.5403619267275792,0.0077865632418083605
0.5404062804932139,0.007789962989517229
0.5404506342588485,0.007793362737226098
0.5404949880244833,0.007796762484934966
0.540539341790118,0.007800162232643835
0.5405836955557527,0.007803561980352703
0.5406280493213874,0.007806988262677837
0.5406724030870221,0.007810421178657035
0.5407167568526567,0.007813867361944365
0.5407611106182915,0.007817316862058731
0.5408054643839262,0.007820766362173095
0.5408498181495609,0.007824215862287461
0.5408941719151956,0.007827688580191056
0.5409385256808303,0.007831167931748718
0.5409828794464651,0.007834650600133412
0.5410272332120997,0.007838133268518108
0.5410715869777344,0.007841615936902802
0.5411159407433691,0.007845098605287497
0.5411602945090038,0.007848581273672191
0.5412046482746385,0.007852063942056887
0.5412490020402733,0.00785554661044158
0.541293355805908,0.007859029278826275
0.5413377095715426,0.00786251194721097
0.5413820633371773,0.007865994615595664
0.541426417102812,0.00786947728398036
0.5414707708684467,0.007872959952365054
0.5415151246340815,0.007876442620749748
0.5415594783997162,0.007879925289134443
0.5416038321653508,0.007883407957519137
0.5416481859309855,0.007886890625903833
0.5416925396966202,0.007890373294288527
0.541736893462255,0.00789385596267322
0.5417812472278897,0.007897338631057916
0.5418256009935244,0.00790082129944261
0.5418699547591591,0.007904303967827306
0.5419143085247937,0.007907786636212
0.5419586622904284,0.007911269304596694
0.5420030160560632,0.00791475197298139
0.5420473698216979,0.007918234641366083
0.5420917235873326,0.007921717309750779
0.5421360773529673,0.007925199978135473
0.5421804311186019,0.007928682646520168
0.5422247848842366,0.007932165314904862
0.5422691386498714,0.007935647983289556
0.5423134924155061,0.007939130651674252
0.5423578461811408,0.007942613320058946
0.5424021999467755,0.007946095988443641
0.5424465537124102,0.007949578656828335
0.5424909074780448,0.00795306132521303
0.5425352612436796,0.007956543993597725
0.5425796150093143,0.007960026661982419
0.542623968774949,0.007963509330367114
0.5426683225405837,0.007966991998751808
0.5427126763062184,0.007970474667136502
0.5427570300718532,0.007973957335521198
0.5428013838374878,0.007977440003905892
0.5428457376031225,0.007980922672290587
0.5428900913687572,0.007984405340675281
0.5429344451343919,0.007987888009059975
0.5429787989000266,0.007991370677444671
0.5430231526656614,0.007994853345829365
0.543067506431296,0.00799833601421406
0.5431118601969307,0.008001818682598754
0.5431562139625654,0.00800530135098345
0.5432005677282001,0.008008784019368144
0.5432449214938349,0.008012266687752838
0.5432892752594696,0.008015749356137533
0.5433336290251043,0.008019232024522227
0.5433779827907389,0.008022714692906923
0.5434223365563736,0.008026197361291617
0.5434666903220083,0.00802968002967631
0.5435110440876431,0.008033162698061007
0.5435553978532778,0.0080366453664457
0.5435997516189125,0.008040128034830396
0.5436441053845471,0.00804361070321509
0.5436884591501818,0.008047093371599784
0.5437328129158165,0.00805057603998448
0.5437771666814513,0.008054058708369173
0.543821520447086,0.008057541376753869
0.5438658742127207,0.008061024045138563
0.5439102279783554,0.008064506713523259
0.54395458174399,0.008067989381907953
0.5439989355096247,0.008071472050292646
0.5440432892752595,0.008074954718677342
0.5440876430408942,0.0080784639216783
0.5441319968065289,0.008081993025641459
0.5441763505721636,0.008085558614701978
0.5442207043377982,0.0080891242037625
0.544265058103433,0.008092689792823021
0.5443094118690677,0.00809625538188354
0.5443537656347024,0.008099820970944062
0.5443981194003371,0.008103386560004582
0.5444424731659718,0.008106952149065103
0.5444868269316065,0.008110517738125624
0.5445311806972412,0.008114083327186144
0.5445755344628759,0.008117648916246665
0.5446198882285106,0.008121214505307187
0.5446642419941453,0.008124780094367706
0.54470859575978,0.008128345683428228
0.5447529495254148,0.008131911272488747
0.5447973032910495,0.008135476861549269
0.5448416570566841,0.00813904245060979
0.5448860108223188,0.00814260803967031
0.5449303645879535,0.008146173628730831
0.5449747183535882,0.00814973921779135
0.545019072119223,0.008153304806851872
0.5450634258848577,0.008156870395912393
0.5451077796504923,0.008160435984972913
0.545152133416127,0.008164001574033434
0.5451964871817617,0.008167567163093954
0.5452408409473964,0.008171132752154475
0.5452851947130312,0.008174698341214997
0.5453295484786659,0.008178263930275516
0.5453739022443006,0.008181829519336038
0.5454182560099352,0.008185411692531723
0.5454626097755699,0.008189003816208509
0.5455069635412046,0.008192615840847491
0.5455513173068394,0.008196237815967573
0.5455956710724741,0.008199869741568755
0.5456400248381088,0.008203501667169938
0.5456843786037434,0.00820713690959815
0.5457287323693781,0.008210778785680432
0.5457730861350129,0.00821442729541678
0.5458174399006476,0.008218075805153125
0.5458617936662823,0.008221724314889472
0.545906147431917,0.008225372824625819
0.5459505011975517,0.008229021334362166
0.5459948549631863,0.008232669844098513
0.5460392087288211,0.008236318353834858
0.5460835624944558,0.008239966863571205
0.5461279162600905,0.008243615373307553
0.5461722700257252,0.0082472638830439
0.5462166237913599,0.008250912392780247
0.5462609775569945,0.008254560902516592
0.5463053313226293,0.008258209412252939
0.546349685088264,0.008261857921989286
0.5463940388538987,0.008265506431725633
0.5464383926195334,0.00826915494146198
0.5464827463851681,0.008272803451198327
0.5465271001508029,0.008276451960934673
0.5465714539164375,0.00828010047067102
0.5466158076820722,0.008283748980407367
0.5466601614477069,0.008287397490143714
0.5467045152133416,0.008291045999880061
0.5467488689789763,0.008294694509616406
0.5467932227446111,0.008298343019352753
0.5468375765102458,0.0083019915290891
0.5468819302758804,0.008305640038825448
0.5469262840415151,0.008309288548561795
0.5469706378071498,0.00831293705829814
0.5470149915727845,0.008316585568034487
0.5470593453384193,0.008320234077770834
0.547103699104054,0.008323882587507181
0.5471480528696886,0.008327531097243528
0.5471924066353233,0.008331179606979874
0.547236760400958,0.00833482811671622
0.5472811141665928,0.008338476626452568
0.5473254679322275,0.008342125136188915
0.5473698216978622,0.008345773645925262
0.5474141754634969,0.008349422155661609
0.5474585292291315,0.008353070665397954
0.5475028829947662,0.008356719175134301
0.547547236760401,0.008360367684870649
0.5475915905260357,0.008364016194606996
0.5476359442916704,0.008367664704343343
0.5476802980573051,0.008371313214079688
0.5477246518229397,0.008374961723816035
0.5477690055885744,0.008378610233552382
0.5478133593542092,0.00838225874328873
0.5478577131198439,0.008385907253025076
0.5479020668854786,0.008389555762761422
0.5479464206511133,0.008393204272497769
0.547990774416748,0.008396852782234116
0.5480351281823826,0.008400501291970463
0.5480794819480174,0.00840414980170681
0.5481238357136521,0.008407798311443155
0.5481681894792868,0.008411446821179502
0.5482125432449215,0.00841509533091585
0.5482568970105562,0.008418743840652197
0.5483012507761909,0.008422392350388544
0.5483456045418256,0.00842604086012489
0.5483899583074603,0.008429689369861236
0.548434312073095,0.008433337879597583
0.5484786658387297,0.00843698638933393
0.5485230196043644,0.008440634899070277
0.5485673733699992,0.008444283408806624
0.5486117271356338,0.00844793191854297
0.5486560809012685,0.008451580428279317
0.5487004346669032,0.008455228938015664
0.5487447884325379,0.008458877447752011
0.5487891421981727,0.008462525957488358
0.5488334959638074,0.008466174467224703
0.5488778497294421,0.00846982297696105
0.5489222034950767,0.008473471486697397
0.5489665572607114,0.008477119996433745
0.5490109110263461,0.008480768506170092
0.5490552647919809,0.008484417015906439
0.5490996185576156,0.008488065525642784
0.5491439723232503,0.008491714035379131
0.5491883260888849,0.008495362545115478
0.5492326798545196,0.008499011054851825
0.5492770336201543,0.008502659564588172
0.5493213873857891,0.008506308074324518
0.5493657411514238,0.008509956584060865
0.5494100949170585,0.008513605093797212
0.5494544486826932,0.008517253603533559
0.5494988024483278,0.008520902113269906
0.5495431562139625,0.008524550623006251
0.5495875099795973,0.008528199132742598
0.549631863745232,0.008531847642478945
0.5496762175108667,0.008535496152215293
0.5497205712765014,0.00853914466195164
0.549764925042136,0.00854280975582315
0.5498092788077708,0.008546478166521695
0.5498536325734055,0.008550159844528372
0.5498979863390402,0.008553858106670215
0.5499423401046749,0.008557572952947224
0.5499866938703096,0.008561301066532363
0.5500310476359443,0.008565032496944536
0.550075401401579,0.008568763927356709
0.5501197551672137,0.008572495357768882
0.5501641089328484,0.008576226788181054
0.5502084626984831,0.008579958218593227
0.5502528164641178,0.0085836896490054
0.5502971702297526,0.008587421079417573
0.5503415239953873,0.008591152509829746
0.5503858777610219,0.008594883940241918
0.5504302315266566,0.008598615370654091
0.5504745852922913,0.008602346801066264
0.550518939057926,0.008606078231478437
0.5505632928235608,0.00860980966189061
0.5506076465891955,0.008613541092302782
0.5506520003548301,0.008617272522714955
0.5506963541204648,0.008621003953127128
0.5507407078860995,0.008624735383539302
0.5507850616517342,0.00862848339808664
0.550829415417369,0.008632264580904308
0.5508737691830037,0.008636045763721976
0.5509181229486384,0.008639860114809977
0.550962476714273,0.008643674465897975
0.5510068304799077,0.008647488816985974
0.5510511842455424,0.008651303168073972
0.5510955380111772,0.00865511751916197
0.5511398917768119,0.008658931870249971
0.5511842455424466,0.00866274622133797
0.5512285993080812,0.008666560572425968
0.5512729530737159,0.008670374923513966
0.5513173068393507,0.008674189274601967
0.5513616606049854,0.008678003625689965
0.5514060143706201,0.008681817976777964
0.5514503681362548,0.008685632327865962
0.5514947219018895,0.00868944667895396
0.5515390756675241,0.008693261030041961
0.5515834294331589,0.00869707538112996
0.5516277831987936,0.008700889732217958
0.5516721369644283,0.008704704083305956
0.551716490730063,0.008708518434393955
0.5517608444956977,0.008712332785481955
0.5518051982613323,0.008716147136569954
0.5518495520269671,0.008719961487657952
0.5518939057926018,0.00872377583874595
0.5519382595582365,0.00872759018983395
0.5519826133238712,0.00873140454092195
0.5520269670895059,0.008735218892009948
0.5520713208551407,0.008739033243097947
0.5521156746207753,0.008742847594185945
0.55216002838641,0.008746661945273945
0.5522043821520447,0.008750476296361944
0.5522487359176794,0.008754290647449942
0.5522930896833141,0.00875810499853794
0.5523374434489489,0.00876191934962594
0.5523817972145836,0.00876573370071394
0.5524261509802182,0.008769548051801938
0.5524705047458529,0.008773362402889937
0.5525148585114876,0.008777176753977935
0.5525592122771223,0.008780991105065934
0.5526035660427571,0.008784805456153934
0.5526479198083918,0.008788619807241932
0.5526922735740264,0.00879243415832993
0.5527366273396611,0.00879624850941793
0.5527809811052958,0.008800062860505928
0.5528253348709306,0.008803877211593928
0.5528696886365653,0.008807691562681927
0.5529140424022,0.008811505913769925
0.5529583961678347,0.008815320264857924
0.5530027499334693,0.008819134615945924
0.553047103699104,0.008822948967033922
0.5530914574647388,0.00882676331812192
0.5531358112303735,0.00883057766920992
0.5531801649960082,0.008834392020297918
0.5532245187616429,0.008838206371385918
0.5532688725272775,0.008842020722473917
0.5533132262929122,0.008845835073561915
0.553357580058547,0.008849649424649914
0.5534019338241817,0.008853463775737912
0.5534462875898164,0.008857278126825912
0.5534906413554511,0.00886109247791391
0.5535349951210858,0.00886490682900191
0.5535793488867204,0.008868721180089908
0.5536237026523552,0.008872535531177908
0.5536680564179899,0.008876349882265907
0.5537124101836246,0.00888017086700797
0.5537567639492593,0.008883991851750036
0.553801117714894,0.008887839371108364
0.5538454714805287,0.008891686890466695
0.5538898252461634,0.008895534409825023
0.5539341790117981,0.008899398513318517
0.5539785327774328,0.008903262616812013
0.5540228865430675,0.008907133353959573
0.5540672403087022,0.008911014041588233
0.554111594074337,0.008914911313352057
0.5541559478399716,0.008918808585115883
0.5542003016056063,0.008922705856879707
0.554244655371241,0.008926603128643532
0.5542890091368757,0.008930500400407358
0.5543333629025105,0.008934397672171182
0.5543777166681452,0.008938294943935008
0.5544220704337799,0.008942192215698832
0.5544664241994145,0.008946089487462658
0.5545107779650492,0.008949986759226482
0.5545551317306839,0.008953884030990306
0.5545994854963187,0.008957781302754132
0.5546438392619534,0.008961678574517956
0.5546881930275881,0.008965575846281782
0.5547325467932227,0.008969473118045607
0.5547769005588574,0.008973370389809431
0.5548212543244921,0.008977267661573257
0.5548656080901269,0.008981164933337081
0.5549099618557616,0.008985062205100907
0.5549543156213963,0.008988959476864731
0.554998669387031,0.008992856748628555
0.5550430231526656,0.008996754020392381
0.5550873769183003,0.009000651292156206
0.5551317306839351,0.009004551880747063
0.5551760844495698,0.009008475687127154
0.5552204382152045,0.009012406127161308
0.5552647919808392,0.009016339884022498
0.5553091457464738,0.009020276957710719
0.5553534995121086,0.00902421403139894
0.5553978532777433,0.009028154421914195
0.555442207043378,0.009032134614353845
0.5554865608090127,0.009036114806793496
0.5555309145746474,0.009040094999233146
0.5555752683402821,0.009044075191672798
0.5556196221059168,0.00904805538411245
0.5556639758715515,0.0090520355765521
0.5557083296371862,0.009056015768991751
0.5557526834028209,0.009059995961431401
0.5557970371684556,0.009063976153871053
0.5558413909340904,0.009067956346310704
0.5558857446997251,0.009071936538750354
0.5559300984653597,0.009075916731190006
0.5559744522309944,0.009079896923629658
0.5560188059966291,0.009083877116069308
0.5560631597622638,0.00908785730850896
0.5561075135278986,0.00909183750094861
0.5561518672935333,0.00909581769338826
0.5561962210591679,0.009099797885827913
0.5562405748248026,0.009103778078267562
0.5562849285904373,0.009107758270707214
0.556329282356072,0.009111738463146864
0.5563736361217068,0.009115718655586516
0.5564179898873415,0.009119698848026167
0.5564623436529762,0.009123679040465817
0.5565066974186108,0.009127659232905469
0.5565510511842455,0.009131639425345119
0.5565954049498802,0.00913561961778477
0.556639758715515,0.009139599810224422
0.5566841124811497,0.009143580002664072
0.5567284662467844,0.009147560195103724
0.556772820012419,0.009151540387543376
0.5568171737780537,0.009155520579983025
0.5568615275436885,0.009159500772422677
0.5569058813093232,0.009163480964862327
0.5569502350749579,0.009167461157301979
0.5569945888405926,0.00917144134974163
0.5570389426062273,0.00917542154218128
0.5570832963718619,0.009179401734620932
0.5571276501374967,0.009183381927060582
0.5571720039031314,0.009187362119500234
0.5572163576687661,0.009191342311939885
0.5572607114344008,0.009195322504379535
0.5573050652000355,0.009199302696819187
0.5573494189656701,0.009203282889258839
0.5573937727313049,0.009207263081698489
0.5574381264969396,0.00921124327413814
0.5574824802625743,0.00921522346657779
0.557526834028209,0.009219203659017442
0.5575711877938437,0.009223183851457093
0.5576155415594785,0.009227164043896743
0.5576598953251131,0.009231144236336395
0.5577042490907478,0.009235124428776045
0.5577486028563825,0.009239104621215697
0.5577929566220172,0.009243084813655348
0.5578373103876519,0.009247065006094998
0.5578816641532867,0.00925104519853465
0.5579260179189214,0.0092550253909743
0.557970371684556,0.009259005583413952
0.5580147254501907,0.009262985775853603
0.5580590792158254,0.009266965968293253
0.5581034329814601,0.009270946160732905
0.5581477867470949,0.009274926353172556
0.5581921405127296,0.009278906545612206
0.5582364942783642,0.009282886738051858
0.5582808480439989,0.009286866930491508
0.5583252018096336,0.00929084712293116
0.5583695555752684,0.009294827315370811
0.5584139093409031,0.009298807507810461
0.5584582631065378,0.009302787700250113
0.5585026168721725,0.009306767892689763
0.5585469706378071,0.009310748085129415
0.5585913244034418,0.009314728277569066
0.5586356781690766,0.009318708470008716
0.5586800319347113,0.009322688662448368
0.558724385700346,0.009326668854888018
0.5587687394659807,0.00933064904732767
0.5588130932316153,0.009334629239767321
0.55885744699725,0.009338609432206971
0.5589018007628848,0.009342589624646623
0.5589461545285195,0.009346569817086274
0.5589905082941542,0.009350550009525924
0.5590348620597889,0.009354530201965576
0.5590792158254236,0.009358510394405226
0.5591235695910582,0.009362490586844878
0.559167923356693,0.00936647077928453
0.5592122771223277,0.00937045097172418
0.5592566308879624,0.009374431164163831
0.5593009846535971,0.00937841135660348
0.5593453384192318,0.009382391549043132
0.5593896921848664,0.009386371741482784
0.5594340459505012,0.009390351933922434
0.5594783997161359,0.009394332126362086
0.5595227534817706,0.009398312318801736
0.5595671072474053,0.009402292511241387
0.55961146101304,0.009406272703681039
0.5596558147786748,0.009410252896120689
0.5597001685443094,0.00941423308856034
0.5597445223099441,0.009418213280999992
0.5597888760755788,0.009422193473439642
0.5598332298412135,0.009426173665879294
0.5598775836068483,0.009430153858318944
0.559921937372483,0.009434134050758596
0.5599662911381177,0.009438114243198247
0.5600106449037523,0.009442094435637897
0.560054998669387,0.009446074628077549
0.5600993524350217,0.009450054820517199
0.5601437062006565,0.00945403501295685
0.5601880599662912,0.009458015205396502
0.5602324137319259,0.009461995397836152
0.5602767674975605,0.009465975590275804
0.5603211212631952,0.009469955782715454
0.5603654750288299,0.009473935975155105
0.5604098287944647,0.009477916167594757
0.5604541825600994,0.00948189967686144
0.5604985363257341,0.00948588981978219
0.5605428900913688,0.009489886596357005
0.5605872438570034,0.009493883372931822
0.5606315976226381,0.009497883466333672
0.5606759513882729,0.009501886876562553
0.5607203051539076,0.009505900237272534
0.5607646589195423,0.009509913597982516
0.560809012685177,0.009513943542827662
0.5608533664508116,0.009517976804499843
0.5608977202164463,0.009522023333480154
0.5609420739820811,0.009526086446595632
0.5609864277477158,0.009530149559711109
0.5610307815133505,0.009534212672826585
0.5610751352789852,0.009538275785942062
0.56111948904462,0.00954233889905754
0.5611638428102546,0.009546402012173017
0.5612081965758893,0.009550465125288494
0.561252550341524,0.00955452823840397
0.5612969041071587,0.009558591351519447
0.5613412578727934,0.009562654464634925
0.5613856116384282,0.009566717577750402
0.5614299654040628,0.00957078069086588
0.5614743191696975,0.009574843803981357
0.5615186729353322,0.009578906917096832
0.5615630267009669,0.00958297003021231
0.5616073804666016,0.009587033143327787
0.5616517342322364,0.009591096256443265
0.5616960879978711,0.009595159369558742
0.5617404417635057,0.009599229116328285
0.5617847955291404,0.00960330217992486
0.5618291492947751,0.009607398461310668
0.5618735030604098,0.009611511326831641
0.5619178568260446,0.009615624192352614
0.5619622105916793,0.009619770226143918
0.562006564357314,0.00962391625993522
0.5620509181229486,0.009628062293726524
0.5620952718885833,0.009632208327517827
0.562139625654218,0.00963635436130913
0.5621839794198528,0.009640500395100433
0.5622283331854875,0.009644646428891736
0.5622726869511222,0.00964879246268304
0.5623170407167568,0.009652938496474342
0.5623613944823915,0.009657084530265645
0.5624057482480262,0.009661230564056949
0.562450102013661,0.009665376597848252
0.5624944557792957,0.009669522631639555
0.5625388095449304,0.009673668665430858
0.5625831633105651,0.009677814699222161
0.5626275170761997,0.009681960733013464
0.5626718708418345,0.009686106766804767
0.5627162246074692,0.00969025280059607
0.5627605783731039,0.009694398834387373
0.5628049321387386,0.009698544868178676
0.5628492859043733,0.00970269090196998
0.5628936396700079,0.009706836935761283
0.5629379934356427,0.009710982969552586
0.5629823472012774,0.009715129003343889
0.5630267009669121,0.009719275037135192
0.5630710547325468,0.009723421070926495
0.5631154084981815,0.009727567104717798
0.5631597622638163,0.009731713138509101
0.5632041160294509,0.009735859172300404
0.5632484697950856,0.009740005206091707
0.5632928235607203,0.00974415123988301
0.563337177326355,0.009748297273674314
0.5633815310919897,0.009752443307465617
0.5634258848576245,0.00975658934125692
0.5634702386232592,0.009760735375048223
0.5635145923888938,0.009764881408839526
0.5635589461545285,0.009769027442630829
0.5636032999201632,0.009773173476422132
0.563647653685798,0.009777319510213435
0.5636920074514327,0.009781465544004738
0.5637363612170674,0.009785611577796042
0.563780714982702,0.009789757611587345
0.5638250687483367,0.009793903645378648
0.5638694225139714,0.00979804967916995
0.5639137762796061,0.009802195712961254
0.5639581300452409,0.009806341746752557
0.5640024838108756,0.00981048778054386
0.5640468375765103,0.009814633814335163
0.5640911913421449,0.009818779848126466
0.5641355451077796,0.00982292588191777
0.5641798988734144,0.009827071915709073
0.5642242526390491,0.009831217949500376
0.5642686064046838,0.009835363983291679
0.5643129601703185,0.009839510017082982
0.5643573139359531,0.00984370580327978
0.5644016677015878,0.009847934757746911
0.5644460214672226,0.00985216371221404
0.5644903752328573,0.009856392666681169
0.564534728998492,0.009860621621148298
0.5645790827641267,0.009864850575615427
0.5646234365297614,0.009869079530082557
0.564667790295396,0.009873308484549686
0.5647121440610308,0.009877537439016815
0.5647564978266655,0.009881766393483944
0.5648008515923002,0.009885995347951074
0.5648452053579349,0.009890224302418203
0.5648895591235696,0.009894453256885332
0.5649339128892042,0.00989868221135246
0.564978266654839,0.00990291116581959
0.5650226204204737,0.00990714012028672
0.5650669741861084,0.009911369074753849
0.5651113279517431,0.009915598029220977
0.5651556817173778,0.009919826983688106
0.5652000354830126,0.009924055938155235
0.5652443892486472,0.009928284892622366
0.5652887430142819,0.009932513847089494
0.5653330967799166,0.009936742801556623
0.5653774505455513,0.009940971756023752
0.565421804311186,0.009945200710490881
0.5654661580768208,0.009949446249093176
0.5655105118424555,0.009953708371830634
0.5655548656080901,0.00995798707870326
0.5655992193737248,0.009962265785575885
0.5656435731393595,0.00996655444292961
0.5656879269049943,0.009970849733937399
0.565732280670629,0.009975161609080355
0.5657766344362637,0.00997947348422331
0.5658209882018983,0.009983785359366266
0.565865341967533,0.00998809723450922
0.5659096957331677,0.009992409109652177
0.5659540494988025,0.009996720984795131
0.5659984032644372,0.010001032859938086
0.5660427570300719,0.010005344735081042
0.5660871107957066,0.010009656610223997
0.5661314645613412,0.010013968485366953
0.5661758183269759,0.010018280360509908
0.5662201720926107,0.010022592235652862
0.5662645258582454,0.010026904110795818
0.5663088796238801,0.010031215985938773
0.5663532333895148,0.01003552786108173
0.5663975871551494,0.010039839736224684
0.5664419409207841,0.01004415161136764
0.5664862946864189,0.010048463486510594
0.5665306484520536,0.010052775361653549
0.5665750022176883,0.010057087236796505
0.566619355983323,0.01006139911193946
0.5666637097489577,0.010065710987082416
0.5667080635145924,0.01007002286222537
0.5667524172802271,0.010074334737368325
0.5667967710458618,0.010078646612511281
0.5668411248114965,0.010082958487654236
0.5668854785771312,0.010087270362797192
0.566929832342766,0.010091582237940147
0.5669741861084006,0.010095894113083101
0.5670185398740353,0.010100205988226058
0.56706289363967,0.010104517863369012
0.5671072474053047,0.010108829738511968
0.5671516011709394,0.010113141613654923
0.5671959549365742,0.010117453488797879
0.5672403087022089,0.010121765363940834
0.5672846624678435,0.010126077239083788
0.5673290162334782,0.010130389114226744
0.5673733699991129,0.010134700989369699
0.5674177237647476,0.010139012864512655
0.5674620775303824,0.01014332473965561
0.5675064312960171,0.010147636614798564
0.5675507850616518,0.01015194848994152
0.5675951388272864,0.010156260365084475
0.5676394925929211,0.010160572240227431
0.5676838463585558,0.010164884115370386
0.5677282001241906,0.01016919599051334
0.5677725538898253,0.010173507865656297
0.56781690765546,0.010177819740799251
0.5678612614210946,0.010182131615942207
0.5679056151867293,0.010186443491085162
0.567949968952364,0.010190755366228118
0.5679943227179988,0.010195067241371073
0.5680386764836335,0.010199379116514027
0.5680830302492682,0.010203690991656984
0.5681273840149029,0.010208002866799938
0.5681717377805375,0.010212314741942894
0.5682160915461723,0.010216626617085849
0.568260445311807,0.010220938492228803
0.5683047990774417,0.01022525036737176
0.5683491528430764,0.010229562242514714
0.5683935066087111,0.01023387411765767
0.5684378603743457,0.010238185992800625
0.5684822141399805,0.01024249786794358
0.5685265679056152,0.010246809743086536
0.5685709216712499,0.01025112161822949
0.5686152754368846,0.010255433493372447
0.5686596292025193,0.010259745368515401
0.568703982968154,0.010264057243658357
0.5687483367337887,0.010268369118801312
0.5687926904994234,0.010272680993944266
0.5688370442650581,0.010276992869087223
0.5688813980306928,0.010281304744230177
0.5689257517963275,0.010285616619373134
0.5689701055619623,0.010289928494516088
0.5690144593275969,0.010294240369659043
0.5690588130932316,0.010298552244801999
0.5691031668588663,0.010302864119944953
0.569147520624501,0.01030717599508791
0.5691918743901357,0.010311487870230864
0.5692362281557705,0.010315799745373819
0.5692805819214052,0.010320111620516775
0.5693249356870398,0.01032442349565973
0.5693692894526745,0.010328735370802686
0.5694136432183092,0.01033304724594564
0.569457996983944,0.010337359121088597
0.5695023507495787,0.010341670996231551
0.5695467045152134,0.010345982871374506
0.5695910582808481,0.010350294746517462
0.5696354120464827,0.010354606621660416
0.5696797658121174,0.010358918496803373
0.5697241195777522,0.010363230371946327
0.5697684733433869,0.010367542247089282
0.5698128271090216,0.010371887290502568
0.5698571808746563,0.010376232333915852
0.5699015346402909,0.010380603911945403
0.5699458884059256,0.01038498212362902
0.5699902421715604,0.010389370285793734
0.5700345959371951,0.010393765081612516
0.5700789497028298,0.010398159877431297
0.5701233034684645,0.010402554673250079
0.5701676572340992,0.010406949469068859
0.5702120109997338,0.01041134426488764
0.5702563647653686,0.010415739060706423
0.5703007185310033,0.010420133856525203
0.570345072296638,0.010424528652343985
0.5703894260622727,0.010428923448162767
0.5704337798279074,0.010433318243981547
0.570478133593542,0.01043771303980033
0.5705224873591768,0.01044210783561911
0.5705668411248115,0.010446502631437891
0.5706111948904462,0.010450897427256673
0.5706555486560809,0.010455292223075454
0.5706999024217156,0.010459687018894236
0.5707442561873504,0.010464081814713016
0.570788609952985,0.010468476610531798
0.5708329637186197,0.01047287140635058
0.5708773174842544,0.01047726620216936
0.5709216712498891,0.010481667631642207
0.5709660250155238,0.010486115496693519
0.5710103787811586,0.010490593213188125
0.5710547325467933,0.010495070929682732
0.5710990863124279,0.01049954864617734
0.5711434400780626,0.010504026362671948
0.5711877938436973,0.010508504079166555
0.571232147609332,0.010512981795661163
0.5712765013749668,0.010517459512155769
0.5713208551406015,0.010521937228650377
0.5713652089062361,0.010526414945144984
0.5714095626718708,0.010530892661639592
0.5714539164375055,0.0105353703781342
0.5714982702031403,0.010539848094628806
0.571542623968775,0.010544325811123413
0.5715869777344097,0.010548803527618021
0.5716313315000444,0.010553281244112629
0.571675685265679,0.010557758960607237
0.5717200390313137,0.010562236677101842
0.5717643927969485,0.01056671439359645
0.5718087465625832,0.010571192110091058
0.5718531003282179,0.010575669826585666
0.5718974540938526,0.010580147543080273
0.5719418078594872,0.010584625259574881
0.571986161625122,0.010589102976069487
0.5720305153907567,0.010593580692564095
0.5720748691563914,0.010598058409058702
0.5721192229220261,0.01060253612555331
0.5721635766876608,0.010607013842047918
0.5722079304532955,0.010611491558542524
0.5722522842189302,0.010615969275037131
0.5722966379845649,0.010620446991531739
0.5723409917501996,0.010624924708026347
0.5723853455158343,0.010629402424520954
0.572429699281469,0.01063388014101556
0.5724740530471037,0.010638357857510168
0.5725184068127384,0.010642835574004776
0.5725627605783731,0.010647313290499383
0.5726071143440078,0.010651791006993991
0.5726514681096425,0.010656268723488599
0.5726958218752772,0.010660746439983205
0.572740175640912,0.010665224156477813
0.5727845294065467,0.01066970187297242
0.5728288831721813,0.010674179589467028
0.572873236937816,0.010678657305961636
0.5729175907034507,0.010683135022456242
0.5729619444690854,0.01068761273895085
0.5730062982347202,0.010692090455445457
0.5730506520003549,0.010696568171940065
0.5730950057659896,0.010701045888434672
0.5731393595316242,0.010705523604929278
0.5731837132972589,0.010710001321423886
0.5732280670628936,0.010714479037918494
0.5732724208285284,0.010718956754413101
0.5733167745941631,0.010723434470907709
0.5733611283597978,0.010727912187402317
0.5734054821254324,0.010732389903896923
0.5734498358910671,0.01073686762039153
0.5734941896567018,0.010741345336886138
0.5735385434223366,0.010745823053380746
0.5735828971879713,0.010750300769875354
0.573627250953606,0.01075477848636996
0.5736716047192407,0.010759256202864567
0.5737159584848753,0.010763733919359175
0.57376031225051,0.010768268021913344
0.5738046660161448,0.010772812074948611
0.5738490197817795,0.010777372712119045
0.5738933735474142,0.010781933349289478
0.5739377273130489,0.010786493986459911
0.5739820810786835,0.010791054623630345
0.5740264348443183,0.010795615260800778
0.574070788609953,0.010800175897971212
0.5741151423755877,0.010804736535141645
0.5741594961412224,0.01080929717231208
0.5742038499068571,0.010813857809482514
0.5742482036724919,0.010818418446652947
0.5742925574381265,0.01082297908382338
0.5743369112037612,0.010827539720993814
0.5743812649693959,0.010832100358164247
0.5744256187350306,0.01083666099533468
0.5744699725006653,0.010841221632505114
0.5745143262663001,0.010845782269675548
0.5745586800319347,0.010850359490981145
0.5746030337975694,0.010854936712286744
0.5746473875632041,0.010859530517727508
0.5746917413288388,0.010864140907303437
0.5747360950944735,0.010868757930533431
0.5747804488601083,0.01087340148837969
0.574824802625743,0.01087804504622595
0.5748691563913776,0.01088268860407221
0.5749135101570123,0.01088733216191847
0.574957863922647,0.010891975719764729
0.5750022176882817,0.010896619277610988
0.5750465714539165,0.010901262835457247
0.5750909252195512,0.010905906393303508
0.5751352789851859,0.010910549951149767
0.5751796327508205,0.010915193508996026
0.5752239865164552,0.010919837066842285
0.57526834028209,0.010924480624688544
0.5753126940477247,0.010929124182534805
0.5753570478133594,0.010933767740381064
0.5754014015789941,0.010938411298227323
0.5754457553446287,0.010943054856073582
0.5754901091102634,0.010947698413919843
0.5755344628758982,0.010952341971766102
0.5755788166415329,0.010956985529612362
0.5756231704071676,0.01096162908745862
0.5756675241728023,0.01096627264530488
0.575711877938437,0.01097091620315114
0.5757562317040716,0.0109755597609974
0.5758005854697064,0.010980203318843659
0.5758449392353411,0.010984846876689918
0.5758892930009758,0.010989490434536177
0.5759336467666105,0.010994133992382438
0.5759780005322452,0.010998777550228697
0.5760223542978798,0.011003421108074956
0.5760667080635146,0.011008064665921215
0.5761110618291493,0.011012708223767476
0.576155415594784,0.011017351781613735
0.5761997693604187,0.011021995339459995
0.5762441231260534,0.011026638897306254
0.5762884768916882,0.011031282455152513
0.5763328306573228,0.011035926012998774
0.5763771844229575,0.011040569570845033
0.5764215381885922,0.011045213128691292
0.5764658919542269,0.011049856686537551
0.5765102457198616,0.01105450024438381
0.5765545994854964,0.011059143802230071
0.576598953251131,0.01106378736007633
0.5766433070167657,0.01106843091792259
0.5766876607824004,0.011073074475768848
0.5767320145480351,0.01107771803361511
0.5767763683136699,0.011082361591461368
0.5768207220793046,0.011087005149307627
0.5768650758449393,0.011091648707153887
0.5769094296105739,0.011096292265000146
0.5769537833762086,0.011100935822846407
0.5769981371418433,0.011105579380692666
0.5770424909074781,0.011110222938538925
0.5770868446731128,0.011114866496385184
0.5771311984387475,0.011119510054231443
0.5771755522043822,0.011124153612077704
0.5772199059700168,0.011128797169923963
0.5772642597356515,0.011133440727770222
0.5773086135012863,0.011138084285616481
0.577352967266921,0.01114272784346274
0.5773973210325557,0.011147371401309001
0.5774416747981904,0.01115201495915526
0.577486028563825,0.01115665851700152
0.5775303823294597,0.011161328609464045
0.5775747360950945,0.01116605508798613
0.5776190898607292,0.011170781566508215
0.5776634436263639,0.011175508045030301
0.5777077973919986,0.011180234523552386
0.5777521511576333,0.011184961002074473
0.577796504923268,0.011189687480596558
0.5778408586889027,0.011194413959118642
0.5778852124545374,0.011199140437640729
0.5779295662201721,0.011203866916162814
0.5779739199858068,0.0112085933946849
0.5780182737514415,0.011213319873206985
0.5780626275170762,0.01121804635172907
0.5781069812827109,0.011222772830251157
0.5781513350483456,0.011227499308773242
0.5781956888139803,0.011232225787295328
0.578240042579615,0.011236952265817413
0.5782843963452498,0.011241682061166533
0.5783287501108845,0.011246438391131914
0.5783731038765191,0.011251214622059497
0.5784174576421538,0.011256000803468176
0.5784618114077885,0.011260793618530923
0.5785061651734232,0.011265603017728833
0.578550518939058,0.011270412416926745
0.5785948727046927,0.011275221816124656
0.5786392264703274,0.011280031215322568
0.578683580235962,0.01128484061452048
0.5787279340015967,0.011289650013718391
0.5787722877672314,0.011294459412916303
0.5788166415328662,0.011299268812114214
0.5788609952985009,0.011304078211312126
0.5789053490641356,0.011308887610510038
0.5789497028297702,0.011313697009707949
0.5789940565954049,0.011318506408905861
0.5790384103610396,0.011323315808103774
0.5790827641266744,0.011328125207301684
0.5791271178923091,0.011332934606499596
0.5791714716579438,0.011337744005697507
0.5792158254235785,0.01134255340489542
0.5792601791892131,0.011347362804093332
0.5793045329548479,0.011352172203291242
0.5793488867204826,0.011356981602489154
0.5793932404861173,0.011361791001687065
0.579437594251752,0.011366600400884977
0.5794819480173867,0.01137140980008289
0.5795263017830213,0.0113762191992808
0.579570655548656,0.011381028598478712
0.5796150093142908,0.011385837997676625
0.5796593630799255,0.011390647396874535
0.5797037168455602,0.011395456796072448
0.5797480706111949,0.011400266195270358
0.5797924243768297,0.01140507559446827
0.5798367781424643,0.011409884993666183
0.579881131908099,0.011414694392864093
0.5799254856737337,0.011419503792062006
0.5799698394393684,0.011424313191259916
0.5800141932050031,0.011429122590457828
0.5800585469706379,0.01143393198965574
0.5801029007362725,0.011438741388853651
0.5801472545019072,0.011443550788051563
0.5801916082675419,0.011448360187249474
0.5802359620331766,0.011453169586447386
0.5802803157988113,0.011457978985645299
0.5803246695644461,0.01146278838484321
0.5803690233300808,0.011467597784041121
0.5804133770957154,0.011472407183239034
0.5804577308613501,0.011477219899263978
0.5805020846269848,0.011482065783559254
0.5805464383926195,0.01148693488564376
0.5805907921582543,0.011491810621382331
0.580635145923889,0.011496702941256069
0.5806794996895237,0.011501595261129807
0.5807238534551583,0.011506487581003545
0.580768207220793,0.011511379900877283
0.5808125609864278,0.01151627222075102
0.5808569147520625,0.011521164540624757
0.5809012685176972,0.011526056860498495
0.5809456222833319,0.011530949180372233
0.5809899760489665,0.011535841500245971
0.5810343298146012,0.01154073382011971
0.581078683580236,0.011545626139993445
0.5811230373458707,0.011550518459867183
0.5811673911115054,0.011555410779740921
0.5812117448771401,0.01156030309961466
0.5812560986427748,0.011565195419488397
0.5813004524084094,0.011570087739362134
0.5813448061740442,0.011574983376062905
0.5813891599396789,0.011579951982958405
0.5814335137053136,0.01158492722350797
0.5814778674709483,0.011589902464057533
0.581522221236583,0.011594877704607097
0.5815665750022176,0.01159985294515666
0.5816109287678524,0.011604828185706224
0.5816552825334871,0.011609803426255788
0.5816996362991218,0.011614778666805351
0.5817439900647565,0.011619753907354915
0.5817883438303912,0.011624729147904479
0.581832697596026,0.011629704388454043
0.5818770513616606,0.011634679629003606
0.5819214051272953,0.01163965486955317
0.58196575889293,0.011644630110102734
0.5820101126585647,0.011649605350652298
0.5820544664241994,0.011654580591201861
0.5820988201898342,0.011659555831751425
0.5821431739554688,0.011664531072300989
0.5821875277211035,0.011669506312850552
0.5822318814867382,0.011674481553400116
0.5822762352523729,0.01167945679394968
0.5823205890180077,0.011684432034499244
0.5823649427836424,0.011689407275048807
0.5824092965492771,0.011694382515598371
0.5824536503149117,0.011699357756147935
0.5824980040805464,0.011704332996697498
0.5825423578461811,0.011709308237247062
0.5825867116118159,0.011714283477796626
0.5826310653774506,0.01171925871834619
0.5826754191430853,0.011724233958895753
0.58271977290872,0.011729209199445317
0.5827641266743546,0.01173418443999488
0.5828084804399893,0.011739159680544444
0.5828528342056241,0.011744134921094008
0.5828971879712588,0.011749110161643572
0.5829415417368935,0.011754085402193136
0.5829858955025282,0.0117590606427427
0.5830302492681628,0.011764035883292263
0.5830746030337975,0.011769011123841827
0.5831189567994323,0.01177398636439139
0.583163310565067,0.011778961604940954
0.5832076643307017,0.011783936845490518
0.5832520180963364,0.011788912086040082
0.5832963718619711,0.011793887326589645
0.5833407256276057,0.011798862567139209
0.5833850793932405,0.011803837807688773
0.5834294331588752,0.011808813048238337
0.5834737869245099,0.0118137882887879
0.5835181406901446,0.011818763529337464
0.5835624944557793,0.011823738769887028
0.583606848221414,0.011828714010436591
0.5836512019870487,0.011833689250986155
0.5836955557526834,0.011838664491535719
0.5837399095183181,0.011843639732085283
0.5837842632839528,0.011848614972634846
0.5838286170495876,0.01185359021318441
0.5838729708152223,0.011858565453733974
0.5839173245808569,0.011863540694283537
0.5839616783464916,0.011868515934833101
0.5840060321121263,0.011873491175382665
0.584050385877761,0.011878466415932229
0.5840947396433958,0.011883441656481792
0.5841390934090305,0.011888416897031356
0.5841834471746651,0.01189339213758092
0.5842278009402998,0.011898367378130483
0.5842721547059345,0.011903342618680047
0.5843165084715692,0.011908317859229611
0.584360862237204,0.011913293099779175
0.5844052160028387,0.011918268340328738
0.5844495697684734,0.011923243580878302
0.584493923534108,0.011928218821427868
0.5845382772997427,0.011933194061977431
0.5845826310653774,0.011938169302526995
0.5846269848310122,0.011943144543076559
0.5846713385966469,0.011948119783626122
0.5847156923622816,0.011953095024175686
0.5847600461279163,0.01195807026472525
0.5848043998935509,0.011963045505274814
0.5848487536591856,0.011968020745824377
0.5848931074248204,0.011972995986373941
0.5849374611904551,0.011977971226923505
0.5849818149560898,0.011982946467473068
0.5850261687217245,0.011987921708022632
0.5850705224873591,0.011992896948572196
0.5851148762529939,0.011997888773256925
0.5851592300186286,0.012002880597941655
0.5852035837842633,0.012007872422626385
0.585247937549898,0.012012864247311116
0.5852922913155327,0.01201787265613101
0.5853366450811675,0.012022891015432002
0.5853809988468021,0.012027919325214095
0.5854253526124368,0.012032977486439484
0.5854697063780715,0.012038035647664874
0.5855140601437062,0.012043093808890265
0.5855584139093409,0.012048151970115654
0.5856027676749757,0.012053210131341044
0.5856471214406103,0.012058268292566433
0.585691475206245,0.012063326453791823
0.5857358289718797,0.012068384615017214
0.5857801827375144,0.012073442776242603
0.5858245365031491,0.012078500937467993
0.5858688902687839,0.012083559098693382
0.5859132440344186,0.012088617259918772
0.5859575978000532,0.012093675421144163
0.5860019515656879,0.012098733582369552
0.5860463053313226,0.012103791743594942
0.5860906590969573,0.012108849904820331
0.5861350128625921,0.012113908066045722
0.5861793666282268,0.012118982811406278
0.5862237203938615,0.012124057556766833
0.5862680741594961,0.012129148886262554
0.5863124279251308,0.01213424684941234
0.5863567816907655,0.01213937134717839
0.5864011354564003,0.012144512429079607
0.586445489222035,0.012149653510980822
0.5864898429876697,0.012154794592882037
0.5865341967533043,0.012159935674783254
0.586578550518939,0.012165076756684469
0.5866229042845738,0.012170217838585686
0.5866672580502085,0.012175358920486901
0.5867116118158432,0.012180500002388118
0.5867559655814779,0.012185641084289333
0.5868003193471126,0.012190782166190548
0.5868446731127472,0.012195923248091765
0.586889026878382,0.01220106432999298
0.5869333806440167,0.012206205411894197
0.5869777344096514,0.012211346493795412
0.5870220881752861,0.012216487575696627
0.5870664419409208,0.012221628657597844
0.5871107957065554,0.01222676973949906
0.5871551494721902,0.012231910821400276
0.5871995032378249,0.012237051903301491
0.5872438570034596,0.012242192985202708
0.5872882107690943,0.012247334067103923
0.587332564534729,0.012252475149005139
0.5873769183003638,0.012257616230906355
0.5874212720659984,0.01226275731280757
0.5874656258316331,0.012267898394708788
0.5875099795972678,0.012273039476610003
0.5875543333629025,0.012278180558511218
0.5875986871285372,0.012283321640412435
0.587643040894172,0.01228846272231365
0.5876873946598066,0.012293603804214867
0.5877317484254413,0.012298744886116082
0.587776102191076,0.012303885968017297
0.5878204559567107,0.012309027049918514
0.5878648097223454,0.012314168131819729
0.5879091634879802,0.012319309213720946
0.5879535172536149,0.012324450295622161
0.5879978710192495,0.012329591377523378
0.5880422247848842,0.012334732459424593
0.5880865785505189,0.012339873541325808
0.5881309323161537,0.012345014623227025
0.5881752860817884,0.01235015570512824
0.5882196398474231,0.012355296787029457
0.5882639936130578,0.012360437868930672
0.5883083473786924,0.012365578950831888
0.5883527011443271,0.012370720032733104
0.5883970549099619,0.01237586111463432
0.5884414086755966,0.012381002196535536
0.5884857624412313,0.012386143278436752
0.588530116206866,0.012391344063224563
0.5885744699725006,0.012396548164839406
0.5886188237381353,0.012401755583281283
0.5886631775037701,0.012406963001723158
0.5887075312694048,0.0124121870043002
0.5887518850350395,0.012417411006877242
0.5887962388006742,0.012422635009454284
0.5888405925663089,0.012427859012031327
0.5888849463319435,0.012433083014608368
0.5889293000975783,0.01243830701718541
0.588973653863213,0.012443531019762453
0.5890180076288477,0.012448755022339494
0.5890623613944824,0.012453979024916536
0.5891067151601171,0.012459203027493577
0.5891510689257518,0.01246442703007062
0.5891954226913865,0.012469651032647662
0.5892397764570212,0.012474875035224703
0.5892841302226559,0.012480099037801746
0.5893284839882906,0.012485323040378787
0.5893728377539253,0.012490563627090995
0.5894171915195601,0.012495827431592435
0.5894615452851947,0.012501101186574973
0.5895058990508294,0.012506394842519709
0.5895502528164641,0.012511701765772576
0.5895946065820988,0.012517008689025444
0.5896389603477336,0.012522315612278312
0.5896833141133683,0.01252762253553118
0.5897276678790029,0.012532929458784049
0.5897720216446376,0.012538236382036917
0.5898163754102723,0.012543543305289784
0.589860729175907,0.012548850228542652
0.5899050829415418,0.01255415715179552
0.5899494367071765,0.012559464075048389
0.5899937904728112,0.012564770998301257
0.5900381442384458,0.012570077921554124
0.5900824980040805,0.012575384844806992
0.5901268517697152,0.01258069176805986
0.59017120553535,0.012585998691312729
0.5902155593009847,0.012591305614565597
0.5902599130666194,0.012596612537818465
0.5903042668322541,0.012601919461071332
0.5903486205978887,0.0126072263843242
0.5903929743635234,0.012612533307577068
0.5904373281291582,0.012617840230829937
0.5904816818947929,0.012623147154082805
0.5905260356604276,0.012628454077335672
0.5905703894260623,0.01263376100058854
0.5906147431916969,0.012639067923841408
0.5906590969573317,0.012644374847094277
0.5907034507229664,0.012649681770347145
0.5907478044886011,0.012654988693600011
0.5907921582542358,0.01266029561685288
0.5908365120198705,0.012665602540105748
0.5908808657855052,0.012670909463358616
0.5909252195511399,0.012676216386611485
0.5909695733167746,0.012681523309864353
0.5910139270824093,0.01268683023311722
0.591058280848044,0.012692137156370088
0.5911026346136787,0.012697444079622956
0.5911469883793135,0.012702751002875825
0.5911913421449481,0.012708057926128693
0.5912356959105828,0.01271336484938156
0.5912800496762175,0.012718671772634428
0.5913244034418522,0.012723978695887296
0.5913687572074869,0.012729285619140164
0.5914131109731217,0.012734592542393033
0.5914574647387564,0.012739899465645901
0.591501818504391,0.012745206388898768
0.5915461722700257,0.012750513312151636
0.5915905260356604,0.012755820235404504
0.5916348798012951,0.012761127158657373
0.5916792335669299,0.01276643408191024
0.5917235873325646,0.012771741005163107
0.5917679410981993,0.012777047928415976
0.5918122948638339,0.012782354851668844
0.5918566486294686,0.012787661774921712
0.5919010023951033,0.01279296869817458
0.5919453561607381,0.012798275621427447
0.5919897099263728,0.012803582544680316
0.5920340636920075,0.012808889467933184
0.5920784174576421,0.012814196391186052
0.5921227712232768,0.01281950331443892
0.5921671249889116,0.012824810237691789
0.5922114787545463,0.012830117160944655
0.592255832520181,0.012835424084197524
0.5923001862858157,0.012840731007450392
0.5923445400514504,0.01284603793070326
0.592388893817085,0.012851344853956129
0.5924332475827198,0.012856651777208995
0.5924776013483545,0.012861958700461864
0.5925219551139892,0.012867265623714732
0.5925663088796239,0.0128725725469676
0.5926106626452586,0.012877879470220469
0.5926550164108932,0.012883186393473337
0.592699370176528,0.012888493316726203
0.5927437239421627,0.012893800239979072
0.5927880777077974,0.01289910716323194
0.5928324314734321,0.012904414086484808
0.5928767852390668,0.012909721009737677
0.5929211390047016,0.012915027932990543
0.5929654927703362,0.012920334856243412
0.5930098465359709,0.012925655046804412
0.5930542003016056,0.012930975237365413
0.5930985540672403,0.012936315328888611
0.593142907832875,0.01294165542041181
0.5931872615985098,0.01294700877924314
0.5932316153641444,0.012952368771728538
0.5932759691297791,0.012957732081040967
0.5933203228954138,0.012963105340834493
0.5933646766610485,0.012968495184763187
0.5934090304266832,0.012973885028691881
0.593453384192318,0.012979274872620575
0.5934977379579527,0.01298466471654927
0.5935420917235873,0.012990054560477964
0.593586445489222,0.012995444404406658
0.5936307992548567,0.013000834248335352
0.5936751530204915,0.013006224092264046
0.5937195067861262,0.01301161393619274
0.5937638605517609,0.013017003780121435
0.5938082143173956,0.01302239362405013
0.5938525680830302,0.013027783467978823
0.5938969218486649,0.013033173311907518
0.5939412756142997,0.013038563155836212
0.5939856293799344,0.013043952999764906
0.5940299831455691,0.0130493428436936
0.5940743369112038,0.01305474927175746
0.5941186906768384,0.013060182234437582
0.5941630444424731,0.013065621830771772
0.5942073982081079,0.013071078011241126
0.5942517519737426,0.013076540825364547
0.5942961057393773,0.013082013589969067
0.594340459505012,0.013087486354573588
0.5943848132706467,0.013092959119178108
0.5944291670362813,0.013098431883782628
0.5944735208019161,0.013103904648387147
0.5945178745675508,0.013109377412991669
0.5945622283331855,0.013114850177596189
0.5946065820988202,0.013120322942200708
0.5946509358644549,0.013125795706805228
0.5946952896300896,0.013131268471409748
0.5947396433957243,0.01313674123601427
0.594783997161359,0.013142214000618789
0.5948283509269937,0.013147686765223309
0.5948727046926284,0.013153159529827829
0.5949170584582631,0.01315863229443235
0.5949614122238979,0.01316410505903687
0.5950057659895325,0.01316957782364139
0.5950501197551672,0.01317505058824591
0.5950944735208019,0.013180523352850429
0.5951388272864366,0.01318599611745495
0.5951831810520714,0.01319146888205947
0.5952275348177061,0.01319694164666399
0.5952718885833407,0.01320241441126851
0.5953162423489754,0.01320788717587303
0.5953605961146101,0.013213359940477551
0.5954049498802448,0.01321883270508207
0.5954493036458796,0.01322430546968659
0.5954936574115143,0.01322977823429111
0.595538011177149,0.013235250998895632
0.5955823649427836,0.013240723763500151
0.5956267187084183,0.013246196528104671
0.595671072474053,0.01325166929270919
0.5957154262396878,0.01325714205731371
0.5957597800053225,0.013262614821918232
0.5958041337709572,0.013268087586522752
0.5958484875365919,0.013273560351127272
0.5958928413022265,0.013279033115731791
0.5959371950678612,0.013284505880336311
0.595981548833496,0.013289978644940833
0.5960259025991307,0.013295451409545352
0.5960702563647654,0.013300924174149872
0.5961146101304001,0.013306396938754392
0.5961589638960347,0.013311869703358913
0.5962033176616695,0.013317342467963433
0.5962476714273042,0.013322815232567953
0.5962920251929389,0.013328287997172472
0.5963363789585736,0.013333760761776992
0.5963807327242083,0.01333925011051668
0.596425086489843,0.013344752726564496
0.5964694402554777,0.013350268609920444
0.5965137940211124,0.013355791126930461
0.5965581477867471,0.013361333544902675
0.5966025015523818,0.01336688923018302
0.5966468553180165,0.013372444915463367
0.5966912090836513,0.013378000600743713
0.5967355628492859,0.01338355628602406
0.5967799166149206,0.013389111971304405
0.5968242703805553,0.01339466765658475
0.59686862414619,0.013400223341865098
0.5969129779118247,0.013405779027145443
0.5969573316774595,0.01341133471242579
0.5970016854430942,0.013416890397706136
0.5970460392087288,0.013422446082986482
0.5970903929743635,0.013428001768266829
0.5971347467399982,0.013433557453547174
0.5971791005056329,0.013439113138827521
0.5972234542712677,0.013444668824107867
0.5972678080369024,0.013450224509388212
0.597312161802537,0.01345578019466856
0.5973565155681717,0.013461335879948905
0.5974008693338064,0.013466891565229252
0.5974452230994411,0.013472447250509598
0.5974895768650759,0.01347801951992511
0.5975339306307106,0.013483598422994687
0.5975782843963453,0.013489207177507564
0.5976226381619799,0.013494845783463737
0.5976669919276146,0.013500484389419908
0.5977113456932494,0.01350612299537608
0.5977556994588841,0.013511761601332252
0.5978000532245188,0.013517400207288425
0.5978444069901535,0.013523038813244598
0.5978887607557882,0.013528677419200769
0.5979331145214228,0.013534316025156942
0.5979774682870576,0.013539954631113113
0.5980218220526923,0.013545593237069286
0.598066175818327,0.013551231843025459
0.5981105295839617,0.01355687044898163
0.5981548833495964,0.013562509054937803
0.598199237115231,0.013568147660893976
0.5982435908808658,0.013573786266850147
0.5982879446465005,0.01357942487280632
0.5983322984121352,0.013585063478762491
0.5983766521777699,0.013590702084718664
0.5984210059434046,0.013596340690674837
0.5984653597090394,0.013601979296631008
0.598509713474674,0.013607617902587181
0.5985540672403087,0.013613256508543354
0.5985984210059434,0.013618895114499525
0.5986427747715781,0.013624533720455698
0.5986871285372128,0.01363017232641187
0.5987314823028476,0.013635810932368042
0.5987758360684822,0.013641449538324215
0.5988201898341169,0.013647088144280386
0.5988645435997516,0.013652726750236559
0.5989088973653863,0.01365836535619273
0.598953251131021,0.013664003962148903
0.5989976048966558,0.013669642568105076
0.5990419586622905,0.013675281174061247
0.5990863124279251,0.01368091978001742
0.5991306661935598,0.013686558385973593
0.5991750199591945,0.013692196991929764
0.5992193737248293,0.013697835597885937
0.599263727490464,0.013703474203842108
0.5993080812560987,0.013709112809798281
0.5993524350217334,0.013714751415754454
0.599396788787368,0.013720390021710625
0.5994411425530027,0.013726028627666798
0.5994854963186375,0.01373166723362297
0.5995298500842722,0.013737305839579142
0.5995742038499069,0.013742944445535315
0.5996185576155416,0.013748583051491486
0.5996629113811762,0.01375422165744766
0.5997072651468109,0.013759860263403832
0.5997516189124457,0.013765498869360003
0.5997959726780804,0.013771137475316176
0.5998403264437151,0.013776776081272347
0.5998846802093498,0.01378241468722852
0.5999290339749845,0.013788053293184693
0.5999733877406191,0.013793691899140864
0.6000177415062539,0.013799330505097037
0.6000620952718886,0.013804969111053209
0.6001064490375233,0.013810607717009381
0.600150802803158,0.013816246322965554
0.6001951565687927,0.013821884928921726
0.6002395103344274,0.013827523534877898
0.6002838641000621,0.013833162140834071
0.6003282178656968,0.013838800746790243
0.6003725716313315,0.013844439352746415
0.6004169253969662,0.013850077958702587
0.600461279162601,0.01385571656465876
0.6005056329282357,0.013861355170614932
0.6005499866938703,0.013866993776571104
0.600594340459505,0.013872632382527277
0.6006386942251397,0.013878284255791582
0.6006830479907744,0.013883949396364018
0.6007274017564092,0.013889614536936455
0.6007717555220439,0.013895286311162958
0.6008161092876785,0.013900964719043528
0.6008604630533132,0.013906686245675525
0.6009048168189479,0.013912407772307523
0.6009491705845826,0.013918129298939522
0.6009935243502174,0.01392385082557152
0.6010378781158521,0.01392957235220352
0.6010822318814868,0.013935293878835516
0.6011265856471214,0.013941015405467515
0.6011709394127561,0.013946736932099513
0.6012152931783908,0.013952458458731512
0.6012596469440256,0.01395817998536351
0.6013040007096603,0.01396390151199551
0.601348354475295,0.013969623038627506
0.6013927082409297,0.013975344565259505
0.6014370620065643,0.013981066091891503
0.601481415772199,0.013986787618523502
0.6015257695378338,0.0139925091451555
0.6015701233034685,0.013998230671787498
0.6016144770691032,0.014003952198419496
0.6016588308347379,0.014009696942840726
0.6017031846003725,0.01401550139014855
0.6017475383660073,0.014021305837456375
0.601791892131642,0.014027110284764199
0.6018362458972767,0.014032914732072023
0.6018805996629114,0.014038719179379848
0.6019249534285461,0.014044523626687672
0.6019693071941808,0.014050328073995496
0.6020136609598155,0.01405613252130332
0.6020580147254502,0.014061936968611145
0.6021023684910849,0.01406774141591897
0.6021467222567196,0.014073545863226794
0.6021910760223543,0.014079350310534618
0.602235429787989,0.014085154757842442
0.6022797835536237,0.014090959205150267
0.6023241373192584,0.014096763652458091
0.6023684910848931,0.014102568099765915
0.6024128448505278,0.01410837254707374
0.6024571986161625,0.014114176994381564
0.6025015523817973,0.014119981441689388
0.602545906147432,0.014125785888997213
0.6025902599130666,0.014131590336305037
0.6026346136787013,0.014137394783612861
0.602678967444336,0.014143199230920686
0.6027233212099707,0.01414900367822851
0.6027676749756055,0.014154808125536336
0.6028120287412402,0.01416061257284416
0.6028563825068748,0.014166417020151985
0.6029007362725095,0.01417222146745981
0.6029450900381442,0.014178025914767634
0.602989443803779,0.014183830362075458
0.6030337975694137,0.014189634809383282
0.6030781513350484,0.014195439256691107
0.6031225051006831,0.014201243703998931
0.6031668588663177,0.014207048151306755
0.6032112126319524,0.01421285259861458
0.6032555663975872,0.014218657045922404
0.6032999201632219,0.014224461493230228
0.6033442739288566,0.014230265940538053
0.6033886276944913,0.014236070387845877
0.603432981460126,0.014241908003424031
0.6034773352257606,0.014247745619002185
0.6035216889913954,0.014253606452369571
0.6035660427570301,0.014259493820353221
0.6036103965226648,0.014265381188336871
0.6036547502882995,0.014271268556320521
0.6036991040539342,0.014277155924304173
0.6037434578195688,0.014283043292287823
0.6037878115852036,0.014288930660271473
0.6038321653508383,0.014294818028255123
0.603876519116473,0.014300705396238775
0.6039208728821077,0.014306592764222425
0.6039652266477424,0.014312480132206075
0.6040095804133772,0.014318367500189725
0.6040539341790118,0.014324254868173375
0.6040982879446465,0.014330185354908456
0.6041426417102812,0.014336145693086833
0.6041869954759159,0.014342115981746308
0.6042313492415506,0.014348086270405786
0.6042757030071854,0.014354056559065262
0.60432005677282,0.014360026847724739
0.6043644105384547,0.014365997136384215
0.6044087643040894,0.014371967425043692
0.6044531180697241,0.014377937713703168
0.6044974718353588,0.014383908002362644
0.6045418256009936,0.014389878291022121
0.6045861793666283,0.014395848579681597
0.6046305331322629,0.014401818868341075
0.6046748868978976,0.01440778915700055
0.6047192406635323,0.014413759445660026
0.604763594429167,0.014419729734319504
0.6048079481948018,0.01442570002297898
0.6048523019604365,0.014431670311638457
0.6048966557260711,0.014437640600297933
0.6049410094917058,0.01444361088895741
0.6049853632573405,0.014449581177616886
0.6050297170229753,0.014455551466276362
0.60507407078861,0.01446152175493584
0.6051184245542447,0.014467492043595315
0.6051627783198794,0.014473462332254793
0.605207132085514,0.014479432620914268
0.6052514858511487,0.014485402909573746
0.6052958396167835,0.014491373198233222
0.6053401933824182,0.014497343486892697
0.6053845471480529,0.014503313775552175
0.6054289009136876,0.01450928406421165
0.6054732546793223,0.014515254352871128
0.605517608444957,0.014521224641530604
0.6055619622105917,0.01452719493019008
0.6056063159762264,0.014533165218849557
0.6056506697418611,0.014539135507509033
0.6056950235074958,0.01454510579616851
0.6057393772731305,0.014551076084827986
0.6057837310387651,0.014557046373487464
0.6058280848043999,0.01456301666214694
0.6058724385700346,0.014568986950806415
0.6059167923356693,0.014574957239465893
0.605961146101304,0.014580927528125369
0.6060054998669387,0.014586897816784846
0.6060498536325735,0.014592868105444322
0.6060942073982081,0.014598838394103798
0.6061385611638428,0.014604808682763275
0.6061829149294775,0.014610778971422751
0.6062272686951122,0.014616749260082228
0.606271622460747,0.014622719548741704
0.6063159762263817,0.014628689837401182
0.6063603299920163,0.014634660126060657
0.606404683757651,0.014640630414720133
0.6064490375232857,0.01464660070337961
0.6064933912889204,0.014652570992039086
0.6065377450545552,0.014658541280698564
0.6065820988201899,0.014664528153493206
0.6066264525858246,0.014670531610423013
0.6066708063514592,0.014676584819758315
0.6067151601170939,0.014682638029093618
0.6067595138827286,0.01468869123842892
0.6068038676483634,0.014694744447764222
0.6068482214139981,0.014700797657099526
0.6068925751796328,0.014706850866434827
0.6069369289452675,0.01471290407577013
0.6069812827109021,0.014718957285105434
0.6070256364765368,0.014725010494440735
0.6070699902421716,0.014731063703776038
0.6071143440078063,0.01473711691311134
0.607158697773441,0.014743170122446643
0.6072030515390757,0.014749223331781946
0.6072474053047103,0.014755293125252414
0.607291759070345,0.014761362918722883
0.6073361128359798,0.014767465880463682
0.6073804666016145,0.014773592059993712
0.6074248203672492,0.01477972819000484
0.6074691741328839,0.01478586432001597
0.6075135278985186,0.014792000450027097
0.6075578816641533,0.014798136580038226
0.607602235429788,0.014804272710049355
0.6076465891954227,0.014810408840060484
0.6076909429610574,0.014816544970071613
0.6077352967266921,0.01482268110008274
0.6077796504923269,0.014828817230093869
0.6078240042579615,0.014834953360104998
0.6078683580235962,0.014841089490116127
0.6079127117892309,0.014847225620127255
0.6079570655548656,0.014853361750138384
0.6080014193205003,0.014859497880149512
0.608045773086135,0.01486563401016064
0.6080901268517698,0.01487177014017177
0.6081344806174044,0.014877906270182898
0.6081788343830391,0.014884042400194027
0.6082231881486738,0.014890178530205155
0.6082675419143085,0.014896314660216283
0.6083118956799433,0.014902450790227412
0.608356249445578,0.014908586920238541
0.6084006032112126,0.01491472305024967
0.6084449569768473,0.0149208591802608
0.608489310742482,0.014926995310271926
0.6085336645081167,0.014933131440283055
0.6085780182737515,0.014939267570294184
0.6086223720393862,0.014945403700305313
0.6086667258050209,0.014951539830316442
0.6087110795706555,0.01495767596032757
0.6087554333362902,0.014963812090338698
0.608799787101925,0.014969948220349827
0.6088441408675597,0.014976084350360956
0.6088884946331944,0.014982220480372085
0.6089328483988291,0.014988356610383214
0.6089772021644638,0.014994492740394341
0.6090215559300984,0.01500062887040547
0.6090659096957332,0.015006765000416599
0.6091102634613679,0.015012901130427728
0.6091546172270026,0.015019037260438857
0.6091989709926373,0.015025173390449984
0.609243324758272,0.015031309520461113
0.6092876785239066,0.015037445650472242
0.6093320322895414,0.015043581780483371
0.6093763860551761,0.0150497179104945
0.6094207398208108,0.015055854040505629
0.6094650935864455,0.015062003437824888
0.6095094473520802,0.015068189320241513
0.609553801117715,0.015074408370928468
0.6095981548833496,0.015080627421615422
0.6096425086489843,0.015086846472302379
0.609686862414619,0.015093065522989333
0.6097312161802537,0.015099284573676288
0.6097755699458884,0.015105503624363243
0.6098199237115232,0.015111722675050197
0.6098642774771578,0.015117941725737152
0.6099086312427925,0.015124160776424107
0.6099529850084272,0.015130379827111061
0.6099973387740619,0.015136598877798016
0.6100416925396966,0.01514281792848497
0.6100860463053314,0.015149036979171925
0.6101304000709661,0.01515525602985888
0.6101747538366007,0.015161475080545835
0.6102191076022354,0.01516769413123279
0.6102634613678701,0.015173913181919744
0.6103078151335048,0.015180132232606698
0.6103521688991396,0.015186351283293653
0.6103965226647743,0.015192570333980608
0.6104408764304089,0.015198796018321628
0.6104852301960436,0.015205081405549242
0.6105295839616783,0.015211366792776857
0.610573937727313,0.015217668764139637
0.6106182914929478,0.015223970735502418
0.6106626452585825,0.015230272706865198
0.6107069990242172,0.01523657467822798
0.6107513527898518,0.01524287664959076
0.6107957065554865,0.01524917862095354
0.6108400603211213,0.015255480592316321
0.610884414086756,0.015261782563679101
0.6109287678523907,0.015268084535041884
0.6109731216180254,0.015274386506404664
0.6110174753836601,0.015280688477767444
0.6110618291492947,0.015286990449130225
0.6111061829149295,0.015293292420493007
0.6111505366805642,0.015299594391855787
0.6111948904461989,0.015305896363218567
0.6112392442118336,0.015312198334581348
0.6112835979774683,0.015318500305944128
0.611327951743103,0.01532480227730691
0.6113723055087377,0.01533110424866969
0.6114166592743724,0.015337406220032471
0.6114610130400071,0.015343708191395251
0.6115053668056418,0.015350010162758033
0.6115497205712765,0.015356312134120814
0.6115940743369113,0.015362614105483594
0.6116384281025459,0.015368916076846375
0.6116827818681806,0.015375218048209155
0.6117271356338153,0.015381520019571937
0.61177148939945,0.015387821990934717
0.6118158431650847,0.015394123962297498
0.6118601969307195,0.015400425933660278
0.6119045506963541,0.015406727905023059
0.6119489044619888,0.01541302987638584
0.6119932582276235,0.015419331847748621
0.6120376119932582,0.015425633819111401
0.612081965758893,0.015431935790474182
0.6121263195245277,0.015438237761836964
0.6121706732901624,0.015444539733199744
0.612215027055797,0.015450841704562525
0.6122593808214317,0.015457143675925305
0.6123037345870664,0.015463445647288085
0.6123480883527012,0.015469747618650867
0.6123924421183359,0.015476049590013648
0.6124367958839706,0.015482351561376428
0.6124811496496052,0.015488653532739208
0.6125255034152399,0.01549495550410199
0.6125698571808746,0.015501257475464771
0.6126142109465094,0.015507559446827551
0.6126585647121441,0.015513861418190332
0.6127029184777788,0.015520163389553112
0.6127472722434135,0.015526465360915894
0.6127916260090481,0.015532767332278674
0.6128359797746828,0.015539069303641455
0.6128803335403176,0.015545371275004235
0.6129246873059523,0.015551673246367016
0.612969041071587,0.015557975217729798
0.6130133948372217,0.015564277189092578
0.6130577486028564,0.015570579160455358
0.613102102368491,0.015576881131818139
0.6131464561341258,0.01558318310318092
0.6131908098997605,0.015589485074543701
0.6132351636653952,0.015595787045906482
0.6132795174310299,0.015602089017269262
0.6133238711966646,0.015608390988632042
0.6133682249622993,0.015614692959994824
0.613412578727934,0.015620994931357605
0.6134569324935687,0.015627296902720387
0.6135012862592034,0.015633598874083166
0.6135456400248381,0.015639900845445948
0.6135899937904729,0.01564620613363576
0.6136343475561076,0.015652514738652607
0.6136787013217422,0.015658899630691215
0.6137230550873769,0.01566528452272982
0.6137674088530116,0.015671669414768427
0.6138117626186463,0.015678054306807035
0.6138561163842811,0.015684439198845643
0.6139004701499158,0.015690824090884247
0.6139448239155504,0.015697208982922855
0.6139891776811851,0.015703593874961463
0.6140335314468198,0.015709978767000067
0.6140778852124545,0.015716363659038675
0.6141222389780893,0.015722748551077283
0.614166592743724,0.015729133443115887
0.6142109465093587,0.015735518335154495
0.6142553002749933,0.015741903227193103
0.614299654040628,0.01574831133702094
0.6143440078062627,0.01575473271415691
0.6143883615718975,0.015761167358601013
0.6144327153375322,0.01576760200304512
0.6144770691031669,0.015774043281143284
0.6145214228688016,0.015780511093857717
0.6145657766344362,0.01578697890657215
0.614610130400071,0.015793446719286584
0.6146544841657057,0.015799914532001014
0.6146988379313404,0.015806382344715448
0.6147431916969751,0.01581285015742988
0.6147875454626098,0.015819317970144315
0.6148318992282444,0.01582578578285875
0.6148762529938792,0.015832253595573182
0.6149206067595139,0.015838721408287612
0.6149649605251486,0.015845189221002046
0.6150093142907833,0.01585165703371648
0.615053668056418,0.015858124846430913
0.6150980218220528,0.015864592659145346
0.6151423755876874,0.015871060471859776
0.6151867293533221,0.01587752828457421
0.6152310831189568,0.015883996097288643
0.6152754368845915,0.015890463910003077
0.6153197906502262,0.01589693172271751
0.615364144415861,0.01590339953543194
0.6154084981814956,0.015909867348146374
0.6154528519471303,0.015916335160860808
0.615497205712765,0.01592280297357524
0.6155415594783997,0.015929270786289675
0.6155859132440344,0.015935738599004105
0.6156302670096692,0.015942206411718538
0.6156746207753039,0.01594867422443297
0.6157189745409385,0.015955142037147405
0.6157633283065732,0.01596160984986184
0.6158076820722079,0.015968077662576272
0.6158520358378426,0.015974545475290702
0.6158963896034774,0.015981013288005136
0.6159407433691121,0.01598748110071957
0.6159850971347467,0.015993948913434003
0.6160294509003814,0.016000416726148436
0.6160738046660161,0.016006884538862867
0.6161181584316509,0.0160133523515773
0.6161625121972856,0.016019820164291734
0.6162068659629203,0.016026287977006167
0.616251219728555,0.0160327557897206
0.6162955734941896,0.01603922360243503
0.6163399272598243,0.016045691415149464
0.6163842810254591,0.016052159227863898
0.6164286347910938,0.01605862704057833
0.6164729885567285,0.016065094853292765
0.6165173423223632,0.016071562666007195
0.6165616960879979,0.01607803047872163
0.6166060498536325,0.016084498291436062
0.6166504036192673,0.016090986005112693
0.616694757384902,0.01609748035244339
0.6167391111505367,0.016104004551217386
0.6167834649161714,0.016110538700472476
0.6168278186818061,0.016117089433862735
0.6168721724474407,0.016123640167252994
0.6169165262130755,0.016130190900643254
0.6169608799787102,0.016136741634033513
0.6170052337443449,0.016143292367423772
0.6170495875099796,0.01614984310081403
0.6170939412756143,0.01615639383420429
0.6171382950412491,0.01616294456759455
0.6171826488068837,0.01616949530098481
0.6172270025725184,0.016176046034375065
0.6172713563381531,0.016182596767765324
0.6173157101037878,0.016189147501155583
0.6173600638694225,0.016195698234545843
0.6174044176350573,0.0162022589184172
0.6174487714006919,0.016208826235942626
0.6174931251663266,0.016215426721738382
0.6175374789319613,0.016222027207534136
0.617581832697596,0.01622865754477319
0.6176261864632308,0.016235291198839274
0.6176705402288655,0.01624192485290536
0.6177148939945002,0.016248558506971444
0.6177592477601348,0.01625519216103753
0.6178036015257695,0.016261825815103614
0.6178479552914042,0.0162684594691697
0.617892309057039,0.016275093123235784
0.6179366628226737,0.01628172677730187
0.6179810165883084,0.016288360431367954
0.618025370353943,0.01629499408543404
0.6180697241195777,0.016301627739500123
0.6181140778852124,0.01630826139356621
0.6181584316508472,0.016314895047632293
0.6182027854164819,0.01632152870169838
0.6182471391821166,0.016328162355764463
0.6182914929477513,0.016334796009830548
0.6183358467133859,0.016341429663896633
0.6183802004790206,0.016348063317962718
0.6184245542446554,0.016354696972028803
0.6184689080102901,0.016361330626094888
0.6185132617759248,0.016367964280160973
0.6185576155415595,0.016374597934227058
0.6186019693071942,0.016381231588293143
0.6186463230728289,0.016387865242359228
0.6186906768384636,0.016394498896425313
0.6187350306040983,0.016401132550491398
0.618779384369733,0.016407766204557483
0.6188237381353677,0.016414399858623568
0.6188680919010024,0.016421033512689653
0.6189124456666371,0.016427667166755738
0.6189567994322718,0.016434300820821823
0.6190011531979065,0.016440934474887908
0.6190455069635412,0.016447568128953993
0.6190898607291759,0.016454201783020077
0.6191342144948107,0.016460835437086162
0.6191785682604454,0.016467469091152247
0.61922292202608,0.016474102745218332
0.6192672757917147,0.016480736399284417
0.6193116295573494,0.016487370053350502
0.6193559833229841,0.016494003707416587
0.6194003370886189,0.016500637361482672
0.6194446908542536,0.016507271015548757
0.6194890446198882,0.016513904669614842
0.6195333983855229,0.016520538323680927
0.6195777521511576,0.016527171977747012
0.6196221059167923,0.016533805631813097
0.6196664596824271,0.016540439285879182
0.6197108134480618,0.016547072939945267
0.6197551672136965,0.016553709910838387
0.6197995209793311,0.016560360149039638
0.6198438747449658,0.01656702697137605
0.6198882285106005,0.016573743546117962
0.6199325822762353,0.016580460120859872
0.61997693604187,0.016587176695601787
0.6200212898075047,0.016593893270343697
0.6200656435731394,0.016600609845085608
0.620109997338774,0.01660732641982752
0.6201543511044088,0.01661404299456943
0.6201987048700435,0.01662075956931134
0.6202430586356782,0.01662747614405325
0.6202874124013129,0.01663419271879516
0.6203317661669476,0.01664092587767224
0.6203761199325822,0.016647682254338547
0.620420473698217,0.01665447511610222
0.6204648274638517,0.016661274611519956
0.6205091812294864,0.016668074106937693
0.6205535349951211,0.016674873602355433
0.6205978887607558,0.01668167309777317
0.6206422425263906,0.016688472593190905
0.6206865962920252,0.016695272088608642
0.6207309500576599,0.016702071584026378
0.6207753038232946,0.016708871079444118
0.6208196575889293,0.016715670574861854
0.620864011354564,0.01672247007027959
0.6209083651201988,0.016729269565697327
0.6209527188858334,0.016736069061115067
0.6209970726514681,0.016742868556532804
0.6210414264171028,0.01674966805195054
0.6210857801827375,0.016756467547368276
0.6211301339483722,0.016763267042786013
0.621174487714007,0.016770066538203753
0.6212188414796417,0.01677686603362149
0.6212631952452763,0.01678366884586626
0.621307549010911,0.016790478291765096
0.6213519027765457,0.01679732753958833
0.6213962565421804,0.016804193371546726
0.6214406103078152,0.016811075787640288
0.6214849640734499,0.01681795820373385
0.6215293178390845,0.016824840619827416
0.6215736716047192,0.016831723035920978
0.6216180253703539,0.01683860545201454
0.6216623791359887,0.016845487868108106
0.6217067329016234,0.016852370284201668
0.6217510866672581,0.01685925270029523
0.6217954404328928,0.016866135116388795
0.6218397941985274,0.016873017532482357
0.6218841479641621,0.01687989994857592
0.6219285017297969,0.01688678236466948
0.6219728554954316,0.016893664780763047
0.6220172092610663,0.01690054719685661
0.622061563026701,0.01690742961295017
0.6221059167923357,0.01691433856366
0.6221502705579703,0.016921254148023895
0.6221946243236051,0.016928186316522955
0.6222389780892398,0.016935131752330145
0.6222833318548745,0.016942097089099533
0.6223276856205092,0.016949062425868924
0.6223720393861439,0.016956027762638312
0.6224163931517785,0.016962993099407703
0.6224607469174133,0.01696995843617709
0.622505100683048,0.01697692377294648
0.6225494544486827,0.01698388910971587
0.6225938082143174,0.016990854446485258
0.6226381619799521,0.01699781978325465
0.6226825157455869,0.017004785120024037
0.6227268695112215,0.017011750456793425
0.6227712232768562,0.017018715793562816
0.6228155770424909,0.017025681130332204
0.6228599308081256,0.017032646467101595
0.6229042845737603,0.017039611803870983
0.6229486383393951,0.017046577140640375
0.6229929921050297,0.017053542477409762
0.6230373458706644,0.01706050781417915
0.6230816996362991,0.01706747315094854
0.6231260534019338,0.01707443848771793
0.6231704071675686,0.01708140382448732
0.6232147609332033,0.01708836916125671
0.623259114698838,0.017095334498026096
0.6233034684644726,0.017102299834795488
0.6233478222301073,0.017109265171564875
0.623392175995742,0.017116230508334267
0.6234365297613768,0.017123195845103654
0.6234808835270115,0.017130161181873042
0.6235252372926462,0.017137126518642434
0.6235695910582808,0.01714409185541182
0.6236139448239155,0.017151057192181213
0.6236582985895502,0.0171580225289506
0.623702652355185,0.01716498786571999
0.6237470061208197,0.01717195320248938
0.6237913598864544,0.017178918539258767
0.6238357136520891,0.01718588387602816
0.6238800674177237,0.017192849212797547
0.6239244211833584,0.017199814549566938
0.6239687749489932,0.017206779886336326
0.6240131287146279,0.017213745223105714
0.6240574824802626,0.017220710559875105
0.6241018362458973,0.017227675896644493
0.624146190011532,0.017234641233413884
0.6241905437771667,0.01724160657018327
0.6242348975428014,0.01724857190695266
0.6242792513084361,0.01725553724372205
0.6243236050740708,0.01726250258049144
0.6243679588397055,0.01726946791726083
0.6244123126053402,0.017276443204511317
0.6244566663709749,0.017283438392724
0.6245010201366096,0.01729043689776372
0.6245453739022443,0.01729743540280344
0.624589727667879,0.01730446375928646
0.6246340814335137,0.017311495432596507
0.6246784351991485,0.017318543690041724
0.6247227889647832,0.017325591947486937
0.6247671427304178,0.017332640204932154
0.6248114964960525,0.017339688462377368
0.6248558502616872,0.017346736719822585
0.6249002040273219,0.0173537849772678
0.6249445577929567,0.017360833234713016
0.6249889115585914,0.01736788149215823
0.625033265324226,0.017374929749603446
0.6250776190898607,0.01738197800704866
0.6251219728554954,0.017389026264493877
0.6251663266211301,0.01739607452193909
0.6252106803867649,0.017403122779384307
0.6252550341523996,0.01741017103682952
0.6252993879180343,0.017417219294274738
0.6253437416836689,0.01742426755171995
0.6253880954493036,0.017431315809165168
0.6254324492149383,0.017438364066610382
0.6254768029805731,0.0174454123240556
0.6255211567462078,0.017452460581500812
0.6255655105118425,0.01745950883894603
0.6256098642774771,0.017466557096391243
0.6256542180431118,0.01747360535383646
0.6256985718087466,0.017480653611281673
0.6257429255743813,0.017487728403343155
0.625787279340016,0.017494803195404637
0.6258316331056507,0.01750189457160128
0.6258759868712854,0.017508989264624956
0.62592034063692,0.017516120442746
0.6259646944025548,0.01752325162086704
0.6260090481681895,0.01753038279898808
0.6260534019338242,0.017537513977109124
0.6260977556994589,0.017544645155230163
0.6261421094650936,0.017551776333351206
0.6261864632307284,0.017558907511472245
0.626230816996363,0.017566038689593288
0.6262751707619977,0.01757316986771433
0.6263195245276324,0.01758030104583537
0.6263638782932671,0.017587432223956413
0.6264082320589018,0.017594563402077452
0.6264525858245366,0.017601694580198494
0.6264969395901712,0.017608825758319537
0.6265412933558059,0.017615956936440576
0.6265856471214406,0.01762308811456162
0.6266300008870753,0.017630219292682662
0.62667435465271,0.0176373504708037
0.6267187084183448,0.017644481648924744
0.6267630621839795,0.017651612827045783
0.6268074159496141,0.017658744005166826
0.6268517697152488,0.01766587518328787
0.6268961234808835,0.017673006361408908
0.6269404772465182,0.01768013753952995
0.626984831012153,0.01768726871765099
0.6270291847777877,0.017694399895772032
0.6270735385434223,0.017701531073893075
0.627117892309057,0.017708662252014114
0.6271622460746917,0.017715793430135157
0.6272065998403265,0.017722924608256196
0.6272509536059612,0.01773005578637724
0.6272953073715959,0.01773721018228751
0.6273396611372306,0.017744391112814048
0.6273840149028652,0.017751605211610916
0.6274283686684999,0.017758819310407785
0.6274727224341347,0.017766033409204653
0.6275170761997694,0.01777324750800152
0.6275614299654041,0.017780461606798387
0.6276057837310388,0.017787675705595255
0.6276501374966735,0.01779488980439212
0.6276944912623081,0.01780210390318899
0.6277388450279429,0.017809318001985857
0.6277831987935776,0.017816532100782722
0.6278275525592123,0.01782374619957959
0.627871906324847,0.01783096029837646
0.6279162600904817,0.017838174397173327
0.6279606138561163,0.017845388495970192
0.6280049676217511,0.01785260259476706
0.6280493213873858,0.01785982996087206
0.6280936751530205,0.017867070594285193
0.6281380289186552,0.01787435102962272
0.6281823826842899,0.01788164473226838
0.6282267364499247,0.017888941751741074
0.6282710902155593,0.01789623877121377
0.628315443981194,0.01790353579068646
0.6283597977468287,0.017910832810159153
0.6284041515124634,0.017918129829631847
0.6284485052780981,0.01792542684910454
0.6284928590437329,0.017932723868577236
0.6285372128093675,0.01794002088804993
0.6285815665750022,0.01794731790752262
0.6286259203406369,0.017954614926995315
0.6286702741062716,0.01796191194646801
0.6287146278719064,0.017969208965940703
0.6287589816375411,0.017976505985413397
0.6288033354031758,0.017983803004886088
0.6288476891688104,0.017991100024358782
0.6288920429344451,0.017998397043831476
0.6289363967000798,0.01800569406330417
0.6289807504657146,0.018012991082776864
0.6290251042313493,0.018020288102249555
0.629069457996984,0.01802758512172225
0.6291138117626186,0.018034882141194943
0.6291581655282533,0.018042179160667637
0.629202519293888,0.01804947618014033
0.6292468730595228,0.018056773199613022
0.6292912268251575,0.018064070219085716
0.6293355805907922,0.01807136723855841
0.6293799343564269,0.018078664258031105
0.6294242881220615,0.0180859612775038
0.6294686418876962,0.018093258296976493
0.629512995653331,0.018100555316449184
0.6295573494189657,0.018107852335921878
0.6296017031846004,0.018115149355394572
0.6296460569502351,0.018122446374867266
0.6296904107158698,0.01812974339433996
0.6297347644815044,0.01813704041381265
0.6297791182471392,0.018144337433285345
0.6298234720127739,0.01815163445275804
0.6298678257784086,0.018158931472230733
0.6299121795440433,0.018166228491703428
0.629956533309678,0.018173525511176118
0.6300008870753127,0.018180822530648812
0.6300452408409474,0.018188119550121506
0.6300895946065821,0.0181954165695942
0.6301339483722168,0.018202713589066895
0.6301783021378515,0.01821001060853959
0.6302226559034863,0.018217324212147445
0.630267009669121,0.018224637815755305
0.6303113634347556,0.018231984587633497
0.6303557172003903,0.018239337993165752
0.630400070966025,0.018246701349179103
0.6304444247316597,0.018254081289327623
0.6304887784972945,0.018261461229476143
0.6305331322629292,0.018268841169624662
0.6305774860285638,0.018276221109773182
0.6306218397941985,0.018283601049921702
0.6306661935598332,0.018290980990070222
0.6307105473254679,0.018298360930218742
0.6307549010911027,0.018305740870367262
0.6307992548567374,0.01831312081051578
0.6308436086223721,0.018320500750664298
0.6308879623880067,0.018327880690812818
0.6309323161536414,0.018335260630961338
0.6309766699192761,0.018342640571109858
0.6310210236849109,0.018350020511258378
0.6310653774505456,0.018357410401887996
0.6311097312161803,0.018364840094442014
0.6311540849818149,0.01837230295526636
0.6311984387474496,0.018379765816090705
0.6312427925130843,0.01838722867691505
0.6312871462787191,0.018394691537739396
0.6313315000443538,0.01840215439856374
0.6313758538099885,0.018409617259388087
0.6314202075756232,0.018417080120212433
0.6314645613412578,0.018424542981036778
0.6315089151068926,0.018432005841861124
0.6315532688725273,0.01843946870268547
0.631597622638162,0.018446931563509815
0.6316419764037967,0.01845439442433416
0.6316863301694314,0.018461857285158506
0.6317306839350662,0.01846932014598285
0.6317750377007008,0.018476783006807197
0.6318193914663355,0.018484245867631543
0.6318637452319702,0.01849170872845589
0.6319080989976049,0.018499171589280234
0.6319524527632396,0.01850663445010458
0.6319968065288744,0.018514097310928925
0.632041160294509,0.01852156017175327
0.6320855140601437,0.018529023032577616
0.6321298678257784,0.018536485893401962
0.6321742215914131,0.018543948754226307
0.6322185753570478,0.018551411615050653
0.6322629291226826,0.018558874475875
0.6323072828883173,0.018566337336699344
0.6323516366539519,0.01857380019752369
0.6323959904195866,0.018581263058348035
0.6324403441852213,0.01858872591917238
0.632484697950856,0.018596188779996727
0.6325290517164908,0.018603651640821072
0.6325734054821255,0.018611114501645418
0.6326177592477601,0.018618630431702293
0.6326621130133948,0.018626166262721365
0.6327064667790295,0.018633712044221536
0.6327508205446642,0.018641257825721708
0.632795174310299,0.018648803607221882
0.6328395280759337,0.018656349388722054
0.6328838818415684,0.018663895170222225
0.632928235607203,0.018671440951722396
0.6329725893728377,0.018678986733222568
0.6330169431384725,0.01868653251472274
0.6330612969041072,0.01869407829622291
0.6331056506697419,0.01870162407772308
0.6331500044353766,0.018709169859223253
0.6331943582010112,0.018716715640723424
0.6332387119666459,0.0187242614222236
0.6332830657322807,0.01873180720372377
0.6333274194979154,0.01873935298522394
0.6333717732635501,0.01874694188547554
0.6334161270291848,0.01875453741938121
0.6334604807948195,0.018762166121557206
0.6335048345604541,0.018769794823733206
0.6335491883260889,0.018777423525909203
0.6335935420917236,0.0187850522280852
0.6336378958573583,0.018792680930261197
0.633682249622993,0.018800309632437194
0.6337266033886277,0.018807938334613195
0.6337709571542625,0.01881556703678919
0.6338153109198971,0.01882319573896519
0.6338596646855318,0.018830824441141186
0.6339040184511665,0.018838453143317183
0.6339483722168012,0.018846081845493183
0.633992725982436,0.01885371054766918
0.6340370797480707,0.018861339249845177
0.6340814335137053,0.018868967952021174
0.63412578727934,0.018876596654197175
0.6341701410449747,0.01888422535637317
0.6342144948106094,0.01889185405854917
0.6342588485762441,0.018899482760725166
0.6343032023418789,0.018907111462901163
0.6343475561075136,0.018914740165077163
0.6343919098731482,0.01892236886725316
0.6344362636387829,0.018929997569429157
0.6344806174044176,0.018937626271605154
0.6345249711700524,0.01894525497378115
0.6345693249356871,0.01895288367595715
0.6346136787013218,0.01896051237813315
0.6346580324669564,0.018968141080309146
0.6347023862325911,0.018975769782485143
0.6347467399982258,0.01898339848466114
0.6347910937638606,0.01899102718683714
0.6348354475294953,0.018998655889013137
0.63487980129513,0.019006284591189134
0.6349241550607647,0.01901391329336513
0.6349685088263993,0.01902154199554113
0.635012862592034,0.01902917069771713
0.6350572163576688,0.019036799399893126
0.6351015701233035,0.019044428102069123
0.6351459238889382,0.01905205680424512
0.6351902776545729,0.01905968550642112
0.6352346314202076,0.019067314208597117
0.6352789851858422,0.019074976079043442
0.635323338951477,0.01908263794948977
0.6353676927171117,0.019090349572341597
0.6354120464827464,0.01909806119519342
0.6354564002483811,0.019105772818045243
0.6355007540140158,0.019113484440897065
0.6355451077796505,0.01912119606374889
0.6355894615452852,0.019128907686600714
0.6356338153109199,0.019136619309452537
0.6356781690765546,0.019144330932304363
0.6357225228421893,0.019152042555156186
0.635766876607824,0.01915975417800801
0.6358112303734588,0.019167465800859835
0.6358555841390934,0.019175177423711658
0.6358999379047281,0.019182912264352713
0.6359442916703628,0.019190657055474868
0.6359886454359975,0.01919840848025109
0.6360329992016323,0.019206169855508406
0.636077352967267,0.019213931230765726
0.6361217067329016,0.019221725774293378
0.6361660604985363,0.019229520317821026
0.636210414264171,0.01923731486134868
0.6362547680298057,0.019245109404876327
0.6362991217954405,0.019252903948403975
0.6363434755610752,0.019260698491931627
0.6363878293267099,0.019268493035459276
0.6364321830923445,0.019276287578986927
0.6364765368579792,0.019284082122514576
0.6365208906236139,0.019291876666042224
0.6365652443892487,0.019299671209569876
0.6366095981548834,0.019307465753097525
0.6366539519205181,0.019315260296625177
0.6366983056861527,0.019323054840152825
0.6367426594517874,0.019330849383680473
0.6367870132174221,0.019338643927208125
0.6368313669830569,0.019346438470735774
0.6368757207486916,0.019354233014263426
0.6369200745143263,0.019362027557791074
0.636964428279961,0.019369822101318726
0.6370087820455956,0.019377616644846374
0.6370531358112304,0.019385411188374023
0.6370974895768651,0.019393205731901675
0.6371418433424998,0.019401000275429323
0.6371861971081345,0.019408794818956975
0.6372305508737692,0.019416589362484624
0.637274904639404,0.019424383906012272
0.6373192584050386,0.019432178449539924
0.6373636121706733,0.019439972993067572
0.637407965936308,0.019447767536595224
0.6374523197019427,0.019455562080122873
0.6374966734675774,0.01946337320778569
0.6375410272332122,0.019471184335448505
0.6375853809988468,0.019479061799651982
0.6376297347644815,0.019486939263855457
0.6376740885301162,0.019494816728058934
0.6377184422957509,0.01950269419226241
0.6377627960613856,0.019510571656465886
0.6378071498270204,0.01951844912066936
0.6378515035926551,0.019526326584872838
0.6378958573582897,0.019534204049076312
0.6379402111239244,0.01954208151327979
0.6379845648895591,0.019549958977483264
0.6380289186551938,0.01955783644168674
0.6380732724208286,0.019565713905890215
0.6381176261864633,0.019573591370093693
0.6381619799520979,0.019581468834297167
0.6382063337177326,0.01958936288263581
0.6382506874833673,0.01959725693097445
0.638295041249002,0.019605204048545623
0.6383393950146368,0.01961315779977086
0.6383837487802715,0.01962111818465016
0.6384281025459062,0.019629078569529463
0.6384724563115408,0.019637038954408766
0.6385168100771755,0.019644999339288066
0.6385611638428103,0.01965295972416737
0.638605517608445,0.01966092010904667
0.6386498713740797,0.019668880493925973
0.6386942251397144,0.019676840878805276
0.638738578905349,0.019684801263684576
0.6387829326709837,0.01969276164856388
0.6388272864366185,0.01970072203344318
0.6388716402022532,0.019708682418322482
0.6389159939678879,0.019716642803201786
0.6389603477335226,0.019724603188081086
0.6390047014991573,0.01973256357296039
0.6390490552647919,0.019740523957839692
0.6390934090304267,0.019748484342718992
0.6391377627960614,0.019756444727598296
0.6391821165616961,0.019764405112477595
0.6392264703273308,0.0197723654973569
0.6392708240929655,0.019780325882236202
0.6393151778586003,0.019788286267115502
0.6393595316242349,0.019796246651994805
0.6394038853898696,0.019804207036874105
0.6394482391555043,0.01981216742175341
0.639492592921139,0.019820127806632712
0.6395369466867737,0.019828088191512012
0.6395813004524085,0.019836048576391315
0.6396256542180431,0.019844008961270615
0.6396700079836778,0.01985196934614992
0.6397143617493125,0.01985992973102922
0.6397587155149472,0.01986789011590852
0.639803069280582,0.019875850500787825
0.6398474230462167,0.019883810885667128
0.6398917768118514,0.019891771270546428
0.639936130577486,0.01989973165542573
0.6399804843431207,0.01990769204030503
0.6400248381087554,0.019915652425184335
0.6400691918743902,0.019923612810063638
0.6401135456400249,0.019931573194942938
0.6401578994056596,0.01993953357982224
0.6402022531712942,0.01994749396470154
0.6402466069369289,0.019955454349580844
0.6402909607025636,0.019963414734460148
0.6403353144681984,0.019971378436166483
0.6403796682338331,0.019979391890278315
0.6404240219994678,0.01998743519583344
0.6404683757651025,0.01999547850138857
0.6405127295307371,0.0200035218069437
0.6405570832963718,0.020011565112498825
0.6406014370620066,0.020019608418053954
0.6406457908276413,0.020027651723609083
0.640690144593276,0.020035695029164212
0.6407344983589107,0.020043738334719337
0.6407788521245453,0.020051781640274467
0.64082320589018,0.020059824945829596
0.6408675596558148,0.02006787820186582
0.6409119134214495,0.02007595467569128
0.6409562671870842,0.020084031149516738
0.6410006209527189,0.02009211094016923
0.6410449747183536,0.020100207314956885
0.6410893284839883,0.020108307006571575
0.641133682249623,0.02011643323280253
0.6411780360152577,0.020124559459033485
0.6412223897808924,0.02013268568526444
0.6412667435465271,0.02014081191149539
0.6413110973121618,0.020148938137726346
0.6413554510777966,0.0201570643639573
0.6413998048434312,0.020165190590188255
0.6414441586090659,0.02017331681641921
0.6414885123747006,0.02018144304265016
0.6415328661403353,0.020189569268881116
0.64157721990597,0.02019769549511207
0.6416215736716048,0.020205821721343026
0.6416659274372394,0.02021394794757398
0.6417102812028741,0.020222074173804935
0.6417546349685088,0.020230200400035887
0.6417989887341435,0.02023832662626684
0.6418433424997783,0.020246452852497796
0.641887696265413,0.02025457907872875
0.6419320500310477,0.020262705304959706
0.6419764037966823,0.020270831531190657
0.642020757562317,0.020278957757421612
0.6420651113279517,0.020287083983652567
0.6421094650935865,0.02029521020988352
0.6421538188592212,0.020303336436114476
0.6421981726248559,0.02031147592965356
0.6422425263904905,0.020319635324154844
0.6422868801561252,0.020327798035483163
0.64233123392176,0.02033598064777368
0.6423755876873947,0.020344176527372325
0.6424199414530294,0.020352385674279105
0.6424642952186641,0.020360594821185886
0.6425086489842988,0.020368803968092666
0.6425530027499334,0.020377013114999447
0.6425973565155682,0.020385222261906227
0.6426417102812029,0.020393431408813008
0.6426860640468376,0.02040164055571979
0.6427304178124723,0.02040984970262657
0.642774771578107,0.02041805884953335
0.6428191253437417,0.020426267996440126
0.6428634791093764,0.020434477143346907
0.6429078328750111,0.020442686290253687
0.6429521866406458,0.020450895437160468
0.6429965404062805,0.020459104584067248
0.6430408941719152,0.02046731373097403
0.64308524793755,0.02047552287788081
0.6431296017031846,0.02048373202478759
0.6431739554688193,0.02049194117169437
0.643218309234454,0.02050015031860115
0.6432626630000887,0.02050835946550793
0.6433070167657234,0.02051656861241471
0.6433513705313582,0.020524804293937757
0.6433957242969929,0.020533046609114865
0.6434400780626275,0.020541288924291974
0.6434844318282622,0.020549534556296118
0.6435287855938969,0.020557793455608396
0.6435731393595316,0.02056605235492067
0.6436174931251664,0.020574344422503277
0.6436618468908011,0.020582636490085883
0.6437062006564357,0.02059092855766849
0.6437505544220704,0.020599220625251095
0.6437949081877051,0.0206075126928337
0.6438392619533398,0.020615804760416308
0.6438836157189746,0.020624096827998914
0.6439279694846093,0.02063238889558152
0.643972323250244,0.020640680963164126
0.6440166770158786,0.020648973030746733
0.6440610307815133,0.02065726509832934
0.644105384547148,0.020665557165911945
0.6441497383127828,0.02067384923349455
0.6441940920784175,0.020682141301077157
0.6442384458440522,0.020690433368659767
0.6442827996096868,0.020698725436242373
0.6443271533753215,0.02070701750382498
0.6443715071409563,0.020715309571407586
0.644415860906591,0.020723601638990192
0.6444602146722257,0.020731893706572798
0.6445045684378604,0.020740185774155404
0.6445489222034951,0.02074847784173801
0.6445932759691297,0.020756769909320617
0.6446376297347645,0.020765061976903223
0.6446819835003992,0.02077335404448583
0.6447263372660339,0.020781646112068435
0.6447706910316686,0.02078993817965104
0.6448150447973033,0.020798230247233648
0.6448593985629381,0.020806522314816254
0.6449037523285727,0.02081481438239886
0.6449481060942074,0.020823106449981466
0.6449924598598421,0.020831398517564072
0.6450368136254768,0.02083969058514668
0.6450811673911115,0.020847982652729285
0.6451255211567463,0.02085627472031189
0.6451698749223809,0.020864566787894497
0.6452142286880156,0.020872858855477103
0.6452585824536503,0.020881233843735535
0.645302936219285,0.020889608831993967
0.6453472899849197,0.0208979838202524
0.6453916437505545,0.02090635880851083
0.6454359975161892,0.020914733796769263
0.6454803512818238,0.020923108785027695
0.6455247050474585,0.02093148377328613
0.6455690588130932,0.020939858761544562
0.645613412578728,0.020948233749802994
0.6456577663443627,0.020956608738061426
0.6457021201099974,0.020964983726319858
0.645746473875632,0.02097335871457829
0.6457908276412667,0.020981733702836722
0.6458351814069014,0.020990108691095154
0.6458795351725362,0.020998483679353586
0.6459238889381709,0.021006941588287847
0.6459682427038056,0.021015399497222104
0.6460125964694403,0.021023857406156362
0.6460569502350749,0.02103231531509062
0.6461013040007096,0.02104077322402488
0.6461456577663444,0.02104923113295914
0.6461900115319791,0.021057689041893396
0.6462343652976138,0.021066146950827654
0.6462787190632485,0.02107460485976191
0.6463230728288831,0.021083062768696172
0.6463674265945178,0.02109152067763043
0.6464117803601526,0.021099978586564688
0.6464561341257873,0.021108436495498945
0.646500487891422,0.021116894404433203
0.6465448416570567,0.021125352313367464
0.6465891954226914,0.02113381022230172
0.646633549188326,0.02114226813123598
0.6466779029539608,0.021150726040170237
0.6467222567195955,0.021159183949104494
0.6467666104852302,0.021167641858038756
0.6468109642508649,0.021176099766973013
0.6468553180164996,0.02118455767590727
0.6468996717821344,0.02119301558484153
0.646944025547769,0.02120147349377579
0.6469883793134037,0.021209931402710047
0.6470327330790384,0.021218389311644305
0.6470770868446731,0.021226847220578562
0.6471214406103079,0.02123530512951282
0.6471657943759426,0.021243779622582247
0.6472101481415772,0.02125225411565167
0.6472545019072119,0.021260761776991426
0.6472988556728466,0.02126930260660151
0.6473432094384813,0.021277843436211592
0.6473875632041161,0.02128638426582168
0.6474319169697508,0.021294925095431762
0.6474762707353855,0.021303465925041846
0.6475206245010201,0.021312006754651933
0.6475649782666548,0.021320547584262016
0.6476093320322895,0.021329158067239794
0.6476536857979243,0.021337781817525703
0.647698039563559,0.021346405567811616
0.6477423933291937,0.021355029318097525
0.6477867470948283,0.021363653068383438
0.647831100860463,0.021372276818669347
0.6478754546260977,0.021380900568955256
0.6479198083917325,0.021389524319241168
0.6479641621573672,0.021398148069527077
0.6480085159230019,0.02140677181981299
0.6480528696886366,0.0214153955700989
0.6480972234542712,0.021424019320384808
0.648141577219906,0.02143264307067072
0.6481859309855407,0.02144126682095663
0.6482302847511754,0.021449890571242542
0.6482746385168101,0.02145851432152845
0.6483189922824448,0.02146713807181436
0.6483633460480795,0.021475761822100273
0.6484076998137142,0.021484385572386182
0.6484520535793489,0.021493009322672094
0.6484964073449836,0.021501633072958003
0.6485407611106183,0.021510256823243916
0.648585114876253,0.021518880573529825
0.6486294686418878,0.021527504323815734
0.6486738224075224,0.021536128074101647
0.6487181761731571,0.021544751824387556
0.6487625299387918,0.021553375574673468
0.6488068837044265,0.021561999324959377
0.6488512374700612,0.021570623075245286
0.648895591235696,0.0215792468255312
0.6489399450013307,0.02158790374408744
0.6489842987669653,0.021596610415049174
0.6490286525326,0.021605317086010913
0.6490730062982347,0.021614023756972647
0.6491173600638694,0.021622730427934386
0.6491617138295042,0.02163143709889612
0.6492060675951389,0.02164014376985786
0.6492504213607735,0.021648850440819593
0.6492947751264082,0.02165755711178133
0.6493391288920429,0.021666263782743066
0.6493834826576776,0.021674970453704805
0.6494278364233124,0.02168371029293687
0.6494721901889471,0.0216924965677474
0.6495165439545818,0.021701286159384964
0.6495608977202164,0.021710075751022524
0.6496052514858511,0.021718865342660088
0.6496496052514859,0.02172765493429765
0.6496939590171206,0.021736444525935213
0.6497383127827553,0.021745234117572773
0.64978266654839,0.021754023709210337
0.6498270203140246,0.021762813300847898
0.6498713740796593,0.02177160289248546
0.6499157278452941,0.021780392484123022
0.6499600816109288,0.021789182075760586
0.6500044353765635,0.02179797166739815
0.6500487891421982,0.02180676125903571
0.6500931429078329,0.021815550850673274
0.6501374966734675,0.021824340442310835
0.6501818504391023,0.0218331300339484
0.650226204204737,0.021841919625585963
0.6502705579703717,0.021850709217223523
0.6503149117360064,0.021859498808861087
0.6503592655016411,0.021868288400498648
0.6504036192672759,0.02187707799213621
0.6504479730329105,0.021885867583773776
0.6504923267985452,0.021894657175411336
0.6505366805641799,0.0219034467670489
0.6505810343298146,0.021912236358686464
0.6506253880954493,0.021921029267151056
0.6506697418610841,0.02192982880926972
0.6507140956267187,0.021938644935523544
0.6507584493923534,0.02194746769543144
0.6508028031579881,0.021956290455339336
0.6508471569236228,0.021965116532074263
0.6508915106892575,0.02197396914342545
0.6509358644548923,0.02198284165573884
0.650980218220527,0.02199171416805223
0.6510245719861616,0.022000586680365617
0.6510689257517963,0.022009459192679007
0.651113279517431,0.022018331704992396
0.6511576332830658,0.022027204217305786
0.6512019870487005,0.022036076729619172
0.6512463408143352,0.022044949241932562
0.6512906945799698,0.022053838338381117
0.6513350483456045,0.022062793771370333
0.6513794021112392,0.022071749204359545
0.651423755876874,0.02208070463734876
0.6514681096425087,0.022089660070337976
0.6515124634081434,0.02209861550332719
0.6515568171737781,0.022107570936316406
0.6516011709394127,0.022116526369305622
0.6516455247050474,0.022125481802294834
0.6516898784706822,0.02213443723528405
0.6517342322363169,0.022143392668273264
0.6517785860019516,0.02215234810126248
0.6518229397675863,0.022161303534251695
0.6518672935332209,0.022170258967240907
0.6519116472988556,0.022179214400230123
0.6519560010644904,0.022188169833219338
0.6520003548301251,0.022197125266208553
0.6520447085957598,0.02220608069919777
0.6520890623613945,0.02221503613218698
0.6521334161270292,0.022223991565176196
0.6521777698926639,0.02223294699816541
0.6522221236582986,0.022241902431154627
0.6522664774239333,0.022250857864143842
0.652310831189568,0.022259813297133058
0.6523551849552027,0.02226876873012227
0.6523995387208374,0.022277724163111485
0.6524438924864722,0.0222866795961007
0.6524882462521068,0.02229566156370618
0.6525326000177415,0.022304670065927925
0.6525769537833762,0.022313698469111867
0.6526213075490109,0.02232273682277691
0.6526656613146457,0.02233177517644195
0.6527100150802804,0.02234081353010699
0.652754368845915,0.022349851883772028
0.6527987226115497,0.02235889023743707
0.6528430763771844,0.02236792859110211
0.6528874301428191,0.02237696694476715
0.6529317839084539,0.022386005298432193
0.6529761376740886,0.022395043652097234
0.6530204914397233,0.02240409858989744
0.6530648452053579,0.022413163478178746
0.6531091989709926,0.022422231683287084
0.6531535527366273,0.02243131978935762
0.6531979065022621,0.02244040789542815
0.6532422602678968,0.022449505951979785
0.6532866140335315,0.022458620592666585
0.6533309677991661,0.022467735233353384
0.6533753215648008,0.02247685650769425
0.6534196753304355,0.022485977782035118
0.6534640290960703,0.022495099056375985
0.653508382861705,0.02250422033071685
0.6535527366273397,0.02251334160505772
0.6535970903929744,0.022522462879398585
0.653641444158609,0.022531584153739452
0.6536857979242437,0.02254070542808032
0.6537301516898785,0.022549826702421186
0.6537745054555132,0.022558947976762053
0.6538188592211479,0.02256806925110292
0.6538632129867826,0.022577190525443786
0.6539075667524172,0.022586311799784653
0.653951920518052,0.02259543307412552
0.6539962742836867,0.022604554348466387
0.6540406280493214,0.022613675622807253
0.6540849818149561,0.02262279689714812
0.6541293355805908,0.022631918171488987
0.6541736893462256,0.022641039445829854
0.6542180431118602,0.02265016072017072
0.6542623968774949,0.022659281994511588
0.6543067506431296,0.02266843643712279
0.6543511044087643,0.022677597513388048
0.654395458174399,0.022686801708404744
0.6544398119400338,0.022696005903421437
0.6544841657056685,0.02270521009843813
0.6545285194713031,0.02271441429345482
0.6545728732369378,0.022723618488471514
0.6546172270025725,0.022732822683488207
0.6546615807682072,0.0227420268785049
0.654705934533842,0.022751231073521592
0.6547502882994767,0.022760435268538288
0.6547946420651113,0.02276963946355498
0.654838995830746,0.022778843658571673
0.6548833495963807,0.022788057804069464
0.6549277033620154,0.02279729516735649
0.6549720571276502,0.022806582283049007
0.6550164108932849,0.02281586939874153
0.6550607646589196,0.022825156514434047
0.6551051184245542,0.022834443630126565
0.6551494721901889,0.022843730745819083
0.6551938259558236,0.0228530178615116
0.6552381797214584,0.022862304977204123
0.6552825334870931,0.02287159209289664
0.6553268872527278,0.02288087920858916
0.6553712410183624,0.022890166324281678
0.6554155947839971,0.022899453439974196
0.6554599485496319,0.022908740555666718
0.6555043023152666,0.022918027671359236
0.6555486560809013,0.022927314787051754
0.655593009846536,0.022936601902744273
0.6556373636121707,0.022945889018436794
0.6556817173778053,0.022955176134129313
0.6557260711434401,0.02296446324982183
0.6557704249090748,0.02297375036551435
0.6558147786747095,0.022983037481206867
0.6558591324403442,0.02299232459689939
0.6559034862059789,0.023001611712591907
0.6559478399716137,0.023010898828284426
0.6559921937372483,0.023020185943976944
0.656036547502883,0.023029473059669462
0.6560809012685177,0.023038760175361984
0.6561252550341524,0.023048047291054502
0.6561696087997871,0.02305733440674702
0.6562139625654219,0.02306662152243954
0.6562583163310565,0.02307590863813206
0.6563026700966912,0.02308519575382458
0.6563470238623259,0.023094482869517097
0.6563913776279606,0.023103769985209615
0.6564357313935953,0.023113057100902133
0.6564800851592301,0.023122344216594655
0.6565244389248648,0.023131631332287173
0.6565687926904994,0.02314091844797969
0.6566131464561341,0.02315020556367221
0.6566575002217688,0.023159492679364728
0.6567018539874035,0.023168842814770878
0.6567462077530383,0.02317821285113922
0.656790561518673,0.023187582887507566
0.6568349152843076,0.023196952923875913
0.6568792690499423,0.023206322960244257
0.656923622815577,0.0232156929966126
0.6569679765812118,0.02322506303298095
0.6570123303468465,0.023234433069349292
0.6570566841124812,0.023243803105717636
0.6571010378781159,0.023253173142085984
0.6571453916437505,0.023262543178454328
0.6571897454093852,0.023271913214822672
0.65723409917502,0.02328128325119102
0.6572784529406547,0.023290653287559363
0.6573228067062894,0.023300053175371004
0.6573671604719241,0.023309506132415177
0.6574115142375587,0.023318959089459346
0.6574558680031934,0.023328412046503516
0.6575002217688282,0.02333786500354769
0.6575445755344629,0.02334731796059186
0.6575889293000976,0.023356770917636032
0.6576332830657323,0.0233662238746802
0.657677636831367,0.02337567683172437
0.6577219905970016,0.023385129788768545
0.6577663443626364,0.023394582745812714
0.6578106981282711,0.023404035702856887
0.6578550518939058,0.023413488659901057
0.6578994056595405,0.02342294161694523
0.6579437594251752,0.0234323945739894
0.65798811319081,0.02344184753103357
0.6580324669564446,0.023451300488077743
0.6580768207220793,0.023460753445121912
0.658121174487714,0.023470206402166086
0.6581655282533487,0.023479659359210255
0.6582098820189834,0.023489112316254425
0.6582542357846182,0.023498565273298598
0.6582985895502528,0.023508018230342768
0.6583429433158875,0.02351747118738694
0.6583872970815222,0.02352692414443111
0.6584316508471569,0.02353637710147528
0.6584760046127917,0.023545830058519453
0.6585203583784264,0.023555283015563623
0.6585647121440611,0.023564735972607796
0.6586090659096957,0.023574188929651966
0.6586534196753304,0.023583658470831305
0.6586977734409651,0.02359314127931877
0.6587421272065999,0.023602627404633276
0.6587864809722346,0.023612113529947777
0.6588308347378693,0.023621612922570413
0.6588751885035039,0.023631115632020076
0.6589195422691386,0.02364061834146974
0.6589638960347733,0.023650124367746442
0.6590082498004081,0.023659637027677205
0.6590526035660428,0.023669156321262038
0.6590969573316775,0.023678692198982033
0.6591413110973122,0.023688228076702032
0.6591856648629468,0.023697763954422028
0.6592300186285815,0.023707299832142027
0.6592743723942163,0.023716835709862022
0.659318726159851,0.02372637158758202
0.6593630799254857,0.023735907465302016
0.6594074336911204,0.023745443343022015
0.659451787456755,0.02375497922074201
0.6594961412223898,0.023764564850867503
0.6595404949880245,0.02377416706512816
0.6595848487536592,0.023783775913042884
0.6596292025192939,0.02379338807778464
0.6596735562849286,0.023803006876180463
0.6597179100505633,0.023812625674576284
0.659762263816198,0.02382224447297211
0.6598066175818327,0.023831863271367933
0.6598509713474674,0.023841482069763754
0.6598953251131021,0.02385110086815958
0.6599396788787368,0.023860719666555404
0.6599840326443716,0.023870338464951225
0.6600283864100063,0.02387995726334705
0.6600727401756409,0.02388957606174287
0.6601170939412756,0.023899194860138695
0.6601614477069103,0.02390881365853452
0.660205801472545,0.02391843245693034
0.6602501552381798,0.023928051255326165
0.6602945090038145,0.023937670053721986
0.6603388627694491,0.02394728885211781
0.6603832165350838,0.023956907650513636
0.6604275703007185,0.023966526448909457
0.6604719240663532,0.02397614524730528
0.660516277831988,0.023985764045701106
0.6605606315976227,0.023995382844096927
0.6606049853632574,0.02400500164249275
0.660649339128892,0.024014620440888573
0.6606936928945267,0.024024239239284397
0.6607380466601614,0.024033858037680222
0.6607824004257962,0.024043476836076043
0.6608267541914309,0.024053095634471867
0.6608711079570656,0.02406271443286769
0.6609154617227002,0.024072333231263513
0.6609598154883349,0.024081952029659338
0.6610041692539697,0.02409157082805516
0.6610485230196044,0.024101189626450983
0.6610928767852391,0.024110808424846808
0.6611372305508738,0.02412042722324263
0.6611815843165085,0.024130046021638454
0.6612259380821431,0.024139664820034275
0.6612702918477779,0.0241492836184301
0.6613146456134126,0.024158902416825924
0.6613589993790473,0.024168521215221745
0.661403353144682,0.02417814001361757
0.6614477069103167,0.02418775881201339
0.6614920606759513,0.024197377610409215
0.6615364144415861,0.02420699640880504
0.6615807682072208,0.02421661520720086
0.6616251219728555,0.024226234005596686
0.6616694757384902,0.024235862754473605
0.6617138295041249,0.024245514721139762
0.6617581832697597,0.024255186588768116
0.6618025370353943,0.0242648617732235
0.661846890801029,0.024274546908159982
0.6618912445666637,0.024284248627231633
0.6619355983322984,0.024293950346303283
0.6619799520979331,0.02430365206537493
0.6620243058635679,0.02431335378444658
0.6620686596292026,0.02432305550351823
0.6621130133948372,0.02433275722258988
0.6621573671604719,0.024342458941661527
0.6622017209261066,0.024352160660733178
0.6622460746917413,0.024361862379804828
0.6622904284573761,0.024371600583973838
0.6623347822230108,0.02438134873862395
0.6623791359886454,0.024391100210101095
0.6624234897542801,0.02440088484984857
0.6624678435199148,0.024410669489596044
0.6625121972855496,0.02442045412934352
0.6625565510511843,0.024430238769090996
0.662600904816819,0.02444002340883847
0.6626452585824537,0.024449808048585948
0.6626896123480883,0.024459592688333424
0.662733966113723,0.024469377328080896
0.6627783198793578,0.024479161967828372
0.6628226736449925,0.02448894660757585
0.6628670274106272,0.024498731247323324
0.6629113811762619,0.0245085158870708
0.6629557349418965,0.024518300526818273
0.6630000887075312,0.02452808516656575
0.663044442473166,0.024537869806313225
0.6630887962388007,0.0245476544460607
0.6631331500044354,0.024557439085808177
0.6631775037700701,0.024567223725555653
0.6632218575357048,0.024577008365303125
0.6632662113013394,0.0245868129060128
0.6633105650669742,0.024596620763549508
0.6633549188326089,0.024606438571567316
0.6633992725982436,0.024616256379585123
0.6634436263638783,0.024626090771738093
0.663487980129513,0.024635925163891063
0.6635323338951478,0.024645792724314365
0.6635766876607824,0.024655660284737663
0.6636210414264171,0.024665527845160965
0.6636653951920518,0.024675395405584267
0.6637097489576865,0.02468526296600757
0.6637541027233212,0.02469513052643087
0.663798456488956,0.024704998086854172
0.6638428102545906,0.024714865647277474
0.6638871640202253,0.024724786276933305
0.66393151778586,0.024734710223416168
0.6639758715514947,0.024744660704515295
0.6640202253171295,0.024754611185614422
0.6640645790827642,0.02476456166671355
0.6641089328483989,0.024774512147812677
0.6641532866140335,0.024784462628911805
0.6641976403796682,0.024794413110010932
0.6642419941453029,0.02480436359111006
0.6642863479109377,0.024814314072209187
0.6643307016765724,0.024824264553308314
0.6643750554422071,0.024834215034407442
0.6644194092078417,0.02484416551550657
0.6644637629734764,0.024854115996605697
0.6645081167391111,0.024864066477704824
0.6645524705047459,0.02487401695880395
0.6645968242703806,0.02488396743990308
0.6646411780360153,0.024893917921002207
0.66468553180165,0.024903868402101334
0.6647298855672846,0.02491381888320046
0.6647742393329193,0.02492376936429959
0.6648185930985541,0.024933719845398716
0.6648629468641888,0.024943670326497844
0.6649073006298235,0.02495362080759697
0.6649516543954582,0.0249635712886961
0.6649960081610928,0.024973521769795226
0.6650403619267276,0.024983472250894354
0.6650847156923623,0.02499342273199348
0.665129069457997,0.02500337321309261
0.6651734232236317,0.025013323694191736
0.6652177769892664,0.02502329407625306
0.6652621307549011,0.025033271091968453
0.6653064845205358,0.025043248107683845
0.6653508382861705,0.025053231757053308
0.6653951920518052,0.025063235307384964
0.6654395458174399,0.025073242174543653
0.6654838995830746,0.02508326894266454
0.6655282533487094,0.025093302344439492
0.6655726071143441,0.025103335746214445
0.6656169608799787,0.0251133691479894
0.6656613146456134,0.02512340254976435
0.6657056684112481,0.025133435951539305
0.6657500221768828,0.02514346935331426
0.6657943759425176,0.025153502755089215
0.6658387297081523,0.025163536156864168
0.6658830834737869,0.02517356955863912
0.6659274372394216,0.025183602960414074
0.6659717910050563,0.025193636362189027
0.666016144770691,0.02520366976396398
0.6660604985363258,0.025213703165738933
0.6661048523019605,0.025223736567513887
0.6661492060675952,0.025233769969288843
0.6661935598332298,0.02524383985616116
0.6662379135988645,0.02525394622813084
0.6662822673644992,0.02526406255058162
0.666326621130134,0.025274178873032398
0.6663709748957687,0.02528429519548318
0.6664153286614034,0.02529441151793396
0.666459682427038,0.025304527840384738
0.6665040361926727,0.025314644162835517
0.6665483899583075,0.0253247604852863
0.6665927437239422,0.025334876807737078
0.6666370974895769,0.025344993130187857
0.6666814512552116,0.025355109452638636
0.6667258050208463,0.025365225775089414
0.6667701587864809,0.025375342097540197
0.6668145125521157,0.025385458419990976
0.6668588663177504,0.025395574742441755
0.6669032200833851,0.025405691064892533
0.6669475738490198,0.025415807387343312
0.6669919276146545,0.025425923709794095
0.6670362813802891,0.025436040032244873
0.6670806351459239,0.025446156354695652
0.6671249889115586,0.02545627267714643
0.6671693426771933,0.025466388999597214
0.667213696442828,0.025476505322047992
0.6672580502084627,0.02548662164449877
0.6673024039740975,0.02549673796694955
0.6673467577397321,0.02550685428940033
0.6673911115053668,0.02551697061185111
0.6674354652710015,0.02552708693430189
0.6674798190366362,0.02553720325675267
0.6675241728022709,0.025547319579203448
0.6675685265679057,0.025557435901654227
0.6676128803335404,0.02556755222410501
0.667657234099175,0.025577668546555788
0.6677015878648097,0.025587784869006567
0.6677459416304444,0.025597904508284378
0.6677902953960791,0.02560806063265955
0.6678346491617139,0.025618243291650994
0.6678790029273486,0.025628429267469468
0.6679233566929832,0.025638618560114974
0.6679677104586179,0.02564881780324158
0.6680120642242526,0.025659017046368186
0.6680564179898874,0.02566921628949479
0.6681007717555221,0.0256794155326214
0.6681451255211568,0.025689614775748004
0.6681894792867915,0.025699814018874608
0.6682338330524261,0.025710013262001216
0.6682781868180608,0.02572021250512782
0.6683225405836956,0.025730411748254425
0.6683668943493303,0.02574061099138103
0.668411248114965,0.025750810234507638
0.6684556018805997,0.02576102606176941
0.6684999556462343,0.025771308225571842
0.668544309411869,0.025781590389374272
0.6685886631775038,0.025791872553176703
0.6686330169431385,0.025802154716979137
0.6686773707087732,0.025812436880781567
0.6687217244744079,0.025822719044584
0.6687660782400426,0.02583300120838643
0.6688104320056772,0.025843283372188865
0.668854785771312,0.025853565535991295
0.6688991395369467,0.025863847699793725
0.6689434933025814,0.02587412986359616
0.6689878470682161,0.02588441202739859
0.6690322008338508,0.025894694191201023
0.6690765545994855,0.025904976355003453
0.6691209083651202,0.025915258518805884
0.6691652621307549,0.025925540682608317
0.6692096158963896,0.025935822846410748
0.6692539696620243,0.02594610501021318
0.669298323427659,0.025956387174015612
0.6693426771932938,0.025966669337818042
0.6693870309589284,0.025976951501620476
0.6694313847245631,0.025987250249558072
0.6694757384901978,0.025997578848938968
0.6695200922558325,0.026007910765146892
0.6695644460214673,0.026018259265489986
0.669608799787102,0.026028624349968242
0.6696531535527367,0.0260389894344465
0.6696975073183713,0.026049354518924758
0.669741861084006,0.026059719603403017
0.6697862148496407,0.026070084687881273
0.6698305686152755,0.026080449772359533
0.6698749223809102,0.02609081485683779
0.6699192761465449,0.026101179941316048
0.6699636299121795,0.026111545025794304
0.6700079836778142,0.026121910110272564
0.6700523374434489,0.02613227519475082
0.6700966912090837,0.026142666813845344
0.6701410449747184,0.026153114818999425
0.6701853987403531,0.02616356282415351
0.6702297525059878,0.026174010829307596
0.6702741062716224,0.026184458834461678
0.6703184600372571,0.026194906839615763
0.6703628138028919,0.026205354844769848
0.6704071675685266,0.02621580284992393
0.6704515213341613,0.026226250855078015
0.670495875099796,0.026236698860232097
0.6705402288654306,0.026247146865386182
0.6705845826310654,0.026257594870540267
0.6706289363967001,0.02626804287569435
0.6706732901623348,0.026278490880848434
0.6707176439279695,0.026288938886002516
0.6707619976936042,0.0262993868911566
0.670806351459239,0.026309834896310686
0.6708507052248736,0.026320282901464768
0.6708950589905083,0.026330730906618853
0.670939412756143,0.026341178911772938
0.6709837665217777,0.02635162691692702
0.6710281202874124,0.026362074922081105
0.6710724740530472,0.026372522927235187
0.6711168278186819,0.026383004100659604
0.6711611815843165,0.02639350849187325
0.6712055353499512,0.026404012883086893
0.6712498891155859,0.026414527224781638
0.6712942428812206,0.026425054833784517
0.6713385966468554,0.026435585759614428
0.6713829504124901,0.026446116685444335
0.6714273041781247,0.026456647611274246
0.6714716579437594,0.026467178537104157
0.6715160117093941,0.026477709462934068
0.6715603654750288,0.026488240388763976
0.6716047192406636,0.026498771314593886
0.6716490730062983,0.026509302240423797
0.671693426771933,0.026519833166253705
0.6717377805375676,0.02653038067621878
0.6717821343032023,0.02654092818618386
0.671826488068837,0.02655151549807333
0.6718708418344718,0.026562112760443898
0.6719151956001065,0.026572726606949634
0.6719595493657412,0.02658334045345537
0.6720039031313758,0.026593954299961108
0.6720482568970105,0.026604568146466844
0.6720926106626453,0.02661518199297258
0.67213696442828,0.026625795839478314
0.6721813181939147,0.02663640968598405
0.6722256719595494,0.026647023532489787
0.6722700257251841,0.026657637378995524
0.6723143794908187,0.02666825122550126
0.6723587332564535,0.026678865072006994
0.6724030870220882,0.02668947891851273
0.6724474407877229,0.026700092765018467
0.6724917945533576,0.026710706611524204
0.6725361483189923,0.02672132045802994
0.6725805020846269,0.026731934304535673
0.6726248558502617,0.02674254815104141
0.6726692096158964,0.026753161997547147
0.6727135633815311,0.026763775844052883
0.6727579171471658,0.02677438969055862
0.6728022709128005,0.026785003537064356
0.6728466246784353,0.02679561738357009
0.6728909784440699,0.026806231230075826
0.6729353322097046,0.026816845076581563
0.6729796859753393,0.0268274589230873
0.673024039740974,0.026838089353728202
0.6730683935066087,0.026848723101196136
0.6731127472722435,0.026859419868377695
0.6731571010378782,0.026870116635559257
0.6732014548035128,0.02688081340274082
0.6732458085691475,0.026891510169922382
0.6732901623347822,0.026902206937103944
0.673334516100417,0.026912903704285507
0.6733788698660517,0.026923610421948168
0.6734232236316864,0.026934390109805556
0.673467577397321,0.026945169797662944
0.6735119311629557,0.026955949485520332
0.6735562849285904,0.02696672917337772
0.6736006386942252,0.02697750886123511
0.6736449924598599,0.026988288549092496
0.6736893462254946,0.026999068236949884
0.6737336999911293,0.027009847924807272
0.6737780537567639,0.02702062761266466
0.6738224075223986,0.02703140730052205
0.6738667612880334,0.027042186988379437
0.6739111150536681,0.027052966676236825
0.6739554688193028,0.027063746364094213
0.6739998225849375,0.0270745260519516
0.6740441763505721,0.02708530573980899
0.6740885301162068,0.027096085427666377
0.6741328838818416,0.027106865115523765
0.6741772376474763,0.027117644803381153
0.674221591413111,0.02712842449123854
0.6742659451787457,0.02713920417909593
0.6743102989443804,0.027149983866953317
0.674354652710015,0.027160763554810705
0.6743990064756498,0.027171543242668093
0.6744433602412845,0.02718232293052548
0.6744877140069192,0.02719310261838287
0.6745320677725539,0.027203882306240258
0.6745764215381886,0.027214661994097646
0.6746207753038233,0.027225441681955034
0.674665129069458,0.02723622136981242
0.6747094828350927,0.02724700105766981
0.6747538366007274,0.02725779401283533
0.6747981903663621,0.02726862345309821
0.6748425441319968,0.02727946947749626
0.6748868978976316,0.027290332086029472
0.6749312516632662,0.027301194694562686
0.6749756054289009,0.0273120573030959
0.6750199591945356,0.027322919911629117
0.6750643129601703,0.02733378252016233
0.675108666725805,0.027344645128695545
0.6751530204914398,0.02735550773722876
0.6751973742570745,0.027366370345761972
0.6752417280227091,0.027377232954295186
0.6752860817883438,0.0273880955628284
0.6753304355539785,0.027398958171361613
0.6753747893196133,0.02740982077989483
0.675419143085248,0.02742069997256321
0.6754634968508827,0.027431595749366756
0.6755078506165173,0.027442508110305464
0.675552204382152,0.027453453639514503
0.6755965581477867,0.027464399168723546
0.6756409119134215,0.027475344697932585
0.6756852656790562,0.027486290227141625
0.6757296194446909,0.027497235756350664
0.6757739732103256,0.027508181285559704
0.6758183269759602,0.027519126814768747
0.675862680741595,0.027530072343977786
0.6759070345072297,0.027541017873186826
0.6759513882728644,0.027551963402395865
0.6759957420384991,0.027562908931604905
0.6760400958041338,0.027573854460813948
0.6760844495697684,0.027584799990022987
0.6761288033354032,0.027595745519232027
0.6761731571010379,0.027606691048441066
0.6762175108666726,0.02761763657765011
0.6762618646323073,0.02762858210685915
0.676306218397942,0.027639527636068188
0.6763505721635767,0.027650473165277228
0.6763949259292114,0.027661418694486267
0.6764392796948461,0.02767236422369531
0.6764836334604808,0.02768330975290435
0.6765279872261155,0.02769425528211339
0.6765723409917502,0.02770520081132243
0.676616694757385,0.027716146340531468
0.6766610485230196,0.02772709186974051
0.6767054022886543,0.02773803739894955
0.676749756054289,0.02774898292815859
0.6767941098199237,0.02775992845736763
0.6768384635855584,0.027770873986576673
0.6768828173511932,0.027781819515785712
0.6769271711168279,0.02779276504499475
0.6769715248824625,0.02780371057420379
0.6770158786480972,0.02781465610341283
0.6770602324137319,0.027825601632621873
0.6771045861793666,0.027836550478657945
0.6771489399450014,0.027847539126618415
0.6771932937106361,0.027858531091405916
0.6772376474762708,0.027869559541290785
0.6772820012419054,0.02788058799117565
0.6773263550075401,0.027891616441060516
0.6773707087731748,0.027902644890945384
0.6774150625388096,0.02791367334083025
0.6774594163044443,0.027924701790715115
0.677503770070079,0.027935730240599983
0.6775481238357136,0.02794675869048485
0.6775924776013483,0.027957787140369714
0.677636831366983,0.027968815590254582
0.6776811851326178,0.02797989047571791
0.6777255388982525,0.027990965361181237
0.6777698926638872,0.028002043563471597
0.6778142464295219,0.02801315493403229
0.6778586001951565,0.028024266304592982
0.6779029539607913,0.028035377675153676
0.677947307726426,0.028046489045714367
0.6779916614920607,0.02805760041627506
0.6780360152576954,0.028068711786835752
0.6780803690233301,0.028079823157396443
0.6781247227889647,0.028090934527957138
0.6781690765545995,0.02810204589851783
0.6782134303202342,0.028113157269078523
0.6782577840858689,0.028124268639639214
0.6783021378515036,0.028135380010199905
0.6783464916171383,0.0281464913807606
0.6783908453827731,0.02815760275132129
0.6784351991484077,0.028168714121881985
0.6784795529140424,0.028179825492442676
0.6785239066796771,0.02819093686300337
0.6785682604453118,0.02820204823356406
0.6786126142109465,0.028213159604124752
0.6786569679765813,0.028224270974685446
0.678701321742216,0.028235382345246137
0.6787456755078506,0.02824649371580683
0.6787900292734853,0.028257654838773016
0.67883438303912,0.02826882259539327
0.6788787368047547,0.028280003619321658
0.6789230905703895,0.028291197910558178
0.6789674443360242,0.028302392201794695
0.6790117981016588,0.028313586493031215
0.6790561518672935,0.02832478078426773
0.6791005056329282,0.02833598170915832
0.679144859398563,0.02834719258453
0.6791892131641977,0.028358420044036853
0.6792335669298324,0.028369693939122167
0.6792779206954671,0.02838097115103451
0.6793222744611017,0.028392248362946855
0.6793666282267364,0.0284035255748592
0.6794109819923712,0.028414802786771543
0.6794553357580059,0.02842607999868389
0.6794996895236406,0.02843735721059623
0.6795440432892753,0.028448634422508577
0.6795883970549099,0.028459911634420923
0.6796327508205446,0.028471188846333265
0.6796771045861794,0.02848246605824561
0.6797214583518141,0.028493743270157957
0.6797658121174488,0.0285050204820703
0.6798101658830835,0.028516297693982645
0.6798545196487182,0.028527574905894987
0.6798988734143528,0.028538852117807333
0.6799432271799876,0.02855012932971968
0.6799875809456223,0.02856140654163202
0.680031934711257,0.028572683753544367
0.6800762884768917,0.02858396096545671
0.6801206422425264,0.028595238177369055
0.680164996008161,0.0286065153892814
0.6802093497737958,0.028617792601193744
0.6802537035394305,0.02862906981310609
0.6802980573050652,0.028640347025018435
0.6803424110706999,0.028651624236930778
0.6803867648363346,0.028662901448843123
0.6804311186019694,0.028674178660755466
0.680475472367604,0.02868545587266781
0.6805198261332387,0.028696733084580157
0.6805641798988734,0.02870801361331953
0.6806085336645081,0.02871934721129144
0.6806528874301429,0.02873069407657148
0.6806972411957776,0.02874204425867855
0.6807415949614123,0.02875340439126672
0.6807859487270469,0.02876476452385489
0.6808303024926816,0.028776124656443063
0.6808746562583163,0.02878748478903123
0.680919010023951,0.028798844921619403
0.6809633637895858,0.028810205054207574
0.6810077175552205,0.028821565186795742
0.6810520713208551,0.028832925319383914
0.6810964250864898,0.028844285451972086
0.6811407788521245,0.028855645584560257
0.6811851326177593,0.028867005717148425
0.681229486383394,0.028878365849736597
0.6812738401490287,0.028889725982324768
0.6813181939146634,0.028901102699048102
0.681362547680298,0.028912519217695835
0.6814069014459327,0.0289239589541328
0.6814512552115675,0.028935402007396797
0.6814956089772022,0.028946845060660795
0.6815399627428369,0.028958288113924792
0.6815843165084716,0.028969731167188786
0.6816286702741062,0.028981174220452783
0.681673024039741,0.02899261727371678
0.6817173778053757,0.029004060326980777
0.6817617315710104,0.029015503380244775
0.6818060853366451,0.029026946433508772
0.6818504391022798,0.029038389486772766
0.6818947928679145,0.029049832540036763
0.6819391466335492,0.029061295494262958
0.6819835003991839,0.02907276508214322
0.6820278541648186,0.02908424130367755
0.6820722079304533,0.02909573410934704
0.682116561696088,0.02910726008328686
0.6821609154617227,0.029118786057226682
0.6822052692273574,0.029130312031166505
0.6822496229929921,0.02914183800510633
0.6822939767586268,0.02915336397904615
0.6823383305242615,0.029164889952985974
0.6823826842898962,0.029176415926925797
0.682427038055531,0.02918794190086562
0.6824713918211657,0.029199467874805443
0.6825157455868003,0.029211010432880432
0.682560099352435,0.029222609377014982
0.6826044531180697,0.0292342149548036
0.6826488068837044,0.029245823849419247
0.6826931606493392,0.029257432744034896
0.6827375144149739,0.029269041638650545
0.6827818681806086,0.029280650533266193
0.6828262219462432,0.029292259427881842
0.6828705757118779,0.02930386832249749
0.6829149294775126,0.02931547721711314
0.6829592832431474,0.029327086111728788
0.6830036370087821,0.029338695006344437
0.6830479907744168,0.029350303900960086
0.6830923445400514,0.029361912795575734
0.6831366983056861,0.029373521690191383
0.6831810520713208,0.02938513058480703
0.6832254058369556,0.02939673947942268
0.6832697596025903,0.02940834837403833
0.683314113368225,0.029419957268653978
0.6833584671338597,0.029431566163269626
0.6834028208994943,0.029443175057885275
0.683447174665129,0.029454783952500924
0.6834915284307638,0.029466392847116572
0.6835358821963985,0.02947800174173222
0.6835802359620332,0.02948961063634787
0.6836245897276679,0.02950121953096352
0.6836689434933025,0.029512828425579167
0.6837132972589373,0.029524437320194816
0.683757651024572,0.029536046214810464
0.6838020047902067,0.029547655109426113
0.6838463585558414,0.029559264004041762
0.6838907123214761,0.02957088948279258
0.6839350660871109,0.029582528228851525
0.6839794198527455,0.029594170291737505
0.6840237736183802,0.029605825621931616
0.6840681273840149,0.02961751412039606
0.6841124811496496,0.029629205935687533
0.6841568349152843,0.029640897750979008
0.6842011886809191,0.029652589566270482
0.6842455424465538,0.02966428138156196
0.6842898962121884,0.029675973196853434
0.6843342499778231,0.02968766501214491
0.6843786037434578,0.029699356827436383
0.6844229575090925,0.029711048642727857
0.6844673112747273,0.029722740458019332
0.684511665040362,0.029734432273310806
0.6845560188059966,0.02974612408860228
0.6846003725716313,0.02975784575533705
0.684644726337266,0.029769607223996224
0.6846890801029007,0.029781381959963524
0.6847334338685355,0.029793156695930825
0.6847777876341702,0.029804931431898125
0.6848221413998049,0.02981670616786543
0.6848664951654395,0.02982848090383273
0.6849108489310742,0.02984025563980003
0.684955202696709,0.02985203037576733
0.6849995564623437,0.029863805111734632
0.6850439102279784,0.029875579847701932
0.6850882639936131,0.029887354583669232
0.6851326177592477,0.029899129319636533
0.6851769715248824,0.029910904055603833
0.6852213252905172,0.029922678791571136
0.6852656790561519,0.029934470111673602
0.6853100328217866,0.029946327768316728
0.6853543865874213,0.029958185424959857
0.685398740353056,0.029970043081602983
0.6854430941186906,0.02998190073824611
0.6854874478843254,0.029993758394889238
0.6855318016499601,0.030005616051532364
0.6855761554155948,0.03001747370817549
0.6856205091812295,0.030029331364818616
0.6856648629468642,0.030041189021461745
0.6857092167124988,0.030053063262240037
0.6857535704781336,0.030064970671288656
0.6857979242437683,0.03007687808033728
0.685842278009403,0.030088792123039967
0.6858866317750377,0.030100732700358918
0.6859309855406724,0.030112673277677873
0.6859753393063072,0.030124613854996825
0.6860196930719418,0.03013655443231578
0.6860640468375765,0.03014849500963473
0.6861084006032112,0.030160435586953683
0.6861527543688459,0.030172376164272638
0.6861971081344806,0.03018431674159159
0.6862414619001154,0.030196257318910544
0.6862858156657501,0.030208197896229496
0.6863301694313847,0.03022013847354845
0.6863745231970194,0.030232079050867403
0.6864188769626541,0.030244019628186354
0.6864632307282889,0.03025596020550531
0.6865075844939236,0.03026790078282426
0.6865519382595583,0.030279841360143216
0.6865962920251929,0.030291781937462167
0.6866406457908276,0.03030372251478112
0.6866849995564623,0.030315663092100074
0.6867293533220971,0.030327603669419025
0.6867737070877318,0.03033954424673798
0.6868180608533665,0.030351484824056932
0.6868624146190012,0.030363425401375887
0.6869067683846358,0.03037536597869484
0.6869511221502705,0.03038730655601379
0.6869954759159053,0.030399247133332745
0.68703982968154,0.030411187710651696
0.6870841834471747,0.03042320125816538
0.6871285372128094,0.030435224756160156
0.687172890978444,0.030447248254154936
0.6872172447440787,0.030459271752149714
0.6872615985097135,0.030471295250144494
0.6873059522753482,0.03048331874813927
0.6873503060409829,0.030495342246134052
0.6873946598066176,0.03050736574412883
0.6874390135722523,0.03051938924212361
0.687483367337887,0.030531445908388723
0.6875277211035217,0.030543552327059326
0.6875720748691564,0.030555658745729932
0.6876164286347911,0.030567765164400535
0.6876607824004258,0.03057987158307114
0.6877051361660605,0.030591978001741748
0.6877494899316952,0.03060408442041235
0.6877938436973299,0.030616190839082957
0.6878381974629646,0.030628297257753564
0.6878825512285993,0.030640403676424167
0.687926904994234,0.030652510095094773
0.6879712587598688,0.030664616513765376
0.6880156125255035,0.030676722932435983
0.6880599662911381,0.03068882935110659
0.6881043200567728,0.030700935769777192
0.6881486738224075,0.0307130421884478
0.6881930275880422,0.0307251486071184
0.688237381353677,0.030737255025789008
0.6882817351193117,0.030749361444459614
0.6883260888849464,0.030761467863130217
0.688370442650581,0.030773574281800824
0.6884147964162157,0.03078568070047143
0.6884591501818504,0.030797787119142033
0.6885035039474852,0.03080989353781264
0.6885478577131199,0.030821999956483243
0.6885922114787546,0.03083410637515385
0.6886365652443892,0.03084623932844072
0.6886809190100239,0.030858398816343856
0.6887252727756586,0.030870578205209186
0.6887696265412934,0.030882767544555618
0.6888139803069281,0.03089495688390205
0.6888583340725628,0.03090714622324848
0.6889026878381975,0.03091933556259491
0.6889470416038321,0.030931524901941343
0.6889913953694669,0.030943714241287775
0.6890357491351016,0.030955903580634204
0.6890801029007363,0.030968092919980636
0.689124456666371,0.030980365180002894
0.6891688104320057,0.03099263744002515
0.6892131641976403,0.031004909700047406
0.6892575179632751,0.031017181960069664
0.6893018717289098,0.031029454220091922
0.6893462254945445,0.03104172648011418
0.6893905792601792,0.031053998740136438
0.6894349330258139,0.031066271000158695
0.6894792867914487,0.03107854326018095
0.6895236405570833,0.031090815520203208
0.689567994322718,0.031103087780225466
0.6896123480883527,0.031115360040247723
0.6896567018539874,0.03112763230026998
0.6897010556196221,0.031139904560292236
0.6897454093852569,0.031152176820314494
0.6897897631508915,0.03116444908033675
0.6898341169165262,0.03117672134035901
0.6898784706821609,0.031188993600381267
0.6899228244477956,0.031201265860403525
0.6899671782134303,0.03121353812042578
0.6900115319790651,0.031225810380448037
0.6900558857446998,0.031238082640470295
0.6901002395103344,0.03125035490049255
0.6901445932759691,0.03126262716051481
0.6901889470416038,0.031274899420537065
0.6902333008072385,0.03128717168055933
0.6902776545728733,0.03129944394058158
0.690322008338508,0.031311716200603835
0.6903663621041427,0.0313239884606261
0.6904107158697773,0.03133626072064835
0.690455069635412,0.03134853298067061
0.6904994234010468,0.03136080524069287
0.6905437771666815,0.03137309408485029
0.6905881309323162,0.031385399513142884
0.6906324846979509,0.031397728159224696
0.6906768384635855,0.03141008333992278
0.6907211922292202,0.03142243852062086
0.690765545994855,0.03143479370131895
0.6908098997604897,0.03144714888201703
0.6908542535261244,0.03145952064685028
0.6908986072917591,0.03147190236216463
0.6909429610573938,0.031484310612095244
0.6909873148230284,0.03149673212933399
0.6910316685886632,0.03150915364657273
0.6910760223542979,0.03152159174794664
0.6911203761199326,0.03153402984932055
0.6911647298855673,0.031546467950694455
0.691209083651202,0.03155890605206837
0.6912534374168366,0.031571344153442274
0.6912977911824714,0.03158378225481619
0.6913421449481061,0.03159622035619009
0.6913864987137408,0.031608658457564005
0.6914308524793755,0.03162109655893791
0.6914752062450102,0.031633534660311824
0.691519560010645,0.03164597276168573
0.6915639137762796,0.03165841086305964
0.6916082675419143,0.03167084896443355
0.691652621307549,0.03168328706580746
0.6916969750731837,0.03169572516718137
0.6917413288388184,0.03170816326855528
0.6917856826044532,0.031720601369929186
0.6918300363700879,0.0317330394713031
0.6918743901357225,0.031745477572677004
0.6919187439013572,0.03175791567405092
0.6919630976669919,0.03177035377542482
0.6920074514326267,0.031782791876798736
0.6920518051982614,0.03179522997817264
0.6920961589638961,0.031807668079546554
0.6921405127295307,0.03182010618092046
0.6921848664951654,0.03183254428229437
0.6922292202608001,0.03184498238366828
0.6922735740264349,0.03185743706917736
0.6923179277920696,0.03186991165564863
0.6923622815577043,0.0318824160935632
0.692406635323339,0.031894937115612934
0.6924509890889736,0.03190745813766267
0.6924953428546083,0.031919979159712404
0.6925396966202431,0.03193250018176214
0.6925840503858778,0.031945021203811874
0.6926284041515125,0.03195754222586161
0.6926727579171472,0.03197008978252761
0.6927171116827818,0.03198264397284768
0.6927614654484165,0.031995198163167746
0.6928058192140513,0.03200776562079594
0.692850172979686,0.03202036956352151
0.6928945267453207,0.03203297350624707
0.6929388805109554,0.03204557744897263
0.6929832342765901,0.03205818139169819
0.6930275880422248,0.03207078533442375
0.6930719418078595,0.032083389277149314
0.6931162955734942,0.03209599321987488
0.6931606493391289,0.032108597162600436
0.6932050031047636,0.032121201105326
0.6932493568703983,0.032133805048051564
0.693293710636033,0.03214640899077712
0.6933380644016677,0.032159012933502686
0.6933824181673024,0.03217161687622824
0.6934267719329371,0.03218422081895381
0.6934711256985718,0.03219682476167937
0.6935154794642066,0.03220942870440493
0.6935598332298413,0.03222203264713049
0.6936041869954759,0.03223463658985605
0.6936485407611106,0.032247240532581614
0.6936928945267453,0.03225984447530718
0.69373724829238,0.032272448418032736
0.6937816020580148,0.0322850523607583
0.6938259558236495,0.03229765630348386
0.6938703095892842,0.03231026024620942
0.6939146633549188,0.032322864188934985
0.6939590171205535,0.03233546813166054
0.6940033708861882,0.03234807207438611
0.694047724651823,0.0323607191358631
0.6940920784174577,0.03237338941512932
0.6941364321830924,0.032386076278530705
0.694180785948727,0.032398763141932095
0.6942251397143617,0.032411450005333485
0.6942694934799964,0.03242413686873487
0.6943138472456312,0.03243682373213626
0.6943582010112659,0.03244951059553765
0.6944025547769006,0.03246219745893903
0.6944469085425353,0.03247490090647559
0.6944912623081699,0.03248760435401214
0.6945356160738047,0.03250032106885682
0.6945799698394394,0.03251304110052854
0.6946243236050741,0.03252577771633543
0.6946686773707088,0.032538514332142304
0.6947130311363435,0.03255128079939249
0.6947573849019781,0.0325640505834697
0.6948017386676129,0.032576820367546916
0.6948460924332476,0.03258959015162413
0.6948904461988823,0.03260235993570134
0.694934799964517,0.032615129719778556
0.6949791537301517,0.03262789950385577
0.6950235074957865,0.03264066928793299
0.6950678612614211,0.032653439072010196
0.6951122150270558,0.03266620885608741
0.6951565687926905,0.03267897864016463
0.6952009225583252,0.032691748424241836
0.6952452763239599,0.03270451820831905
0.6952896300895947,0.03271728799239627
0.6953339838552293,0.03273005777647348
0.695378337620864,0.03274282756055069
0.6954226913864987,0.03275559734462791
0.6954670451521334,0.03276836712870512
0.6955113989177681,0.03278113691278233
0.6955557526834029,0.03279390669685955
0.6956001064490376,0.03280667648093676
0.6956444602146722,0.03281946284914914
0.6956888139803069,0.03283227243515075
0.6957331677459416,0.032845082021152355
0.6957775215115763,0.032857918141770234
0.6958218752772111,0.03287077084652327
0.6958662290428458,0.03288362355127631
0.6959105828084805,0.03289647625602935
0.6959549365741151,0.03290932896078239
0.6959992903397498,0.03292218166553543
0.6960436441053846,0.0329350476375966
0.6960879978710193,0.032947916926484806
0.696132351636654,0.03296081938364334
0.6961767054022887,0.03297372184080187
0.6962210591679233,0.032986624297960405
0.696265412933558,0.032999549972908174
0.6963097666991928,0.033012482281510006
0.6963541204648275,0.03302541790693887
0.6963984742304622,0.03303835353236774
0.6964428279960969,0.03305128915779661
0.6964871817617316,0.03306422478322547
0.6965315355273662,0.033077160408654334
0.696575889293001,0.0330900960340832
0.6966202430586357,0.03310303165951207
0.6966645968242704,0.033115967284940935
0.6967089505899051,0.033128902910369795
0.6967533043555398,0.03314183853579866
0.6967976581211744,0.03315477416122753
0.6968420118868092,0.033167709786656396
0.6968863656524439,0.03318064541208526
0.6969307194180786,0.03319358103751413
0.6969750731837133,0.03320651666294299
0.697019426949348,0.03321945228837186
0.6970637807149828,0.033232387913800725
0.6971081344806174,0.03324532353922959
0.6971524882462521,0.03325825916465846
0.6971968420118868,0.03327119479008732
0.6972411957775215,0.033284130415516186
0.6972855495431562,0.03329706604094505
0.697329903308791,0.03331000166637392
0.6973742570744256,0.03332293729180279
0.6974186108400603,0.03333587291723165
0.697462964605695,0.033348808542660514
0.6975073183713297,0.03336174416808938
0.6975516721369645,0.03337467979351825
0.6975960259025992,0.033387615418947116
0.6976403796682339,0.033400551044375976
0.6976847334338685,0.03341348666980484
0.6977290871995032,0.03342642229523371
0.6977734409651379,0.03343935792066258
0.6978177947307727,0.03345230017974551
0.6978621484964074,0.033465252389309544
0.6979065022620421,0.03347822118300874
0.6979508560276768,0.0334912065608431
0.6979952097933114,0.03350420852281263
0.6980395635589461,0.033517217118436214
0.6980839173245809,0.03353023566454091
0.6981282710902156,0.0335432542106456
0.6981726248558503,0.03355627275675029
0.698216978621485,0.033569291302854985
0.6982613323871196,0.03358230984895968
0.6983056861527543,0.03359532839506437
0.6983500399183891,0.03360838674309345
0.6983943936840238,0.03362148820987397
0.6984387474496585,0.03363458967665449
0.6984831012152932,0.03364769114343501
0.6985274549809279,0.033660792610215526
0.6985718087465626,0.033673894076996044
0.6986161625121973,0.03368699554377656
0.698660516277832,0.03370009701055708
0.6987048700434667,0.0337131984773376
0.6987492238091014,0.03372629994411812
0.6987935775747361,0.03373940141089864
0.6988379313403708,0.03375250287767915
0.6988822851060055,0.03376560434445967
0.6989266388716402,0.033778705811240185
0.6989709926372749,0.033791807278020704
0.6990153464029096,0.03380490874480122
0.6990597001685444,0.03381801021158174
0.6991040539341791,0.03383111167836226
0.6991484076998137,0.03384421314514278
0.6991927614654484,0.033857314611923296
0.6992371152310831,0.033870459197455245
0.6992814689967178,0.03388364358491159
0.6993258227623526,0.033896827972367934
0.6993701765279873,0.03391001235982428
0.699414530293622,0.03392319674728062
0.6994588840592566,0.033936381134736966
0.6995032378248913,0.033949565522193303
0.699547591590526,0.03396274990964965
0.6995919453561608,0.03397593429710599
0.6996362991217955,0.033989118684562336
0.6996806528874302,0.03400230307201868
0.6997250066530648,0.03401549740995612
0.6997693604186995,0.0340286950647206
0.6998137141843342,0.03404196237285277
0.699858067949969,0.03405522968098494
0.6999024217156037,0.03406849698911711
0.6999467754812384,0.03408176429724928
0.6999911292468731,0.03409503160538145
0.7000354830125077,0.03410829891351362
0.7000798367781425,0.03412156622164579
0.7001241905437772,0.03413483352977796
0.7001685443094119,0.03414810083791013
0.7002128980750466,0.0341613681460423
0.7002572518406813,0.03417463545417447
0.7003016056063159,0.03418790276230664
0.7003459593719507,0.03420117007043881
0.7003903131375854,0.03421443737857098
0.7004346669032201,0.03422770468670315
0.7004790206688548,0.03424097199483532
0.7005233744344895,0.03425423930296749
0.7005677282001243,0.03426750661109966
0.7006120819657589,0.03428077391923183
0.7006564357313936,0.034294041227364
0.7007007894970283,0.03430730853549617
0.700745143262663,0.034320642180168996
0.7007894970282977,0.03433397582484183
0.7008338507939325,0.034347319419995755
0.7008782045595671,0.03436066964880375
0.7009225583252018,0.03437401987761175
0.7009669120908365,0.03438737010641975
0.7010112658564712,0.034400720335227744
0.7010556196221059,0.03441407056403574
0.7010999733877407,0.034427420792843735
0.7011443271533754,0.03444077102165173
0.70118868091901,0.03445412125045973
0.7012330346846447,0.03446747147926772
0.7012773884502794,0.03448082834172979
0.7013217422159141,0.034494205105154045
0.7013660959815489,0.03450758850223237
0.7014104497471836,0.0345209718993107
0.7014548035128183,0.03453438514783233
0.7014991572784529,0.03454780834683505
0.7015435110440876,0.034561241496318874
0.7015878648097224,0.034574674645802696
0.7016322185753571,0.03458810779528652
0.7016765723409918,0.03460154094477034
0.7017209261066265,0.03461497409425416
0.7017652798722611,0.03462840724373798
0.7018096336378958,0.0346418403932218
0.7018539874035306,0.03465527354270563
0.7018983411691653,0.03466870669218945
0.7019426949348,0.03468213984167327
0.7019870487004347,0.034695572991157095
0.7020314024660694,0.034709006140640916
0.702075756231704,0.03472243929012474
0.7021201099973388,0.03473587243960856
0.7021644637629735,0.03474930558909238
0.7022088175286082,0.0347627387385762
0.7022531712942429,0.03477617188806003
0.7022975250598776,0.03478963820581418
0.7023418788255122,0.03480315427597383
0.702386232591147,0.03481667034613348
0.7024305863567817,0.034830186416293124
0.7024749401224164,0.03484370248645277
0.7025192938880511,0.034857218556612425
0.7025636476536858,0.03487073462677207
0.7026080014193206,0.03488425069693172
0.7026523551849552,0.034897766767091366
0.7026967089505899,0.03491134917379168
0.7027410627162246,0.03492494816462715
0.7027854164818593,0.03493854715546262
0.702829770247494,0.034952146146298095
0.7028741240131288,0.034965745137133575
0.7029184777787634,0.03497934412796905
0.7029628315443981,0.03499294311880452
0.7030071853100328,0.03500654210963999
0.7030515390756675,0.035020141100475466
0.7030958928413023,0.035033740091310946
0.703140246606937,0.03504733908214642
0.7031846003725717,0.03506093807298189
0.7032289541382063,0.035074537063817364
0.703273307903841,0.03508813605465284
0.7033176616694757,0.035101735045488316
0.7033620154351105,0.03511533403632379
0.7034063692007452,0.03512893302715926
0.7034507229663799,0.035142532017994735
0.7034950767320146,0.03515613100883021
0.7035394304976492,0.03516972999966569
0.7035837842632839,0.03518332899050116
0.7036281380289187,0.03519692798133663
0.7036724917945534,0.035210526972172106
0.7037168455601881,0.035224125963007585
0.7037611993258228,0.03523772495384306
0.7038055530914574,0.03525132394467853
0.7038499068570921,0.03526493951964917
0.7038942606227269,0.03527857167875498
0.7039386143883616,0.03529220383786078
0.7039829681539963,0.03530588574937209
0.704027321919631,0.035319567660883386
0.7040716756852657,0.035333249572394684
0.7041160294509003,0.03534693148390598
0.7041603832165351,0.03536061339541729
0.7042047369821698,0.03537429530692859
0.7042490907478045,0.035387977218439885
0.7042934445134392,0.035401659129951184
0.704337798279074,0.03541534104146249
0.7043821520447086,0.03542902295297379
0.7044265058103433,0.035442704864485086
0.704470859575978,0.035456386775996385
0.7045152133416127,0.03547006868750769
0.7045595671072474,0.03548375059901899
0.7046039208728822,0.03549745572831952
0.7046482746385169,0.03551122056050665
0.7046926284041515,0.035524985392693775
0.7047369821697862,0.0355387502248809
0.7047813359354209,0.03555251505706803
0.7048256897010556,0.035566279889255155
0.7048700434666904,0.03558004472144228
0.7049143972323251,0.0355938095536294
0.7049587509979597,0.035607574385816534
0.7050031047635944,0.03562133921800366
0.7050474585292291,0.03563510405019078
0.7050918122948638,0.035648868882377914
0.7051361660604986,0.03566263371456504
0.7051805198261333,0.03567639854675216
0.705224873591768,0.035690163378939294
0.7052692273574026,0.03570392821112642
0.7053135811230373,0.03571773284523794
0.705357934888672,0.0357315407961765
0.7054022886543068,0.03574537196490428
0.7054466424199415,0.035759219717767236
0.7054909961855762,0.035773067470630186
0.7055353499512109,0.03578691522349314
0.7055797037168455,0.03580076297635609
0.7056240574824802,0.03581461072921904
0.705668411248115,0.03582847174939013
0.7057127650137497,0.03584235930417747
0.7057571187793844,0.03585625349261889
0.7058014725450191,0.03587015099788734
0.7058458263106537,0.03588404850315578
0.7058901800762885,0.035897962592559396
0.7059345338419232,0.03591189326609817
0.7059788876075579,0.035925823939636954
0.7060232413731926,0.03593975461317573
0.7060675951388273,0.035953685286714505
0.706111948904462,0.03596761596025329
0.7061563026700967,0.035981546633792064
0.7062006564357314,0.035995477307330846
0.7062450102013661,0.03600940798086962
0.7062893639670008,0.0360233386544084
0.7063337177326355,0.03603726932794718
0.7063780714982703,0.036051200001485956
0.7064224252639049,0.03606513067502474
0.7064667790295396,0.036079061348563514
0.7065111327951743,0.03609299202210229
0.706555486560809,0.03610692269564107
0.7065998403264437,0.03612085336917985
0.7066441940920785,0.03613478404271863
0.7066885478577132,0.036148714716257406
0.7067329016233478,0.036162728310472014
0.7067772553889825,0.036176741904686616
0.7068216091546172,0.03619075549890122
0.706865962920252,0.03620483542965648
0.7069103166858867,0.036218931944546916
0.7069546704515214,0.03623302845943734
0.7069990242171561,0.03624712497432778
0.7070433779827907,0.036261221489218204
0.7070877317484254,0.03627531800410864
0.7071320855140601,0.036289414518999065
0.7071764392796949,0.0363035110338895
0.7072207930453296,0.03631760754877993
0.7072651468109643,0.03633170406367036
0.7073095005765989,0.036345800578560794
0.7073538543422336,0.03635989709345122
0.7073982081078684,0.036373993608341655
0.7074425618735031,0.03638809012323208
0.7074869156391378,0.036402186638122516
0.7075312694047725,0.03641628315301294
0.7075756231704072,0.03643037966790338
0.7076199769360418,0.036444476182793804
0.7076643307016766,0.036458585964992365
0.7077086844673113,0.03647273223228829
0.707753038232946,0.036486895083719384
0.7077973919985807,0.03650107451928564
0.7078417457642154,0.036515253954851896
0.70788609952985,0.03652943339041815
0.7079304532954848,0.03654361282598441
0.7079748070611195,0.03655779226155066
0.7080191608267542,0.03657197169711692
0.7080635145923889,0.036586151132683174
0.7081078683580236,0.036600330568249434
0.7081522221236584,0.036614526587950856
0.708196575889293,0.03662875577592261
0.7082409296549277,0.03664301813216469
0.7082852834205624,0.036657280488406774
0.7083296371861971,0.03667154284464885
0.7083739909518318,0.03668580520089094
0.7084183447174666,0.03670006755713302
0.7084626984831012,0.0367143299133751
0.7085070522487359,0.03672859226961719
0.7085514060143706,0.036742854625859266
0.7085957597800053,0.03675711698210135
0.70864011354564,0.036771379338343436
0.7086844673112748,0.036785641694585515
0.7087288210769095,0.0367999040508276
0.7087731748425441,0.036814166407069686
0.7088175286081788,0.036828428763311764
0.7088618823738135,0.03684269111955385
0.7089062361394483,0.03685695347579593
0.708950589905083,0.03687129543588681
0.7089949436707177,0.036885640712804715
0.7090392974363524,0.036899985989722627
0.709083651201987,0.03691433126664054
0.7091280049676217,0.03692867654355844
0.7091723587332565,0.03694302182047635
0.7092167124988912,0.036957367097394264
0.7092610662645259,0.036971795294987994
0.7093054200301606,0.03698622349258173
0.7093497737957952,0.03700065169017547
0.7093941275614299,0.0370150798877692
0.7094384813270647,0.037029508085362935
0.7094828350926994,0.03704393628295667
0.7095271888583341,0.03705836448055041
0.7095715426239688,0.03707279267814414
0.7096158963896035,0.037087220875737875
0.7096602501552381,0.03710164907333161
0.7097046039208729,0.03711607727092534
0.7097489576865076,0.03713050546851908
0.7097933114521423,0.037144933666112816
0.709837665217777,0.03715936186370655
0.7098820189834117,0.03717379006130028
0.7099263727490464,0.03718821825889402
0.7099707265146811,0.037202646456487756
0.7100150802803158,0.037217074654081486
0.7100594340459505,0.03723150285167522
0.7101037878115852,0.03724594763340412
0.71014814157722,0.03726040899926819
0.7101924953428547,0.03727487036513226
0.7102368491084893,0.03728936489926665
0.710281202874124,0.037303876017536215
0.7103255566397587,0.03731838713580578
0.7103699104053934,0.03733289825407533
0.7104142641710282,0.037347409372344896
0.7104586179366629,0.03736192049061446
0.7105029717022975,0.03737643160888402
0.7105473254679322,0.03739094272715358
0.7105916792335669,0.03740547706321237
0.7106360329992016,0.0374200147160982
0.7106803867648364,0.03743457558677325
0.7107247405304711,0.03744915967523754
0.7107690942961058,0.03746374376370183
0.7108134480617404,0.03747833780264722
0.7108578018273751,0.03749293184159261
0.7109021555930098,0.03750752588053799
0.7109465093586446,0.03752211991948338
0.7109908631242793,0.037536713958428766
0.711035216889914,0.037551307997374155
0.7110795706555487,0.03756590203631954
0.7111239244211833,0.037580496075264924
0.711168278186818,0.03759509011421031
0.7112126319524528,0.0376096841531557
0.7112569857180875,0.03762427819210109
0.7113013394837222,0.03763887223104648
0.7113456932493569,0.037653466269991866
0.7113900470149915,0.03766806030893725
0.7114344007806263,0.037682654347882635
0.711478754546261,0.037697248386828024
0.7115231083118957,0.03771184242577341
0.7115674620775304,0.0377264364647188
0.7116118158431651,0.03774103050366418
0.7116561696087998,0.03775562454260957
0.7117005233744345,0.03777021858155496
0.7117448771400692,0.03778484578877068
0.7117892309057039,0.0377994729959864
0.7118335846713386,0.037814130054645415
0.7118779384369733,0.03782880701426663
0.711922292202608,0.037843483973887836
0.7119666459682427,0.03785816093350905
0.7120109997338774,0.037872837893130264
0.7120553534995121,0.03788751485275148
0.7120997072651468,0.03790219181237269
0.7121440610307815,0.037916868771993906
0.7121884147964163,0.03793154573161512
0.712232768562051,0.03794622269123633
0.7122771223276856,0.03796089965085754
0.7123214760933203,0.03797557992730579
0.712365829858955,0.037990276787889195
0.7124101836245897,0.038005036668186234
0.7124545373902245,0.038019796548483274
0.7124988911558592,0.038034556428780314
0.7125432449214939,0.038049316309077354
0.7125875986871285,0.03806407618937439
0.7126319524527632,0.03807883606967143
0.712676306218398,0.03809359594996847
0.7127206599840327,0.03810835583026551
0.7127650137496674,0.03812311571056255
0.7128093675153021,0.03813787559085959
0.7128537212809367,0.03815266200577289
0.7128980750465714,0.03816747495530246
0.7129424288122062,0.03818230117214016
0.7129867825778409,0.03819712738897786
0.7130311363434756,0.03821197018995073
0.7130754901091103,0.03822681299092359
0.713119843874745,0.03824165579189646
0.7131641976403796,0.03825649859286932
0.7132085514060144,0.03827134139384219
0.7132529051716491,0.038286184194815054
0.7132972589372838,0.038301076748193406
0.7133416127029185,0.03831597261839881
0.7133859664685532,0.0383308983400475
0.7134303202341878,0.03834582406169619
0.7134746739998226,0.03836074978334488
0.7135190277654573,0.03837567550499357
0.713563381531092,0.038390601226642264
0.7136077352967267,0.038405526948290955
0.7136520890623614,0.038420452669939646
0.7136964428279962,0.03843537839158834
0.7137407965936308,0.03845030411323703
0.7137851503592655,0.03846522983488572
0.7138295041249002,0.03848015555653441
0.7138738578905349,0.0384950812781831
0.7139182116561696,0.03851000699983179
0.7139625654218044,0.038524932721480484
0.714006919187439,0.038539858443129175
0.7140512729530737,0.03855483391718336
0.7140956267187084,0.03856984255950788
0.7141399804843431,0.038584851201832394
0.7141843342499778,0.03859985984415691
0.7142286880156126,0.03861486848648143
0.7142730417812473,0.038629877128805945
0.7143173955468819,0.03864490235526563
0.7143617493125166,0.03865996074999564
0.7144061030781513,0.038675052312995985
0.714450456843786,0.03869014387599633
0.7144948106094208,0.03870523543899667
0.7145391643750555,0.03872032700199701
0.7145835181406902,0.038735418564997355
0.7146278719063248,0.0387505101279977
0.7146722256719595,0.03876560169099804
0.7147165794375943,0.03878069325399838
0.714760933203229,0.03879578481699873
0.7148052869688637,0.038810876379999075
0.7148496407344984,0.03882596794299942
0.714893994500133,0.03884105950599976
0.7149383482657677,0.0388561510690001
0.7149827020314025,0.038871285750751876
0.7150270557970372,0.03888643701663881
0.7150714095626719,0.03890159491617982
0.7151157633283066,0.038916769399855985
0.7151601170939413,0.038931943883532154
0.715204470859576,0.03894711836720832
0.7152488246252107,0.0389622928508845
0.7152931783908454,0.038977467334560666
0.7153375321564801,0.038992641818236834
0.7153818859221148,0.039007816301913
0.7154262396877495,0.0390230239538595
0.7154705934533842,0.03903823160580601
0.7155149472190189,0.03905345584188767
0.7155593009846536,0.039068713246239666
0.7156036547502883,0.03908397065059166
0.715648008515923,0.039099228054943654
0.7156923622815577,0.03911448545929565
0.7157367160471925,0.03912974286364765
0.7157810698128271,0.03914500026799964
0.7158254235784618,0.03916025767235164
0.7158697773440965,0.03917551507670363
0.7159141311097312,0.03919077248105563
0.715958484875366,0.039206029885407626
0.7160028386410007,0.03922128728975962
0.7160471924066353,0.039236544694111614
0.71609154617227,0.03925180209846361
0.7161358999379047,0.03926705950281561
0.7161802537035394,0.0392823169071676
0.7162246074691742,0.0392975743115196
0.7162689612348089,0.03931283171587159
0.7163133150004436,0.039328089120223585
0.7163576687660782,0.039343346524575586
0.7164020225317129,0.03935860392892758
0.7164463762973476,0.03937390776885804
0.7164907300629824,0.03938922155926959
0.7165350838286171,0.03940454530016225
0.7165794375942518,0.03941988562519007
0.7166237913598865,0.039435225950217895
0.7166681451255211,0.039450566275245715
0.7167124988911558,0.039465906600273534
0.7167568526567906,0.039481246925301354
0.7168012064224253,0.03949658725032918
0.71684556018806,0.039511927575357
0.7168899139536947,0.03952726790038482
0.7169342677193293,0.03954260822541264
0.716978621484964,0.03955794855044047
0.7170229752505988,0.039573288875468286
0.7170673290162335,0.03958866236876644
0.7171116827818682,0.03960408561447009
0.7171560365475029,0.039619508860173736
0.7172003903131376,0.03963493210587738
0.7172447440787723,0.039650355351581026
0.717289097844407,0.03966577859728468
0.7173334516100417,0.039681201842988324
0.7173778053756764,0.03969662508869197
0.7174221591413111,0.03971204833439562
0.7174665129069459,0.03972747158009927
0.7175108666725805,0.03974289482580291
0.7175552204382152,0.039758318071506565
0.7175995742038499,0.03977374131721021
0.7176439279694846,0.039789164562913856
0.7176882817351193,0.03980458780861751
0.7177326355007541,0.039820011054321154
0.7177769892663888,0.0398354343000248
0.7178213430320234,0.03985085754572845
0.7178656967976581,0.0398662807914321
0.7179100505632928,0.03988170735396278
0.7179544043289275,0.039897163767936755
0.7179987580945623,0.03991264008287293
0.718043111860197,0.03992812966511724
0.7180874656258316,0.03994363583149672
0.7181318193914663,0.03995914199787619
0.718176173157101,0.03997464816425566
0.7182205269227357,0.03999015433063514
0.7182648806883705,0.04000566049701461
0.7183092344540052,0.04002116666339408
0.7183535882196399,0.04003667282977356
0.7183979419852745,0.04005217899615303
0.7184422957509092,0.040067688479359535
0.718486649516544,0.040083211229874176
0.7185310032821787,0.04009876714865914
0.7185753570478134,0.04011435623571444
0.7186197108134481,0.04012994532276974
0.7186640645790828,0.04014553440982504
0.7187084183447174,0.04016112349688034
0.7187527721103522,0.04017671258393564
0.7187971258759869,0.04019230167099094
0.7188414796416216,0.04020789075804624
0.7188858334072563,0.04022347984510154
0.718930187172891,0.04023906893215684
0.7189745409385256,0.0402547144052717
0.7190188947041604,0.04027036982886766
0.7190632484697951,0.040286041836598785
0.7191076022354298,0.040301713844329914
0.7191519560010645,0.04031738585206104
0.7191963097666992,0.04033305785979216
0.719240663532334,0.04034872986752329
0.7192850172979686,0.04036440187525441
0.7193293710636033,0.04038007388298554
0.719373724829238,0.040395745890716664
0.7194180785948727,0.04041141789844779
0.7194624323605074,0.04042709322300595
0.7195067861261422,0.04044278181487224
0.7195511398917768,0.040458480357219634
0.7195954936574115,0.04047418885004812
0.7196398474230462,0.04048991061018474
0.7196842011886809,0.040505665538591695
0.7197285549543156,0.040521420466998644
0.7197729087199504,0.0405371753954056
0.7198172624855851,0.04055293032381255
0.7198616162512197,0.0405686852522195
0.7199059700168544,0.04058444018062645
0.7199503237824891,0.040600195109033406
0.7199946775481239,0.040615950037440354
0.7200390313137586,0.04063170496584731
0.7200833850793933,0.04064745989425426
0.720127738845028,0.04066321482266121
0.7201720926106626,0.04067896975106816
0.7202164463762973,0.04069472467947512
0.7202608001419321,0.040710479607882065
0.7203051539075668,0.04072623785311605
0.7203495076732015,0.04074199609835003
0.7203938614388362,0.04075776761089215
0.7204382152044708,0.04077360545997493
0.7204825689701055,0.040789443309057705
0.7205269227357403,0.040805281158140486
0.720571276501375,0.04082111900722326
0.7206156302670097,0.04083695685630604
0.7206599840326444,0.04085279470538882
0.7207043377982791,0.040868632554471596
0.7207486915639137,0.04088447040355438
0.7207930453295485,0.04090030825263715
0.7208373990951832,0.04091614610171993
0.7208817528608179,0.040931990584456776
0.7209261066264526,0.04094787155229099
0.7209704603920873,0.04096379232204959
0.721014814157722,0.040979713091808194
0.7210591679233567,0.040995633861566794
0.7211035216889914,0.0410115546313254
0.7211478754546261,0.04102747540108401
0.7211922292202608,0.04104339617084261
0.7212365829858955,0.04105931694060121
0.7212809367515303,0.04107523771035981
0.7213252905171649,0.04109115848011842
0.7213696442827996,0.04110707924987703
0.7214139980484343,0.041123000019635626
0.721458351814069,0.04113892078939423
0.7215027055797038,0.04115484155915284
0.7215470593453385,0.04117076232891144
0.7215914131109731,0.041186683098670046
0.7216357668766078,0.04120262708621788
0.7216801206422425,0.04121861419251715
0.7217244744078772,0.041234617882951574
0.721768828173512,0.04125062157338601
0.7218131819391467,0.04126662526382044
0.7218575357047814,0.041282628954254864
0.721901889470416,0.0412986326446893
0.7219462432360507,0.04131463633512373
0.7219905970016854,0.041330656609693324
0.7220349507673202,0.04134667688426292
0.7220793045329549,0.04136269715883251
0.7221236582985896,0.04137878376994277
0.7221680120642243,0.04139487038105303
0.7222123658298589,0.04141095699216328
0.7222567195954936,0.04142704360327354
0.7223010733611284,0.0414431302143838
0.7223454271267631,0.04145921682549405
0.7223897808923978,0.041475303436604306
0.7224341346580325,0.041491390047714564
0.7224784884236671,0.04150747665882482
0.7225228421893019,0.041523563269935074
0.7225671959549366,0.04153964988104533
0.7226115497205713,0.04155573649215559
0.722655903486206,0.04157182310326584
0.7227002572518407,0.0415879097143761
0.7227446110174754,0.04160401954327559
0.72278896478311,0.04162013932265618
0.7228333185487448,0.041636275686171925
0.7228776723143795,0.04165243526747691
0.7229220260800142,0.041668604799262994
0.7229663798456489,0.04168477433104908
0.7230107336112837,0.041700943862835155
0.7230550873769183,0.04171711339462124
0.723099441142553,0.04173328292640732
0.7231437949081877,0.041749452458193406
0.7231881486738224,0.04176562198997949
0.7232325024394571,0.04178179152176557
0.7232768562050919,0.04179796105355165
0.7233212099707266,0.041814130585337735
0.7233655637363612,0.04183030011712382
0.7234099175019959,0.041846486233045065
0.7234542712676306,0.04186268893310148
0.7234986250332653,0.04187894138556339
0.7235429787989001,0.04189519383802529
0.7235873325645348,0.0419114462904872
0.7236316863301694,0.04192769874294911
0.7236760400958041,0.04194395119541102
0.7237203938614388,0.04196020364787293
0.7237647476270735,0.04197645610033483
0.7238091013927083,0.04199270855279674
0.723853455158343,0.04200896100525865
0.7238978089239777,0.04202521345772056
0.7239421626896123,0.04204146591018247
0.723986516455247,0.042057718362644374
0.7240308702208818,0.04207397081510628
0.7240752239865165,0.04209022326756819
0.7241195777521512,0.0421064757200301
0.7241639315177859,0.04212272817249201
0.7242082852834206,0.04213898062495392
0.7242526390490552,0.042155233077415824
0.72429699281469,0.042171485529877734
0.7243413465803247,0.04218773798233964
0.7243857003459594,0.042204023603071884
0.7244300541115941,0.04222035897620962
0.7244744078772288,0.042236694349347355
0.7245187616428634,0.04225302972248508
0.7245631154084982,0.04226936509562282
0.7246074691741329,0.042285700468760554
0.7246518229397676,0.04230203584189829
0.7246961767054023,0.042318371215036024
0.724740530471037,0.04233470658817376
0.7247848842366718,0.042351041961311495
0.7248292380023064,0.04236741050271956
0.7248735917679411,0.042383828796533116
0.7249179455335758,0.04240024709034668
0.7249622992992105,0.04241666538416024
0.7250066530648452,0.0424330836779738
0.72505100683048,0.04244950197178736
0.7250953605961146,0.04246592026560092
0.7251397143617493,0.04248233855941448
0.725184068127384,0.04249875685322804
0.7252284218930187,0.0425151751470416
0.7252727756586534,0.042531593440855164
0.7253171294242882,0.042548011734668725
0.7253614831899229,0.042564430028482286
0.7254058369555575,0.04258084832229584
0.7254501907211922,0.0425972666161094
0.7254945444868269,0.04261368490992296
0.7255388982524617,0.04263010652056356
0.7255832520180964,0.04264653476485822
0.7256276057837311,0.04266298622694211
0.7256719595493657,0.04267948744143149
0.7257163133150004,0.04269598865592088
0.7257606670806351,0.042712489870410264
0.7258050208462699,0.04272899108489965
0.7258493746119046,0.042745571903237835
0.7258937283775393,0.04276215603840305
0.725938082143174,0.04277874017356826
0.7259824359088086,0.04279532430873347
0.7260267896744433,0.042811908443898684
0.7260711434400781,0.0428284925790639
0.7261154972057128,0.04284507671422911
0.7261598509713475,0.04286166084939432
0.7262042047369822,0.042878244984559534
0.7262485585026169,0.042894829119724746
0.7262929122682515,0.04291141325488996
0.7263372660338863,0.04292799739005517
0.726381619799521,0.042944581525220384
0.7264259735651557,0.042961165660385596
0.7264703273307904,0.04297774979555081
0.7265146810964251,0.04299433393071602
0.7265590348620597,0.04301091806588123
0.7266033886276945,0.043027502201046446
0.7266477423933292,0.04304408633621166
0.7266920961589639,0.04306067047137687
0.7267364499245986,0.04307725460654208
0.7267808036902333,0.043093838741707295
0.7268251574558681,0.04311050579754833
0.7268695112215027,0.04312717285338937
0.7269138649871374,0.04314383990923041
0.7269582187527721,0.04316050696507145
0.7270025725184068,0.043177174020912486
0.7270469262840416,0.04319384107675353
0.7270912800496763,0.04321050813259457
0.7271356338153109,0.04322720835670594
0.7271799875809456,0.0432439583332228
0.7272243413465803,0.043260708309739666
0.727268695112215,0.04327745828625653
0.7273130488778498,0.043294208262773394
0.7273574026434845,0.04331095823929026
0.7274017564091192,0.04332770821580712
0.7274461101747538,0.04334445819232399
0.7274904639403885,0.043361208168840856
0.7275348177060232,0.04337795814535772
0.727579171471658,0.043394708121874584
0.7276235252372927,0.04341148131618068
0.7276678790029274,0.04342828104510304
0.7277122327685621,0.043445107308641664
0.7277565865341967,0.043461940205834354
0.7278009402998314,0.043478773103027044
0.7278452940654662,0.04349560600021973
0.7278896478311009,0.04351243889741242
0.7279340015967356,0.04352927179460512
0.7279783553623703,0.04354610469179781
0.7280227091280049,0.0435629375889905
0.7280670628936396,0.04357977048618319
0.7281114166592744,0.04359660338337588
0.7281557704249091,0.04361343628056857
0.7282001241905438,0.043630302346031595
0.7282444779561785,0.04364721816390011
0.7282888317218132,0.043664133981768626
0.7283331854874479,0.04368104979963714
0.7283775392530826,0.04369796561750566
0.7284218930187173,0.04371488143537418
0.728466246784352,0.043731797253242694
0.7285106005499867,0.04374871307111121
0.7285549543156215,0.043765628888979724
0.7285993080812561,0.043782544706848246
0.7286436618468908,0.04379946052471676
0.7286880156125255,0.04381643272864484
0.7287323693781602,0.04383343146718918
0.7287767231437949,0.04385043020573353
0.7288210769094297,0.04386742894427787
0.7288654306750644,0.04388442768282221
0.728909784440699,0.04390142642136656
0.7289541382063337,0.0439184251599109
0.7289984919719684,0.04393542389845524
0.7290428457376031,0.04395242263699958
0.7290871995032379,0.04396943132602503
0.7291315532688726,0.04398649971793706
0.7291759070345072,0.04400358137715723
0.7292202608001419,0.044020663036377396
0.7292646145657766,0.04403774469559757
0.7293089683314113,0.044054826354817736
0.7293533220970461,0.0440719080140379
0.7293976758626808,0.044088989673258076
0.7294420296283155,0.04410607133247824
0.7294863833939501,0.04412315299169841
0.7295307371595848,0.04414023465091858
0.7295750909252195,0.04415731631013875
0.7296194446908543,0.04417439796935892
0.729663798456489,0.04419147962857908
0.7297081522221237,0.04420856128779926
0.7297525059877584,0.044225642947019424
0.729796859753393,0.04424272460623959
0.7298412135190278,0.044259806265459764
0.7298855672846625,0.04427688792467993
0.7299299210502972,0.0442939695839001
0.7299742748159319,0.04431105124312027
0.7300186285815666,0.04432813290234044
0.7300629823472012,0.044345214561560604
0.730107336112836,0.04436229622078078
0.7301516898784707,0.04437942763240644
0.7301960436441054,0.04439656567768617
0.7302403974097401,0.044413716990274035
0.7302847511753748,0.04443088157017003
0.7303291049410096,0.04444804615006602
0.7303734587066442,0.044465214046789055
0.7304178124722789,0.04448238194351208
0.7304621662379136,0.044499612859948745
0.7305065200035483,0.04451686036052056
0.730550873769183,0.04453410786109239
0.7305952275348178,0.044551355361664206
0.7306395813004524,0.04456860286223603
0.7306839350660871,0.04458585036280785
0.7307282888317218,0.04460309786337967
0.7307726425973565,0.04462034536395149
0.7308169963629912,0.04463759286452331
0.730861350128626,0.044654840365095136
0.7309057038942607,0.044672087865666954
0.7309500576598953,0.04468933536623877
0.73099441142553,0.0447065828668106
0.7310387651911647,0.044723830367382415
0.7310831189567994,0.044741091135262374
0.7311274727224342,0.044758371804104524
0.7311718264880689,0.044775702225352175
0.7312161802537035,0.04479303264659982
0.7312605340193382,0.04481036306784747
0.7313048877849729,0.04482769348909511
0.7313492415506077,0.04484506039544012
0.7313935953162424,0.044862463786882495
0.7314379490818771,0.044879877128805964
0.7314823028475118,0.04489729047072944
0.7315266566131464,0.04491470381265292
0.7315710103787811,0.04493211715457639
0.7316153641444159,0.044949530496499863
0.7316597179100506,0.04496694383842333
0.7317040716756853,0.04498435718034681
0.73174842544132,0.04500177052227028
0.7317927792069547,0.045019183864193756
0.7318371329725893,0.045036597206117225
0.7318814867382241,0.0450540105480407
0.7319258405038588,0.04507142388996417
0.7319701942694935,0.04508883723188765
0.7320145480351282,0.04510625057381112
0.7320589018007629,0.045123663915734594
0.7321032555663975,0.04514108389131213
0.7321476093320323,0.04515851381737076
0.732191963097667,0.04517596032756457
0.7322363168633017,0.04519345659016387
0.7322806706289364,0.045210952852763164
0.7323250243945711,0.04522847896680576
0.7323693781602059,0.045246058150080884
0.7324137319258405,0.04526363733335601
0.7324580856914752,0.04528121651663114
0.7325024394571099,0.04529879569990626
0.7325467932227446,0.04531637488318139
0.7325911469883793,0.04533395406645651
0.7326355007540141,0.04535153324973164
0.7326798545196487,0.045369112433006765
0.7327242082852834,0.045386691616281886
0.7327685620509181,0.045404270799557014
0.7328129158165528,0.045421849982832135
0.7328572695821876,0.04543942916610726
0.7329016233478223,0.04545700834938239
0.732945977113457,0.04547458753265751
0.7329903308790916,0.04549216671593264
0.7330346846447263,0.04550974589920776
0.733079038410361,0.04552732508248289
0.7331233921759958,0.045544914216239116
0.7331677459416305,0.04556257632019006
0.7332120997072652,0.045580238424141016
0.7332564534728998,0.04559790052809197
0.7333008072385345,0.04561556594886995
0.7333451610041692,0.04563324463695607
0.733389514769804,0.045650963126966586
0.7334338685354387,0.045668708151593365
0.7334782223010734,0.04568645317622014
0.7335225760667081,0.04570419820084692
0.7335669298323427,0.045721943225473696
0.7336112835979774,0.04573971478471673
0.7336556373636122,0.04575748634395977
0.7336999911292469,0.04577526453685688
0.7337443448948816,0.04579309248215948
0.7337886986605163,0.045810920427462085
0.733833052426151,0.04582874837276469
0.7338774061917857,0.045846576318067295
0.7339217599574204,0.04586440426336989
0.7339661137230551,0.0458822322086725
0.7340104674886898,0.0459000900054184
0.7340548212543245,0.04591800087139683
0.7340991750199592,0.04593591173737526
0.7341435287855939,0.045953822603353685
0.7341878825512286,0.045971733469332116
0.7342322363168633,0.045989644335310546
0.734276590082498,0.04600755520128898
0.7343209438481327,0.04602546606726741
0.7343652976137675,0.04604337693324583
0.7344096513794022,0.04606128779922426
0.7344540051450368,0.04607919866520269
0.7344983589106715,0.046097109531181124
0.7345427126763062,0.046115020397159555
0.7345870664419409,0.04613293126313798
0.7346314202075757,0.04615086203007861
0.7346757739732104,0.046168802747500334
0.734720127738845,0.04618674346492206
0.7347644815044797,0.046204687499170824
0.7348088352701144,0.046222631533419586
0.7348531890357491,0.04624057556766835
0.7348975428013839,0.0462585693543226
0.7349418965670186,0.046276563140976855
0.7349862503326533,0.04629455692763111
0.7350306040982879,0.04631255071428537
0.7350749578639226,0.046330544500939624
0.7351193116295573,0.04634853828759388
0.7351636653951921,0.04636653207424814
0.7352080191608268,0.04638456234599975
0.7352523729264615,0.0464026058850595
0.7352967266920962,0.04642064942411925
0.7353410804577308,0.04643869959683307
0.7353854342233656,0.04645675972002799
0.7354297879890003,0.04647483642735807
0.735474141754635,0.04649291313468815
0.7355184955202697,0.046510989842018235
0.7355628492859044,0.04652906654934832
0.735607203051539,0.0465471432566784
0.7356515568171738,0.04656521996400848
0.7356959105828085,0.04658329667133856
0.7357402643484432,0.04660137337866864
0.7357846181140779,0.04661945008599872
0.7358289718797126,0.046637526793328804
0.7358733256453474,0.046655603500658886
0.735917679410982,0.04667368020798897
0.7359620331766167,0.04669175691531905
0.7360063869422514,0.04670983362264913
0.7360507407078861,0.046727910329979215
0.7360950944735208,0.0467459870373093
0.7361394482391556,0.04676406374463938
0.7361838020047902,0.04678219020437495
0.7362281557704249,0.04680033656507272
0.7362725095360596,0.046818482925770497
0.7363168633016943,0.046836642553776404
0.736361217067329,0.04685480218178231
0.7364055708329638,0.04687296180978822
0.7364499245985985,0.04689112143779413
0.7364942783642331,0.046909281065800036
0.7365386321298678,0.046927440693805944
0.7365829858955025,0.04694560032181185
0.7366273396611372,0.04696375994981776
0.736671693426772,0.04698191957782367
0.7367160471924067,0.047000079205829576
0.7367604009580413,0.047018238833835484
0.736804754723676,0.047036448214246886
0.7368491084893107,0.04705469076292862
0.7368934622549455,0.04707293331161035
0.7369378160205802,0.04709117586029209
0.7369821697862149,0.04710941840897382
0.7370265235518496,0.047127660957655554
0.7370708773174842,0.04714590350633729
0.7371152310831189,0.04716414605501902
0.7371595848487537,0.047182388603700755
0.7372039386143884,0.04720063115238249
0.7372482923800231,0.04721887370106422
0.7372926461456578,0.047237116249745956
0.7373369999112925,0.04725535879842769
0.7373813536769271,0.04727360134710942
0.7374257074425619,0.04729184389579116
0.7374700612081966,0.04731011297908915
0.7375144149738313,0.04732838869604122
0.737558768739466,0.04734666441299328
0.7376031225051007,0.04736494012994535
0.7376474762707353,0.04738326559930291
0.7376918300363701,0.047401591068660466
0.7377361838020048,0.047419916538018025
0.7377805375676395,0.047438242007375585
0.7378248913332742,0.047456567476733144
0.7378692450989089,0.047474892946090703
0.7379135988645437,0.04749321841544826
0.7379579526301783,0.04751154388480583
0.738002306395813,0.04752986935416339
0.7380466601614477,0.04754819482352095
0.7380910139270824,0.04756653687701367
0.7381353676927171,0.04758491209877672
0.7381797214583519,0.04760329395419385
0.7382240752239865,0.04762168576009207
0.7382684289896212,0.047640094150125455
0.7383127827552559,0.04765850254015884
0.7383571365208906,0.047676910930192225
0.7384014902865254,0.04769531932022562
0.7384458440521601,0.047713727710259
0.7384901978177948,0.04773213610029239
0.7385345515834294,0.04775054449032577
0.7385789053490641,0.04776895288035916
0.7386232591146988,0.04778736127039254
0.7386676128803336,0.04780576966042593
0.7387119666459683,0.04782424438699998
0.738756320411603,0.04784273569770919
0.7388006741772376,0.047861227008418404
0.7388450279428723,0.047879718319127615
0.738889381708507,0.047898209629836826
0.7389337354741418,0.04791678386122186
0.7389780892397765,0.047935358092606906
0.7390224430054112,0.04795393232399194
0.7390667967710459,0.04797250655537698
0.7391111505366805,0.047991080786762015
0.7391555043023152,0.04800965501814705
0.73919985806795,0.048028229249532095
0.7392442118335847,0.04804680348091713
0.7392885655992194,0.04806537771230217
0.7393329193648541,0.048083951943687205
0.7393772731304888,0.04810252617507225
0.7394216268961235,0.048121100406457284
0.7394659806617582,0.04813967463784232
0.7395103344273929,0.04815825218605439
0.7395546881930276,0.04817683305109349
0.7395990419586623,0.04819544045074887
0.739643395724297,0.04821408101867457
0.7396877494899317,0.04823273817073543
0.7397321032555664,0.0482513953227963
0.7397764570212011,0.04827005247485716
0.7398208107868358,0.048288726211053186
0.7398651645524705,0.04830740658090328
0.7399095183181053,0.048326146653639976
0.73995387208374,0.048344886726376664
0.7399982258493746,0.04836362679911335
0.7400425796150093,0.04838236687185005
0.740086933380644,0.048401106944586735
0.7401312871462787,0.04841984701732342
0.7401756409119135,0.04843858709006012
0.7402199946775482,0.048457327162796805
0.7402643484431828,0.04847606723553349
0.7403087022088175,0.04849488359529195
0.7403530559744522,0.048513706588704464
0.7403974097400869,0.04853252958211698
0.7404417635057217,0.0485513525755295
0.7404861172713564,0.04857017556894201
0.7405304710369911,0.04858900519600859
0.7405748248026257,0.048607877941826604
0.7406191785682604,0.04862675068764461
0.7406635323338951,0.04864565660173295
0.7407078860995299,0.0486645625158213
0.7407522398651646,0.048683468429909636
0.7407965936307993,0.04870237434399798
0.7408409473964339,0.04872128025808632
0.7408853011620686,0.04874018617217467
0.7409296549277034,0.04875909208626301
0.7409740086933381,0.04877799800035135
0.7410183624589728,0.04879690391443969
0.7410627162246075,0.04881580982852803
0.7411070699902422,0.04883471574261638
0.7411514237558768,0.04885362165670472
0.7411957775215116,0.04887252757079306
0.7412401312871463,0.048891433484881404
0.741284485052781,0.04891033939896974
0.7413288388184157,0.04892925194671215
0.7413731925840504,0.048948191029070824
0.7414175463496852,0.048967143378737636
0.7414619001153198,0.0489861322135018
0.7415062538809545,0.04900512104826597
0.7415506076465892,0.04902410988303014
0.7415949614122239,0.049043115301929466
0.7416393151778586,0.0490621207208288
0.7416836689434934,0.04908115930799846
0.741728022709128,0.04910023106343846
0.7417723764747627,0.04911930281887845
0.7418167302403974,0.049138374574318446
0.7418610840060321,0.049157446329758436
0.7419054377716668,0.049176518085198434
0.7419497915373016,0.049195589840638425
0.7419941453029363,0.04921466159607842
0.7420384990685709,0.04923373335151841
0.7420828528342056,0.04925280510695841
0.7421272065998403,0.0492718768623984
0.742171560365475,0.0492909486178384
0.7422159141311098,0.04931002037327839
0.7422602678967445,0.04932909212871839
0.7423046216623791,0.04934816388415838
0.7423489754280138,0.04936723563959838
0.7423933291936485,0.04938639031571419
0.7424376829592833,0.04940554499183002
0.742482036724918,0.04942469966794583
0.7425263904905527,0.049443854344061657
0.7425707442561874,0.04946300902017748
0.742615098021822,0.04948219686456363
0.7426594517874567,0.04950143446135528
0.7427038055530915,0.04952067205814692
0.7427481593187262,0.04953990965493857
0.7427925130843609,0.04955914725173022
0.7428368668499956,0.04957838484852186
0.7428812206156303,0.04959762244531351
0.7429255743812649,0.04961686004210516
0.7429699281468997,0.0496360976388968
0.7430142819125344,0.04965533523568845
0.7430586356781691,0.04967457283248009
0.7431029894438038,0.04969381042927174
0.7431473432094385,0.04971304802606339
0.7431916969750731,0.04973228562285503
0.7432360507407079,0.04975152321964668
0.7432804045063426,0.049770760816438324
0.7433247582719773,0.04978999841322997
0.743369112037612,0.04980923601002162
0.7434134658032467,0.049828473606813264
0.7434578195688815,0.049847747688702274
0.7435021733345161,0.04986704167155349
0.7435465271001508,0.04988634560488579
0.7435908808657855,0.04990566612235327
0.7436352346314202,0.04992498663982074
0.743679588397055,0.04994430715728821
0.7437239421626897,0.049963627674755685
0.7437682959283243,0.04998294819222316
0.743812649693959,0.05000226870969063
0.7438570034595937,0.050021622395428435
0.7439013572252284,0.05004098603164734
0.7439457109908632,0.05006035630152031
0.7439900647564979,0.0500797597396636
0.7440344185221326,0.0500991631778069
0.7440787722877672,0.050118566615950204
0.7441231260534019,0.0501379700540935
0.7441674798190366,0.0501573734922368
0.7442118335846714,0.0501767769303801
0.7442561873503061,0.0501961803685234
0.7443005411159408,0.05021558380666669
0.7443448948815754,0.050234987244809994
0.7443892486472101,0.050254390682953294
0.7444336024128448,0.05027379412109659
0.7444779561784796,0.050293260578953516
0.7445223099441143,0.05031274693777264
0.744566663709749,0.05033223329659177
0.7446110174753837,0.05035171965541089
0.7446553712410183,0.050371206014230015
0.744699725006653,0.05039069237304914
0.7447440787722878,0.05041017873186827
0.7447884325379225,0.05042968167482255
0.7448327863035572,0.05044921778604717
0.7448771400691919,0.05046878706554212
0.7449214938348266,0.05048835634503707
0.7449658476004613,0.05050792562453202
0.745010201366096,0.05052749490402697
0.7450545551317307,0.05054706418352192
0.7450989088973654,0.050566633463016875
0.7451432626630001,0.05058620274251183
0.7451876164286348,0.05060577202200678
0.7452319701942695,0.050625341301501724
0.7452763239599042,0.050644910580996676
0.7453206777255389,0.05066447986049163
0.7453650314911736,0.05068404913998658
0.7454093852568083,0.05070361841948153
0.745453739022443,0.05072318769897648
0.7454980927880778,0.05074275697847143
0.7455424465537124,0.05076232625796638
0.7455868003193471,0.05078197845813716
0.7456311540849818,0.050801630658307936
0.7456755078506165,0.050821282858478714
0.7457198616162513,0.05084093505864949
0.745764215381886,0.05086058725882026
0.7458085691475206,0.0508802560431262
0.7458529229131553,0.050899957995702474
0.74589727667879,0.050919659948278746
0.7459416304444247,0.05093939506912535
0.7459859842100595,0.05095913018997195
0.7460303379756942,0.05097886531081855
0.7460746917413289,0.05099860043166515
0.7461190455069635,0.05101833555251176
0.7461633992725982,0.05103807067335836
0.746207753038233,0.05105780579420496
0.7462521068038677,0.05107754091505157
0.7462964605695024,0.051097279352725206
0.7463408143351371,0.05111704764184214
0.7463851681007717,0.05113683914874831
0.7464295218664064,0.05115663728930854
0.7464738756320412,0.05117643874669581
0.7465182293976759,0.051196256788218236
0.7465625831633106,0.051216074829740665
0.7466069369289453,0.051235892871263095
0.74665129069458,0.051255710912785524
0.7466956444602146,0.05127552895430795
0.7467399982258494,0.05129534699583038
0.7467843519914841,0.05131516503735281
0.7468287057571188,0.0513349996630104
0.7468730595227535,0.051354850872803164
0.7469174132883882,0.05137475183500142
0.746961767054023,0.05139465279719967
0.7470061208196576,0.05141455375939793
0.7470504745852923,0.05143445472159618
0.747094828350927,0.05145435568379444
0.7471391821165617,0.05147425664599269
0.7471835358821964,0.05149415760819095
0.7472278896478312,0.0515140585703892
0.7472722434134658,0.05153395953258746
0.7473165971791005,0.05155386049478571
0.7473609509447352,0.05157376145698397
0.7474053047103699,0.05159366241918222
0.7474496584760046,0.05161358991599674
0.7474940122416394,0.051633524046465325
0.7475383660072741,0.051653507929339405
0.7475827197729087,0.051673491812213486
0.7476270735385434,0.051693475695087567
0.7476714273041781,0.05171345957796165
0.7477157810698128,0.05173344346083573
0.7477601348354476,0.05175342734370981
0.7478044886010823,0.05177341786023795
0.7478488423667169,0.05179343491138237
0.7478931961323516,0.051813451962526784
0.7479375498979863,0.05183351876607669
0.747981903663621,0.0518535855696266
0.7480262574292558,0.0518736523731765
0.7480706111948905,0.05189371917672641
0.7481149649605252,0.051913785980276315
0.7481593187261598,0.05193385278382622
0.7482036724917945,0.051953919587376135
0.7482480262574293,0.05197398639092604
0.748292380023064,0.05199406977861111
0.7483367337886987,0.05201418633456651
0.7483810875543334,0.05203433605879224
0.7484254413199681,0.052054485783017974
0.7484697950856027,0.052074635507243706
0.7485141488512375,0.05209478523146944
0.7485585026168722,0.05211493495569517
0.7486028563825069,0.05213510126405607
0.7486472101481416,0.052155284156552136
0.7486915639137763,0.05217551680145369
0.748735917679411,0.05219574944635525
0.7487802714450457,0.05221598209125681
0.7488246252106804,0.05223621473615837
0.7488689789763151,0.05225644738105993
0.7489133327419498,0.05227668002596149
0.7489576865075845,0.05229691267086305
0.7490020402732193,0.052317145315764604
0.7490463940388539,0.05233737796066617
0.7490907478044886,0.05235761060556773
0.7491351015701233,0.052377843250469285
0.749179455335758,0.05239807589537084
0.7492238091013927,0.05241830854027241
0.7492681628670275,0.052438541185173965
0.7493125166326621,0.05245877383007552
0.7493568703982968,0.05247900647497708
0.7494012241639315,0.05249923911987864
0.7494455779295662,0.05251953478449383
0.749489931695201,0.052539850350071214
0.7495342854608357,0.0525601659156486
0.7495786392264704,0.05258048148122598
0.749622992992105,0.05260079704680337
0.7496673467577397,0.052621112612380755
0.7497117005233744,0.052641448078920336
0.7497560542890092,0.05266178686228696
0.7498004080546439,0.052682125645653576
0.7498447618202786,0.052702524131906785
0.7498891155859132,0.05272292261816
0.7499334693515479,0.05274332110441321
0.7499778231171826,0.05276371959066642
0.7500221768828174,0.052784118076919635
0.7500665306484521,0.052804516563172844
0.7501108844140868,0.052824915049426054
0.7501552381797215,0.05284531353567927
0.7501995919453561,0.05286571202193248
0.7502439457109908,0.05288611050818569
0.7502882994766256,0.0529065089944389
0.7503326532422603,0.05292690748069211
0.750377007007895,0.052947339135215654
0.7504213607735297,0.052967794007528435
0.7504657145391644,0.05298825883032231
0.750510068304799,0.05300874023725135
0.7505544220704338,0.053029221644180384
0.7505987758360685,0.05304970305110942
0.7506431296017032,0.05307018445803846
0.7506874833673379,0.053090665864967496
0.7507318371329726,0.05311114727189653
0.7507761908986073,0.05313166848074997
0.750820544664242,0.05315223280835483
0.7508648984298767,0.053172797135959696
0.7509092521955114,0.053193361463564556
0.7509536059611461,0.05321392579116942
0.7509979597267809,0.053234490118774284
0.7510423134924156,0.053255054446379145
0.7510866672580502,0.05327561877398401
0.7511310210236849,0.05329618310158887
0.7511753747893196,0.05331679718159923
0.7512197285549543,0.05333744442987992
0.751264082320589,0.05335809167816061
0.7513084360862238,0.0533787389264413
0.7513527898518584,0.05339938617472199
0.7513971436174931,0.05342003342300268
0.7514414973831278,0.05344069725541853
0.7514858511487625,0.05346138430562361
0.7515302049143973,0.0534820813063098
0.751574558680032,0.05350281147526631
0.7516189124456667,0.05352354164422283
0.7516632662113013,0.05354427181317934
0.751707619976936,0.05356500198213586
0.7517519737425707,0.05358573215109237
0.7517963275082055,0.05360646232004889
0.7518406812738402,0.05362719248900541
0.7518850350394749,0.05364792265796192
0.7519293888051095,0.05366865282691844
0.7519737425707442,0.053689416164145284
0.752018096336379,0.0537101960855073
0.7520624501020137,0.053731009175139635
0.7521068038676484,0.05375182226477198
0.7521511576332831,0.05377263535440432
0.7521955113989178,0.05379344844403666
0.7522398651645524,0.053814261533669
0.7522842189301872,0.053835074623301345
0.7523285726958219,0.05385588771293369
0.7523729264614566,0.05387670080256603
0.7524172802270913,0.05389751389219837
0.752461633992726,0.05391832698183071
0.7525059877583608,0.053939140071463054
0.7525503415239954,0.05396001618080902
0.7525946952896301,0.05398091219111719
0.7526390490552648,0.05400180820142536
0.7526834028208995,0.054022704211733524
0.7527277565865342,0.054043600222041695
0.752772110352169,0.054064496232349865
0.7528164641178036,0.05408539224265803
0.7528608178834383,0.0541062882529662
0.752905171649073,0.05412718426327436
0.7529495254147077,0.05414808027358253
0.7529938791803424,0.0541689762838907
0.7530382329459772,0.05418987229419887
0.7530825867116119,0.05421076830450704
0.7531269404772465,0.0542316643148152
0.7531712942428812,0.05425256032512337
0.7532156480085159,0.05427345633543154
0.7532600017741506,0.054294352345739705
0.7533043555397854,0.054315248356047875
0.7533487093054201,0.054336144366356046
0.7533930630710547,0.05435707354493454
0.7534374168366894,0.05437805247591854
0.7534817706023241,0.05439903140690253
0.7535261243679588,0.05442009325856235
0.7535704781335936,0.05444115511022217
0.7536148318992283,0.05446221696188199
0.753659185664863,0.054483278813541806
0.7537035394304976,0.05450434066520163
0.7537478931961323,0.05452540251686145
0.753792246961767,0.05454646436852127
0.7538366007274018,0.05456752622018109
0.7538809544930365,0.054588591388667944
0.7539253082586712,0.05460968309177106
0.7539696620243058,0.05463080132949045
0.7540140157899405,0.054651946101826096
0.7540583695555753,0.05467309087416174
0.75410272332121,0.054694235646497384
0.7541470770868447,0.05471538041883303
0.7541914308524794,0.05473652519116868
0.7542357846181141,0.05475766996350432
0.7542801383837487,0.05477881473583997
0.7543244921493835,0.054799959508175615
0.7543688459150182,0.0548211175478194
0.7544131996806529,0.054842292171598334
0.7544575534462876,0.054863503280474644
0.7545019072119223,0.05488473097348612
0.7545462609775571,0.05490595866649759
0.7545906147431917,0.054927186359509064
0.7546349685088264,0.05494841405252054
0.7546793222744611,0.05496964174553201
0.7547236760400958,0.05499086943854348
0.7547680298057305,0.05501209713155495
0.7548123835713653,0.055033324824566424
0.7548567373369999,0.0550545525175779
0.7549010911026346,0.05507578021058937
0.7549454448682693,0.055097007903600836
0.754989798633904,0.05511823559661231
0.7550341523995387,0.05513946328962378
0.7550785061651735,0.055160700933116355
0.7551228599308082,0.055181948527090026
0.7551672136964428,0.055203259140777325
0.7552115674620775,0.05522456975446462
0.7552559212277122,0.055245880368151916
0.755300274993347,0.05526722083328251
0.7553446287589817,0.05528856461524014
0.7553889825246164,0.055309924981332935
0.755433336290251,0.05533131851569606
0.7554776900558857,0.055352712050059184
0.7555220438215204,0.05537410558442231
0.7555663975871552,0.055395499118785434
0.7556107513527899,0.05541689265314855
0.7556551051184246,0.055438286187511676
0.7556994588840593,0.0554596797218748
0.7557438126496939,0.055481073256237926
0.7557881664153286,0.05550246679060105
0.7558325201809634,0.055523860324964175
0.7558768739465981,0.05554532019586796
0.7559212277122328,0.05556679665090691
0.7559655814778675,0.055588273105945864
0.7560099352435022,0.055609749560984814
0.7560542890091368,0.055631226016023765
0.7560986427747716,0.055652702471062715
0.7561429965404063,0.055674212094372
0.756187350306041,0.05569572171768128
0.7562317040716757,0.055717237974644625
0.7562760578373104,0.05573877081574314
0.756320411602945,0.055760330191457916
0.7563647653685798,0.05578188956717269
0.7564091191342145,0.05580344894288747
0.7564534728998492,0.055825008318602244
0.7564978266654839,0.05584656769431702
0.7565421804311186,0.055868127070031796
0.7565865341967534,0.05588968644574657
0.756630887962388,0.05591124582146135
0.7566752417280227,0.055932805197176125
0.7567195954936574,0.0559543645728909
0.7567639492592921,0.05597592394860568
0.7568083030249269,0.05599748332432045
0.7568526567905616,0.05601904270003523
0.7568970105561962,0.056040602075750005
0.7569413643218309,0.05606222778800545
0.7569857180874656,0.056083870084396054
0.7570300718531003,0.056105512380786655
0.7570744256187351,0.05612715467717726
0.7571187793843698,0.05614879697356786
0.7571631331500045,0.05617043926995846
0.7572074869156391,0.05619213131875456
0.7572518406812738,0.05621383663485879
0.7572961944469085,0.056235561851925214
0.7573405482125433,0.05625728706899164
0.757384901978178,0.05627901228605807
0.7574292557438127,0.056300737503124504
0.7574736095094473,0.05632246272019093
0.757517963275082,0.05634418793725736
0.7575623170407167,0.056365913154323787
0.7576066708063515,0.056387638371390214
0.7576510245719862,0.05640936358845664
0.7576953783376209,0.05643108880552307
0.7577397321032556,0.05645283060672466
0.7577840858688902,0.05647457904158032
0.757828439634525,0.05649636396153334
0.7578727934001597,0.0565181521983134
0.7579171471657944,0.056539960336055656
0.7579615009314291,0.05656176847379791
0.7580058546970638,0.05658357661154016
0.7580502084626985,0.056605384749282416
0.7580945622283332,0.0566272758077005
0.7581389159939679,0.05664916686611858
0.7581832697596026,0.05667105792453666
0.7582276235252373,0.05669294898295474
0.758271977290872,0.05671484004137282
0.7583163310565068,0.0567367310997909
0.7583606848221414,0.05675862215820898
0.7584050385877761,0.05678051321662706
0.7584493923534108,0.05680240427504514
0.7584937461190455,0.05682429533346322
0.7585380998846802,0.056846186391881305
0.758582453650315,0.05686812720270488
0.7586268074159497,0.05689008459766362
0.7586711611815843,0.05691205857675753
0.758715514947219,0.05693403255585144
0.7587598687128537,0.05695600653494534
0.7588042224784884,0.056977980514039246
0.7588485762441232,0.057000037413808984
0.7588929300097579,0.057022094313578714
0.7589372837753925,0.057044151213348444
0.7589816375410272,0.05706620811311818
0.7590259913066619,0.05708826501288791
0.7590703450722966,0.05711032191265764
0.7591146988379314,0.05713237881242738
0.7591590526035661,0.05715443571219711
0.7592034063692008,0.05717649261196684
0.7592477601348354,0.05719854951173657
0.7592921139004701,0.05722067274804697
0.7593364676661049,0.05724281256849253
0.7593808214317396,0.05726495238893809
0.7594251751973743,0.05728709220938365
0.759469528963009,0.057309248613964366
0.7595138827286436,0.05733143818681542
0.7595582364942783,0.057353660927936805
0.7596025902599131,0.057375883669058186
0.7596469440255478,0.057398106410179575
0.7596912977911825,0.05742032915130096
0.7597356515568172,0.057442551892422346
0.7597800053224519,0.05746477463354373
0.7598243590880865,0.057486997374665116
0.7598687128537213,0.0575092201157865
0.759913066619356,0.05753144285690788
0.7599574203849907,0.05755371535043476
0.7600017741506254,0.05757600442809681
0.7600461279162601,0.05759831008989402
0.7600904816818949,0.05762061575169123
0.7601348354475295,0.057642921413488445
0.7601791892131642,0.05766522707528565
0.7602235429787989,0.05768753273708287
0.7602678967444336,0.057709838398880074
0.7603122505100683,0.057732217030872016
0.7603566042757031,0.05775460561334505
0.7604009580413377,0.05777699419581809
0.7604453118069724,0.05779938277829112
0.7604896655726071,0.05782177136076416
0.7605340193382418,0.057844159943237196
0.7605783731038765,0.057866548525710236
0.7606227268695113,0.05788893710818327
0.760667080635146,0.057911338957964444
0.7607114344007806,0.0579338104611133
0.7607557881664153,0.05795628196426217
0.76080014193205,0.05797876010106509
0.7608444956976848,0.05800125813883022
0.7608888494633195,0.05802381256265491
0.7609332032289542,0.058046366986479594
0.7609775569945888,0.058068921410304286
0.7610219107602235,0.05809147583412897
0.7610662645258582,0.05811403025795366
0.761110618291493,0.058136584681778354
0.7611549720571277,0.05815915237291117
0.7611993258227624,0.0581817300145251
0.7612436795883971,0.05820435077489045
0.7612880333540317,0.05822698811939097
0.7613323871196664,0.05824962546389148
0.7613767408853012,0.058272262808392
0.7614210946509359,0.058294900152892515
0.7614654484165706,0.058317537497393025
0.7615098021822053,0.05834017484189354
0.7615541559478399,0.05836281218639406
0.7615985097134746,0.058385499283300064
0.7616428634791094,0.058408186380206076
0.7616872172447441,0.05843090664538241
0.7617315710103788,0.058453626910558755
0.7617759247760135,0.0584763471757351
0.7618202785416482,0.05849906744091144
0.7618646323072829,0.05852178770608778
0.7619089860729176,0.05854450797126412
0.7619533398385523,0.05856722823644046
0.761997693604187,0.05858997171940604
0.7620420473698217,0.05861272515285271
0.7620864011354564,0.058635528338704876
0.7621307549010912,0.058658331524557045
0.7621751086667258,0.058681134710409213
0.7622194624323605,0.058703937896261375
0.7622638161979952,0.058726757666248706
0.7623081699636299,0.05874957743623604
0.7623525237292647,0.05877239720622336
0.7623968774948994,0.058795283312751356
0.762441231260534,0.05881816941927935
0.7624855850261687,0.058841055525807345
0.7625299387918034,0.05886394163233534
0.7625742925574381,0.05888682773886333
0.7626186463230729,0.05890971384539132
0.7626630000887076,0.058932599951919316
0.7627073538543423,0.05895548605844731
0.7627517076199769,0.058978372164975305
0.7627960613856116,0.0590012582715033
0.7628404151512463,0.05902422729870711
0.7628847689168811,0.05904719632591093
0.7629291226825158,0.059070165353114754
0.7629734764481505,0.059093134380318574
0.7630178302137851,0.059116103407522394
0.7630621839794198,0.059139072434726214
0.7631065377450545,0.059162041461930034
0.7631508915106893,0.05918501048913385
0.763195245276324,0.05920797951633767
0.7632395990419587,0.05923094854354149
0.7632839528075934,0.05925391757074531
0.763328306573228,0.05927691976621946
0.7633726603388628,0.059299971714099106
0.7634170141044975,0.05932302366197875
0.7634613678701322,0.0593460756098584
0.7635057216357669,0.059369127557738044
0.7635500754014016,0.05939217950561769
0.7635944291670363,0.05941523145349733
0.763638782932671,0.059438283401376975
0.7636831366983057,0.059461418269932446
0.7637274904639404,0.05948455313848792
0.7637718442295751,0.05950768800704339
0.7638161979952098,0.05953082287559886
0.7638605517608446,0.059553990912424665
0.7639049055264792,0.05957718216703971
0.7639492592921139,0.059600399956271005
0.7639936130577486,0.0596236177455023
0.7640379668233833,0.0596468355347336
0.764082320589018,0.0596700533239649
0.7641266743546528,0.059693271113196195
0.7641710281202875,0.05971648890242749
0.7642153818859221,0.05973970669165879
0.7642597356515568,0.05976292448089009
0.7643040894171915,0.059786142270121384
0.7643484431828262,0.05980936005935268
0.764392796948461,0.05983257784858398
0.7644371507140957,0.059855795637815276
0.7644815044797303,0.059879013427046573
0.764525858245365,0.059902234533104906
0.7645702120109997,0.059925468906471366
0.7646145657766344,0.05994873644810816
0.7646589195422692,0.05997203715801528
0.7647032733079039,0.0599953378679224
0.7647476270735386,0.060018638577829526
0.7647919808391732,0.06004193928773665
0.7648363346048079,0.06006523999764377
0.7648806883704427,0.060088540707550896
0.7649250421360774,0.06011184141745802
0.7649693959017121,0.06013514212736514
0.7650137496673468,0.060158442837272265
0.7650581034329814,0.06018178666593082
0.7651024571986161,0.06020514376189751
0.7651468109642509,0.0602285108083453
0.7651911647298856,0.06025189443892825
0.7652355184955203,0.0602752780695112
0.765279872261155,0.060298661700094146
0.7653242260267897,0.060322045330677095
0.7653685797924243,0.06034542896126005
0.7654129335580591,0.060368812591843
0.7654572873236938,0.06039219622242595
0.7655016410893285,0.0604155798530089
0.7655459948549632,0.06043899665186218
0.7655903486205979,0.06046243003485062
0.7656347023862327,0.060485896586109394
0.7656790561518673,0.060509363137368176
0.765723409917502,0.06053282968862695
0.7657677636831367,0.060556296239885725
0.7658121174487714,0.06057978600893373
0.7658564712144061,0.06060333548086833
0.7659008249800409,0.06062688495280294
0.7659451787456755,0.06065043442473754
0.7659895325113102,0.06067398389667214
0.7660338862769449,0.06069753336860674
0.7660782400425796,0.06072108284054134
0.7661225938082143,0.06074463231247595
0.7661669475738491,0.06076818178441055
0.7662113013394838,0.06079173125634515
0.7662556551051184,0.06081528072827975
0.7663000088707531,0.060838830200214356
0.7663443626363878,0.060862379672148956
0.7663887164020226,0.060885929144083556
0.7664330701676573,0.060909478616018156
0.766477423933292,0.060933028087952756
0.7665217776989266,0.060956577559887364
0.7665661314645613,0.060980127031821964
0.766610485230196,0.061003676503756564
0.7666548389958308,0.061027225975691164
0.7666991927614655,0.061050775447625764
0.7667435465271002,0.06107436472148477
0.7667879002927349,0.06109795399534376
0.7668322540583695,0.06112158638795419
0.7668766078240042,0.061145218780564614
0.766920961589639,0.06116885117317505
0.7669653153552737,0.061192500149920635
0.7670096691209084,0.06121616902762842
0.7670540228865431,0.06123986775677951
0.7670983766521777,0.061263576436411706
0.7671427304178124,0.06128729174969796
0.7671870841834472,0.06131100706298421
0.7672314379490819,0.06133472237627047
0.7672757917147166,0.06135843768955672
0.7673201454803513,0.06138215300284297
0.767364499245986,0.06140586831612923
0.7674088530116207,0.06142958362941548
0.7674532067772554,0.061453315526836895
0.7674975605428901,0.061477064008393485
0.7675419143085248,0.06150086224235556
0.7675862680741595,0.06152466047631764
0.7676306218397942,0.061548458710279724
0.767674975605429,0.0615722569442418
0.7677193293710636,0.06159605517820388
0.7677636831366983,0.06161985341216596
0.767808036902333,0.061643734566803866
0.7678523906679677,0.061667615721441776
0.7678967444336025,0.06169149687607968
0.7679410981992372,0.06171537803071758
0.7679854519648718,0.06173925918535549
0.7680298057305065,0.061763140339993396
0.7680741594961412,0.061787021494631306
0.7681185132617759,0.06181090264926921
0.7681628670274107,0.06183478380390712
0.7682072207930454,0.06185866495854502
0.7682515745586801,0.061882546113182925
0.7682959283243147,0.061906427267820835
0.7683402820899494,0.06193030842245874
0.7683846358555841,0.06195418957709665
0.7684289896212189,0.06197807073173455
0.7684733433868536,0.06200196847050762
0.7685176971524883,0.06202587947658882
0.7685620509181229,0.06204984023507552
0.7686064046837576,0.06207380431038925
0.7686507584493923,0.06209776838570298
0.7686951122150271,0.06212173246101671
0.7687394659806618,0.06214574628873594
0.7687838197462965,0.062169793284725494
0.7688281735119312,0.062193840280715056
0.7688725272775658,0.06221788727670461
0.7689168810432006,0.06224193427269417
0.7689612348088353,0.062265981268683726
0.76900558857447,0.06229002826467329
0.7690499423401047,0.06231407526066284
0.7690942961057394,0.062338122256652403
0.769138649871374,0.062362169252641965
0.7691830036370088,0.06238623614959372
0.7692273574026435,0.06241030968019953
0.7692717111682782,0.062434389844459426
0.7693160649339129,0.06245851976112481
0.7693604186995476,0.06248264967779019
0.7694047724651824,0.06250677959445558
0.769449126230817,0.06253090951112096
0.7694934799964517,0.0625550560119215
0.7695378337620864,0.06257921578003019
0.7695821875277211,0.0626034186668903
0.7696265412933558,0.0626276315042315
0.7696708950589906,0.06265184434157273
0.7697152488246253,0.06267605717891393
0.7697596025902599,0.06270027001625514
0.7698039563558946,0.06272448285359634
0.7698483101215293,0.06274869569093756
0.769892663887164,0.0627729914489546
0.7699370176527988,0.06279728720697163
0.7699813714184335,0.06282158296498867
0.7700257251840681,0.0628458787230057
0.7700700789497028,0.06287017448102274
0.7701144327153375,0.06289447023903978
0.7701587864809722,0.06291876599705681
0.770203140246607,0.06294314467574967
0.7702474940122417,0.06296752335444254
0.7702918477778764,0.0629919020331354
0.770336201543511,0.06301628071182827
0.7703805553091457,0.06304069255879145
0.7704249090747805,0.06306510440575465
0.7704692628404152,0.06308956268829631
0.7705136166060499,0.063114024287665
0.7705579703716846,0.06313848588703368
0.7706023241373192,0.06316297733784566
0.7706466779029539,0.06318747210548468
0.7706910316685887,0.06321197018995074
0.7707353854342234,0.0632365080763412
0.7707797391998581,0.0632610525963857
0.7708240929654928,0.06328559711643021
0.7708684467311275,0.06331014163647473
0.7709128004967621,0.06333468615651924
0.7709571542623969,0.06335923067656377
0.7710015080280316,0.06338377519660827
0.7710458617936663,0.06340831971665278
0.771090215559301,0.0634328642366973
0.7711345693249357,0.06345745519232028
0.7711789230905705,0.06348204946477029
0.7712232768562051,0.06350666032135548
0.7712676306218398,0.06353128776207581
0.7713119843874745,0.06355591520279616
0.7713563381531092,0.0635805426435165
0.7714006919187439,0.06360517008423683
0.7714450456843787,0.06362979752495718
0.7714893994500133,0.06365450788635334
0.771533753215648,0.06367921824774951
0.7715781069812827,0.06370392860914567
0.7716224607469174,0.06372863897054185
0.7716668145125521,0.063753349331938
0.7717111682781869,0.06377805969333418
0.7717555220438216,0.06380277005473034
0.7717998758094562,0.06382750695074277
0.7718442295750909,0.06385225379723629
0.7718885833407256,0.06387703049517313
0.7719329371063604,0.06390180719310995
0.7719772908719951,0.06392660047518195
0.7720216446376298,0.06395139375725394
0.7720659984032644,0.06397618703932594
0.7721103521688991,0.06400098032139792
0.7721547059345338,0.06402577360346992
0.7721990597001686,0.06405063322208257
0.7722434134658033,0.0640755094248304
0.772287767231438,0.06410038562757821
0.7723321209970727,0.06412526183032603
0.7723764747627073,0.06415013803307384
0.772420828528342,0.06417501423582167
0.7724651822939768,0.0641998904385695
0.7725095360596115,0.06422476664131731
0.7725538898252462,0.06424964284406513
0.7725982435908809,0.06427451904681294
0.7726425973565155,0.06429939524956077
0.7726869511221502,0.06432427145230858
0.772731304887785,0.06434914765505641
0.7727756586534197,0.06437403049145829
0.7728200124190544,0.06439898961488193
0.7728643661846891,0.06442395537195963
0.7729087199503238,0.06444897751509691
0.7729530737159584,0.06447401955919638
0.7729974274815932,0.06449906160329585
0.7730417812472279,0.06452410364739532
0.7730861350128626,0.0645491456914948
0.7731304887784973,0.06457418773559426
0.773174842544132,0.06459922977969373
0.7732191963097668,0.0646242718237932
0.7732635500754014,0.06464931386789267
0.7733079038410361,0.06467435591199215
0.7733522576066708,0.06469939795609161
0.7733966113723055,0.06472444000019109
0.7734409651379403,0.06474948204429055
0.773485318903575,0.06477452408839003
0.7735296726692096,0.06479959930075983
0.7735740264348443,0.06482467451312963
0.773618380200479,0.06484974972549944
0.7736627339661137,0.06487484815565847
0.7737070877317485,0.06489997312043377
0.7737514414973832,0.06492509808520906
0.7737957952630179,0.06495022304998437
0.7738401490286525,0.06497534801475967
0.7738845027942872,0.06500047297953496
0.7739288565599219,0.06502561452844542
0.7739732103255567,0.06505077266149105
0.7740175640911914,0.06507595401232591
0.7740619178568261,0.06510116189777704
0.7741062716224607,0.06512636978322815
0.7741506253880954,0.06515157766867928
0.7741949791537301,0.06517678555413041
0.7742393329193649,0.06520199343958152
0.7742836866849996,0.06522720132503265
0.7743280404506343,0.06525240921048377
0.774372394216269,0.06527762041276193
0.7744167479819036,0.06530286146648338
0.7744611017475383,0.0653281390053022
0.7745054555131731,0.06535342981142915
0.7745498092788078,0.06537875378582643
0.7745941630444425,0.06540409434435887
0.7746385168100772,0.06542946807116165
0.7746828705757118,0.06545484179796442
0.7747272243413466,0.0654802155247672
0.7747715781069813,0.06550558925156998
0.774815931872616,0.06553096297837274
0.7748602856382507,0.06555633670517552
0.7749046394038854,0.0655817104319783
0.7749489931695202,0.06560708415878107
0.7749933469351548,0.06563245788558385
0.7750377007007895,0.06565783161238663
0.7750820544664242,0.0656832053391894
0.7751264082320589,0.065708661986668
0.7751707619976936,0.0657341186341466
0.7752151157633284,0.06575960181624146
0.7752594695289631,0.06578509826564446
0.7753038232945977,0.06581063783379888
0.7753481770602324,0.06583617740195331
0.7753925308258671,0.06586171697010774
0.7754368845915018,0.06588725653826216
0.7754812383571366,0.0659127961064166
0.7755255921227713,0.06593833567457102
0.7755699458884059,0.06596387524272546
0.7756142996540406,0.06598941481087987
0.7756586534196753,0.0660149543790343
0.77570300718531,0.06604049394718874
0.7757473609509448,0.06606606004995942
0.7757917147165795,0.06609168253878968
0.7758360684822142,0.06611730502761992
0.7758804222478488,0.06614292751645018
0.7759247760134835,0.06616863292595626
0.7759691297791182,0.06619433833546233
0.776013483544753,0.06622004374496841
0.7760578373103877,0.0662457491544745
0.7761021910760224,0.06627145456398058
0.776146544841657,0.06629715997348666
0.7761908986072917,0.06632286538299273
0.7762352523729265,0.06634865371317464
0.7762796061385612,0.06637444204335655
0.7763239599041959,0.06640023037353845
0.7763683136698306,0.06642601870372035
0.7764126674354653,0.06645181035072929
0.7764570212010999,0.06647768160158703
0.7765013749667347,0.06650355285244476
0.7765457287323694,0.0665294241033025
0.7765900824980041,0.06655529535416023
0.7766344362636388,0.06658119977328829
0.7766787900292735,0.06660715394482185
0.7767231437949083,0.06663310811635541
0.7767674975605429,0.06665910540664038
0.7768118513261776,0.06668514249884977
0.7768562050918123,0.06671117959105916
0.776900558857447,0.06673721668326854
0.7769449126230817,0.06676325377547793
0.7769892663887165,0.06678929086768731
0.7770336201543511,0.0668153279598967
0.7770779739199858,0.06684136505210607
0.7771223276856205,0.06686743862941281
0.7771666814512552,0.06689355864229803
0.77721103521689,0.06691967865518324
0.7772553889825247,0.06694579866806845
0.7772997427481594,0.06697191868095366
0.777344096513794,0.06699803869383887
0.7773884502794287,0.06702415870672408
0.7774328040450634,0.06705028535326335
0.7774771578106981,0.06707643853441889
0.7775215115763329,0.06710261493336367
0.7775658653419676,0.0671288178669247
0.7776102191076022,0.06715502080048574
0.7776545728732369,0.06718122373404677
0.7776989266388716,0.0672074266676078
0.7777432804045064,0.06723362960116884
0.7777876341701411,0.06725983253472988
0.7778319879357758,0.06728603546829091
0.7778763417014105,0.06731223840185195
0.7779206954670451,0.06733844133541299
0.7779650492326798,0.06736464426897402
0.7780094029983146,0.06739084720253506
0.7780537567639493,0.06741712973994489
0.778098110529584,0.06744341559418175
0.7781424642952187,0.0674697014484186
0.7781868180608533,0.06749598730265546
0.778231171826488,0.06752227315689233
0.7782755255921228,0.06754855901112919
0.7783198793577575,0.06757484486536605
0.7783642331233922,0.06760113071960291
0.7784085868890269,0.06762746632624528
0.7784529406546616,0.06765383510115797
0.7784972944202962,0.06768020387607064
0.778541648185931,0.06770657265098333
0.7785860019515657,0.06773294142589602
0.7786303557172004,0.06775934336907904
0.7786747094828351,0.06778579506466756
0.7787190632484698,0.06781224676025607
0.7787634170141046,0.06783869845584459
0.7788077707797392,0.0678651501514331
0.7788521245453739,0.06789160184702162
0.7788964783110086,0.06791805354261013
0.7789408320766433,0.0679445317728149
0.778985185842278,0.06797103322080891
0.7790295396079128,0.06799756783707325
0.7790738933735474,0.06802410245333759
0.7791182471391821,0.06805063706960193
0.7791626009048168,0.06807717168586627
0.7792069546704515,0.06810370630213061
0.7792513084360863,0.06813024091839495
0.779295662201721,0.06815677553465929
0.7793400159673557,0.06818339307159946
0.7793843697329903,0.06821006699459918
0.779428723498625,0.06823676745221517
0.7794730772642597,0.06826346790983118
0.7795174310298945,0.06829016836744717
0.7795617847955292,0.06831691857746865
0.7796061385611639,0.06834367210431717
0.7796504923267985,0.06837043889847383
0.7796948460924332,0.06839722227676565
0.7797391998580679,0.06842400565505746
0.7797835536237027,0.06845078903334928
0.7798279073893374,0.0684775724116411
0.7798722611549721,0.06850435578993291
0.7799166149206068,0.06853113916822473
0.7799609686862414,0.06855792254651655
0.7800053224518761,0.06858470592480838
0.7800496762175109,0.06861157222377602
0.7800940299831456,0.06863843852274366
0.7801383837487803,0.0686653048217113
0.780182737514415,0.06869217112067895
0.7802270912800496,0.06871903741964659
0.7802714450456844,0.06874590371861423
0.7803157988113191,0.06877277001758188
0.7803601525769538,0.06879963631654952
0.7804045063425885,0.06882651919965233
0.7804488601082232,0.06885344188467954
0.780493213873858,0.06888039110432301
0.7805375676394926,0.06890734032396648
0.7805819214051273,0.06893434261284248
0.780626275170762,0.06896135153537254
0.7806706289363967,0.06898838367569184
0.7807149827020314,0.06901541581601114
0.7807593364676662,0.06904244795633044
0.7808036902333009,0.06906948009664973
0.7808480439989355,0.06909651223696903
0.7808923977645702,0.06912354437728832
0.7809367515302049,0.06915057651760761
0.7809811052958396,0.06917760865792692
0.7810254590614744,0.06920464079824622
0.7810698128271091,0.06923167293856551
0.7811141665927437,0.06925873824715514
0.7811585203583784,0.06928585330815026
0.7812028741240131,0.06931296836914538
0.7812472278896478,0.0693400834301405
0.7812915816552826,0.06936721507527079
0.7813359354209173,0.0693943798886714
0.781380289186552,0.06942157787034235
0.7814246429521866,0.0694487758520133
0.7814689967178213,0.06947597383368426
0.781513350483456,0.0695031718153552
0.7815577042490908,0.06953036979702615
0.7816020580147255,0.0695575677786971
0.7816464117803602,0.06958484536421683
0.7816907655459948,0.06961212626656361
0.7817351193116295,0.06963940716891039
0.7817794730772643,0.06966668807125716
0.781823826842899,0.06969396897360393
0.7818681806085337,0.0697212498759507
0.7819125343741684,0.06974855731291374
0.7819568881398031,0.06977590455180117
0.7820012419054377,0.06980326837482378
0.7820455956710725,0.06983063219784638
0.7820899494367072,0.06985799602086898
0.7821343032023419,0.06988535984389159
0.7821786569679766,0.06991272366691419
0.7822230107336113,0.06994008748993678
0.7822673644992459,0.06996745131295938
0.7823117182648807,0.06999484830425232
0.7823560720305154,0.07002226851333448
0.7824004257961501,0.07004968872241665
0.7824447795617848,0.07007711888197991
0.7824891333274195,0.07010456562567834
0.7825334870930543,0.07013201236937677
0.7825778408586889,0.07015946242990223
0.7826221946243236,0.07018699209427648
0.7826665483899583,0.07021452175865074
0.782710902155593,0.07024205142302499
0.7827552559212277,0.07026958108739924
0.7827996096868625,0.0702971107517735
0.7828439634524972,0.07032472333682357
0.7828883172181318,0.07035233592187365
0.7829326709837665,0.07037997172471297
0.7829770247494012,0.07040766723043887
0.783021378515036,0.07043536273616477
0.7830657322806707,0.07046305824189068
0.7831100860463054,0.07049075374761658
0.78315443981194,0.0705184492533425
0.7831987935775747,0.0705461447590684
0.7832431473432094,0.0705738402647943
0.7832875011088442,0.07060153577052021
0.7833318548744789,0.07062923127624611
0.7833762086401136,0.07065695663341531
0.7834205624057483,0.07068473505981704
0.7834649161713829,0.07071251348621878
0.7835092699370176,0.0707402919126205
0.7835536237026524,0.07076807033902223
0.7835979774682871,0.07079584876542397
0.7836423312339218,0.07082363050865273
0.7836866849995565,0.0708514222023626
0.7837310387651911,0.07087922716338059
0.7837753925308258,0.0709070851936311
0.7838197462964606,0.07093494654070867
0.7838641000620953,0.07096280788778622
0.78390845382773,0.07099066923486377
0.7839528075933647,0.07101853058194134
0.7839971613589994,0.07104639192901889
0.784041515124634,0.07107425327609646
0.7840858688902688,0.071102114623174
0.7841302226559035,0.07112997597025157
0.7841745764215382,0.07115792023800495
0.7842189301871729,0.07118586450575833
0.7842632839528076,0.07121380877351172
0.7843076377184424,0.07124176962540026
0.784351991484077,0.07126979681382947
0.7843963452497117,0.07129782400225868
0.7844406990153464,0.07132585119068789
0.7844850527809811,0.0713538783791171
0.7845294065466158,0.07138190556754631
0.7845737603122506,0.07140993275597551
0.7846181140778852,0.07143795994440472
0.7846624678435199,0.07146598713283393
0.7847068216091546,0.07149401432126314
0.7847511753747893,0.07152204150969235
0.784795529140424,0.07155006869812156
0.7848398829060588,0.07157809588655077
0.7848842366716935,0.07160612307497997
0.7849285904373281,0.07163417679802545
0.7849729442029628,0.07166228690713049
0.7850172979685975,0.07169039701623552
0.7850616517342323,0.0717185436104379
0.785106005499867,0.07174671342242954
0.7851503592655017,0.0717749064522104
0.7851947130311363,0.07180309948199126
0.785239066796771,0.07183129251177212
0.7852834205624057,0.07185948554155298
0.7853277743280405,0.07188767857133384
0.7853721280936752,0.0719158716011147
0.7854164818593099,0.07194406463089556
0.7854608356249446,0.07197234058135225
0.7855051893905792,0.07200061653180895
0.785549543156214,0.07202889248226563
0.7855938969218487,0.07205716843272232
0.7856382506874834,0.0720854941355845
0.7856826044531181,0.07211383642258185
0.7857269582187528,0.07214219529371436
0.7857713119843874,0.07217055416484687
0.7858156657500222,0.07219891303597939
0.7858600195156569,0.0722272719071119
0.7859043732812916,0.07225563077824441
0.7859487270469263,0.0722840559859176
0.785993080812561,0.07231248119359077
0.7860374345781957,0.07234092298539911
0.7860817883438304,0.07236936477720746
0.7861261421094651,0.07239780656901579
0.7861704958750998,0.07242628152909446
0.7862148496407345,0.07245480624157863
0.7862592034063692,0.07248333095406279
0.786303557172004,0.07251185566654696
0.7863479109376387,0.07254038037903113
0.7863922647032733,0.07256890509151528
0.786436618468908,0.07259742980399946
0.7864809722345427,0.07262595451648363
0.7865253260001774,0.07265447922896778
0.7865696797658122,0.07268300394145195
0.7866140335314469,0.07271152865393611
0.7866583872970815,0.07274005336642028
0.7867027410627162,0.07276860793034774
0.7867470948283509,0.07279721556350774
0.7867914485939856,0.07282582319666772
0.7868358023596204,0.07285443082982772
0.7868801561252551,0.07288303846298771
0.7869245098908898,0.0729116460961477
0.7869688636565244,0.0729402537293077
0.7870132174221591,0.07296886467929473
0.7870575711877938,0.07299755523313053
0.7871019249534286,0.07302624578696636
0.7871462787190633,0.07305493634080218
0.787190632484698,0.07308368328069756
0.7872349862503326,0.07311245675520921
0.7872793400159673,0.07314123022972084
0.787323693781602,0.07317000370423249
0.7873680475472368,0.07319886009941996
0.7874124013128715,0.07322771649460742
0.7874567550785062,0.0732565728897949
0.7875011088441409,0.07328542928498237
0.7875454626097755,0.07331431884844017
0.7875898163754103,0.07334325816430347
0.787634170141045,0.07337219748016675
0.7876785239066797,0.07340113679603005
0.7877228776723144,0.07343010596333664
0.7877672314379491,0.07345912819987577
0.7878115852035837,0.07348815043641489
0.7878559389692185,0.07351717267295402
0.7879002927348532,0.07354619490949313
0.7879446465004879,0.07357521714603225
0.7879890002661226,0.07360423938257138
0.7880333540317573,0.0736332616191105
0.7880777077973921,0.07366228385564962
0.7881220615630267,0.07369130609218874
0.7881664153286614,0.07372032832872787
0.7882107690942961,0.07374935056526699
0.7882551228599308,0.07377837280180612
0.7882994766255655,0.07380741162248039
0.7883438303912003,0.073836483611425
0.788388184156835,0.0738655622340237
0.7884325379224696,0.07389466075758458
0.7884768916881043,0.07392376591479953
0.788521245453739,0.07395287107201448
0.7885655992193737,0.07398197622922943
0.7886099529850085,0.0740110847032714
0.7886543067506432,0.07404022634558372
0.7886986605162778,0.07406941442347449
0.7887430142819125,0.07409860250136527
0.7887873680475472,0.07412779057925603
0.788831721813182,0.07415697865714681
0.7888760755788167,0.07418616673503758
0.7889204293444514,0.07421535481292836
0.7889647831100861,0.07424454289081914
0.7890091368757207,0.07427373428553695
0.7890534906413554,0.07430300528410354
0.7890978444069902,0.07433227628267014
0.7891421981726249,0.07436154728123674
0.7891865519382596,0.07439090120047917
0.7892309057038943,0.0744202551197216
0.7892752594695289,0.07444960903896403
0.7893196132351636,0.07447896295820645
0.7893639670007984,0.07450831687744887
0.7894083207664331,0.07453775371736712
0.7894526745320678,0.07456719055728538
0.7894970282977025,0.07459662739720363
0.7895413820633372,0.07462609077173814
0.7895857358289718,0.07465561053233222
0.7896300895946066,0.0746851302929263
0.7896744433602413,0.07471465005352038
0.789718797125876,0.07474416981411446
0.7897631508915107,0.07477368957470854
0.7898075046571454,0.07480320933530261
0.78985185842278,0.0748327290958967
0.7898962121884148,0.07486224885649077
0.7899405659540495,0.07489180178535518
0.7899849197196842,0.0749213547142196
0.7900292734853189,0.07495095076183543
0.7900736272509536,0.07498055344310534
0.7901179810165884,0.07501015612437524
0.790162334782223,0.07503975880564515
0.7902066885478577,0.07506936148691505
0.7902510423134924,0.07509898075232012
0.7902953960791271,0.07512864977013069
0.7903397498447619,0.07515833537207642
0.7903841036103966,0.07518802097402215
0.7904284573760313,0.07521770657596788
0.7904728111416659,0.07524740876204877
0.7905171649073006,0.07527717728467032
0.7905615186729353,0.07530694580729187
0.7906058724385701,0.07533671432991343
0.7906502262042048,0.07536648285253499
0.7906945799698395,0.07539625137515654
0.7907389337354741,0.07542605306604844
0.7907832875011088,0.07545587465790252
0.7908276412667435,0.07548570288341067
0.7908719950323783,0.0755155377425729
0.790916348798013,0.07554538918587028
0.7909607025636477,0.07557524062916766
0.7910050563292824,0.07560509207246505
0.791049410094917,0.07563494351576243
0.7910937638605517,0.07566486129560047
0.7911381176261865,0.07569479565957368
0.7911824713918212,0.07572474660768205
0.7912268251574559,0.07575476389233109
0.7912711789230906,0.07578478117698012
0.7913155326887252,0.07581479846162915
0.79135988645436,0.07584481574627819
0.7914042402199947,0.07587488278333271
0.7914485939856294,0.07590496308769538
0.7914929477512641,0.07593505665936617
0.7915373015168988,0.07596515686469103
0.7915816552825335,0.07599525707001589
0.7916260090481682,0.07602535727534075
0.7916703628138029,0.07605550723307111
0.7917147165794376,0.07608566714128256
0.7917590703450723,0.07611585026728325
0.791803424110707,0.07614603339328394
0.7918477778763418,0.07617621651928462
0.7918921316419765,0.07620639964528532
0.7919364854076111,0.076236582771286
0.7919808391732458,0.07626676589728669
0.7920251929388805,0.07629694902328737
0.7920695467045152,0.07632713214928806
0.79211390047015,0.07635732854259689
0.7921582542357847,0.0763875945892734
0.7922026080014193,0.07641786063594991
0.792246961767054,0.07644812668262642
0.7922913155326887,0.07647839272930293
0.7923356692983234,0.07650865877597944
0.7923800230639582,0.07653894140679111
0.7924243768295929,0.07656929037414346
0.7924687305952276,0.0765996393414958
0.7925130843608622,0.07662998830884814
0.7925574381264969,0.07666033727620047
0.7926017918921316,0.07669070946134204
0.7926461456577664,0.07672112808206208
0.7926904994234011,0.07675155997009024
0.7927348531890358,0.0767819918581184
0.7927792069546704,0.0768124768153791
0.7928235607203051,0.07684298499042903
0.7928679144859399,0.07687349979913302
0.7929122682515746,0.07690401460783701
0.7929566220172093,0.076934529416541
0.793000975782844,0.076965044225245
0.7930453295484787,0.07699555903394899
0.7930896833141133,0.0770261567633288
0.793134037079748,0.07705675449270862
0.7931783908453828,0.07708735222208843
0.7932227446110175,0.07711794995146826
0.7932670983766522,0.07714854768084807
0.7933114521422869,0.07717920179628746
0.7933558059079215,0.07720986586220793
0.7934001596735563,0.07724054651226357
0.793444513439191,0.07727122716231923
0.7934888672048257,0.0773019310301641
0.7935332209704604,0.077332638214836
0.7935775747360951,0.07736339846874044
0.7936219285017299,0.0773941620394719
0.7936662822673645,0.0774249587784737
0.7937106360329992,0.07745580195305396
0.7937549897986339,0.07748664844446126
0.7937993435642686,0.07751749493586856
0.7938436973299033,0.07754834142727585
0.7938880510955381,0.07757918791868314
0.7939324048611728,0.07761003441009044
0.7939767586268074,0.07764088090149773
0.7940211123924421,0.07767172739290502
0.7940654661580768,0.07770257388431233
0.7941098199237115,0.07773342037571962
0.7941541736893463,0.07776426686712691
0.794198527454981,0.07779512994266938
0.7942428812206156,0.0778260593547525
0.7942872349862503,0.07785698876683561
0.794331588751885,0.07788791817891874
0.7943759425175198,0.07791884759100186
0.7944202962831545,0.07794980685452828
0.7944646500487892,0.07798081918728722
0.7945090038144239,0.07801183152004616
0.7945533575800585,0.07804284385280512
0.7945977113456932,0.07807385618556406
0.794642065111328,0.07810486851832302
0.7946864188769627,0.07813588085108196
0.7947307726425974,0.0781668931838409
0.7947751264082321,0.07819790551659986
0.7948194801738667,0.07822896760176429
0.7948638339395014,0.07826006285519907
0.7949081877051362,0.07829115810863384
0.7949525414707709,0.07832225336206862
0.7949968952364056,0.07835334861550339
0.7950412490020403,0.07838444386893816
0.795085602767675,0.07841553912237294
0.7951299565333096,0.07844663769263474
0.7951743102989444,0.07847780591626424
0.7952186640645791,0.07850898409037485
0.7952630178302138,0.07854016226448544
0.7953073715958485,0.07857134043859604
0.7953517253614832,0.07860251861270665
0.7953960791271178,0.07863375317287681
0.7954404328927526,0.07866499768352807
0.7954847866583873,0.0786962587783145
0.795529140424022,0.07872760279377675
0.7955734941896567,0.078758946809239
0.7956178479552914,0.07879029082470125
0.7956622017209262,0.07882163484016351
0.7957065554865608,0.07885297885562575
0.7957509092521955,0.07888432287108801
0.7957952630178302,0.07891566688655026
0.7958396167834649,0.07894707723855318
0.7958839705490997,0.07897850417469125
0.7959283243147344,0.07900993111082934
0.7959726780803691,0.07904135804696741
0.7960170318460037,0.07907278498310549
0.7960613856116384,0.07910429483991939
0.7961057393772731,0.0791358046967333
0.7961500931429079,0.0791673145535472
0.7961944469085426,0.07919882441036111
0.7962388006741773,0.079230334267175
0.7962831544398119,0.07926184412398891
0.7963275082054466,0.07929335398080281
0.7963718619710813,0.07932486383761672
0.7964162157367161,0.07935637369443062
0.7964605695023508,0.07938788355124453
0.7965049232679855,0.07941939340805843
0.7965492770336202,0.07945090326487234
0.7965936307992548,0.07948241312168623
0.7966379845648895,0.07951392297850014
0.7966823383305243,0.07954543283531404
0.796726692096159,0.07957694269212795
0.7967710458617937,0.07960845254894185
0.7968153996274284,0.07963996240575576
0.796859753393063,0.07967147226256965
0.7969041071586977,0.07970306504005939
0.7969484609243325,0.07973465781754911
0.7969928146899672,0.07976626717917401
0.7970371684556019,0.07979794287733956
0.7970815222212366,0.07982961857550512
0.7971258759868713,0.07986129427367067
0.797170229752506,0.07989296997183623
0.7972145835181407,0.07992464567000179
0.7972589372837754,0.0799563379523025
0.7973032910494101,0.07998804350191135
0.7973476448150448,0.08001975900200131
0.7973919985806796,0.0800514877693994
0.7974363523463142,0.08008324638824077
0.7974807061119489,0.08011500500708216
0.7975250598775836,0.08014676362592353
0.7975694136432183,0.08017852224476492
0.797613767408853,0.0802102808636063
0.7976581211744878,0.08024203948244768
0.7977024749401225,0.08027381468542423
0.7977468287057571,0.08030560315570891
0.7977911824713918,0.0803374446952261
0.7978355362370265,0.08036928623474332
0.7978798900026612,0.08040112777426053
0.797924243768296,0.08043296931377773
0.7979685975339307,0.08046481085329495
0.7980129512995654,0.08049665239281216
0.7980573050652,0.08052857685300518
0.7981016588308347,0.08056050131319822
0.7981460125964694,0.08059242577339125
0.7981903663621042,0.08062435023358429
0.7982347201277389,0.08065628796108545
0.7982790738933736,0.08068829534195432
0.7983234276590082,0.08072030272282318
0.7983677814246429,0.08075231010369203
0.7984121351902776,0.0807843174845609
0.7984564889559124,0.08081632486542976
0.7985008427215471,0.08084833224629862
0.7985451964871818,0.08088035621130264
0.7985895502528165,0.08091244651284732
0.7986339040184511,0.08094455339852717
0.7986782577840859,0.08097667686834219
0.7987226115497206,0.0810088500905627
0.7987669653153553,0.08104102331278322
0.79881131908099,0.08107319653500372
0.7988556728466247,0.08110539960866754
0.7989000266122593,0.08113760599915838
0.7989443803778941,0.08116986214205472
0.7989887341435288,0.08120211828495105
0.7990330879091635,0.08123445734852322
0.7990774416747982,0.08126679641209539
0.7991217954404329,0.08129913547566756
0.7991661492060677,0.08133148117289378
0.7992105029717023,0.08136390315714177
0.799254856737337,0.08139632514138975
0.7992992105029717,0.08142874712563775
0.7993435642686064,0.08146125203056157
0.7993879180342411,0.08149375693548538
0.7994322717998759,0.0815262618404092
0.7994766255655106,0.08155876674533301
0.7995209793311452,0.08159127496708386
0.7995653330967799,0.08162381304027802
0.7996096868624146,0.08165637101443436
0.7996540406280493,0.08168894225589884
0.7996983943936841,0.08172151349736333
0.7997427481593188,0.08175410132296297
0.7997871019249534,0.08178668914856262
0.7998314556905881,0.08181931014243259
0.7998758094562228,0.08185193445312959
0.7999201632218575,0.08188457203113472
0.7999645169874923,0.08191722619327503
0.800008870753127,0.08194988035541534
0.8000532245187617,0.08198255110169081
0.8000975782843963,0.08201522184796628
0.800141932050031,0.08204789259424174
0.8001862858156658,0.0820805633405172
0.8002306395813005,0.08211323408679268
0.8002749933469352,0.08214592141720331
0.8003193471125699,0.08217864854953834
0.8003637008782045,0.08221140221648963
0.8004080546438392,0.08224415588344093
0.800452408409474,0.08227690955039223
0.8004967621751087,0.08230966321734352
0.8005411159407434,0.08234241688429482
0.8005854697063781,0.08237520371951644
0.8006298234720128,0.0824080237230084
0.8006741772376474,0.08244086031063552
0.8007185310032822,0.08247369689826264
0.8007628847689169,0.08250653348588977
0.8008072385345516,0.08253937007351689
0.8008515923001863,0.08257220666114401
0.800895946065821,0.08260504324877113
0.8009402998314556,0.08263789973736045
0.8009846535970904,0.0826707694932579
0.8010290073627251,0.08270365583329052
0.8010733611283598,0.08273656207428533
0.8011177148939945,0.08276948158258828
0.8011620686596292,0.08280240109089122
0.801206422425264,0.08283532059919417
0.8012507761908986,0.08286824010749712
0.8012951299565333,0.08290124253647589
0.801339483722168,0.08293424496545466
0.8013838374878027,0.08296724739443344
0.8014281912534374,0.0830002498234122
0.8014725450190722,0.08303325225239097
0.8015168987847069,0.08306625468136974
0.8015612525503415,0.08309925711034852
0.8016056063159762,0.08313225953932729
0.8016499600816109,0.08316526196830606
0.8016943138472457,0.08319826771411187
0.8017386676128804,0.08323128672722581
0.8017830213785151,0.08326432564130194
0.8018273751441497,0.08329738445634029
0.8018717289097844,0.08333046980599489
0.8019160826754191,0.08336357173978465
0.8019604364410539,0.08339670684184473
0.8020047902066886,0.0834298485775589
0.8020491439723233,0.08346301684788933
0.802093497737958,0.08349618511821975
0.8021378515035926,0.08352935338855018
0.8021822052692273,0.0835625216588806
0.8022265590348621,0.08359572309748135
0.8022709128004968,0.08362905720916343
0.8023152665661315,0.0836623913208455
0.8023596203317662,0.08369572543252758
0.8024039740974008,0.08372905954420966
0.8024483278630355,0.08376239365589175
0.8024926816286703,0.08379572776757382
0.802537035394305,0.08382914479993173
0.8025813891599397,0.08386256183228963
0.8026257429255744,0.08389597886464753
0.8026700966912091,0.08392939589700543
0.8027144504568438,0.08396281624619037
0.8027588042224785,0.0839963161992241
0.8028031579881132,0.08402981615225782
0.8028475117537479,0.08406331610529155
0.8028918655193826,0.0840968160583253
0.8029362192850173,0.08413031601135902
0.802980573050652,0.08416381596439275
0.8030249268162867,0.08419731591742648
0.8030692805819214,0.08423085898921163
0.8031136343475561,0.08426444186292119
0.8031579881131908,0.08429802473663074
0.8032023418788256,0.0843316076103403
0.8032466956444603,0.08436519048404986
0.8032910494100949,0.08439877335775942
0.8033354031757296,0.0844323794492582
0.8033797569413643,0.08446602865950842
0.803424110706999,0.0844996944538938
0.8034684644726338,0.08453336024827918
0.8035128182382685,0.08456702604266457
0.8035571720039032,0.08460069183704995
0.8036015257695378,0.08463435763143533
0.8036458795351725,0.08466802342582071
0.8036902333008072,0.08470168922020609
0.803734587066442,0.08473535501459147
0.8037789408320767,0.08476902080897686
0.8038232945977114,0.0848027529399029
0.803867648363346,0.0848365016549641
0.8039120021289807,0.08487025037002531
0.8039563558946154,0.08490405547114609
0.8040007096602502,0.08493786057226686
0.8040450634258849,0.08497168557434984
0.8040894171915196,0.08500551721008687
0.8041337709571543,0.0850393488458239
0.8041781247227889,0.08507318048156093
0.8042224784884237,0.08510701211729796
0.8042668322540584,0.08514087692130533
0.8043111860196931,0.08517479147771818
0.8043555397853278,0.08520873256874731
0.8043998935509625,0.08524268692708456
0.8044442473165971,0.08527668440417326
0.8044886010822319,0.08531068188126194
0.8045329548478666,0.08534467935835062
0.8045773086135013,0.0853786768354393
0.804621662379136,0.08541270748079832
0.8046660161447707,0.08544677129442768
0.8047103699104055,0.08548085169219219
0.8047547236760401,0.0855149320899567
0.8047990774416748,0.0855490622401267
0.8048434312073095,0.08558322555856704
0.8048877849729442,0.08561738887700737
0.8049321387385789,0.08565155219544772
0.8049764925042137,0.08568571551388805
0.8050208462698483,0.08571988214915542
0.805065200035483,0.08575407531903906
0.8051095538011177,0.08578827180574973
0.8051539075667524,0.08582251804486589
0.8051982613323871,0.08585676428398206
0.8052426150980219,0.08589103042406042
0.8052869688636566,0.08592530651461988
0.8053313226292912,0.08595963567441187
0.8053756763949259,0.08599396483420386
0.8054200301605606,0.08602829399399585
0.8054643839261953,0.08606262315378783
0.8055087376918301,0.08609695231357983
0.8055530914574648,0.08613128147337182
0.8055974452230995,0.08616564711826116
0.8056417989887341,0.08620005919872899
0.8056861527543688,0.0862344712791968
0.8057305065200036,0.08626888335966462
0.8057748602856383,0.08630337836080826
0.805819214051273,0.0863378733619519
0.8058635678169077,0.08637236836309554
0.8059079215825423,0.08640686336423918
0.805952275348177,0.08644135836538283
0.8059966291138118,0.08647587990114272
0.8060409828794465,0.0865104578229622
0.8060853366450812,0.08654503574478166
0.8061296904107159,0.08657967336948773
0.8061740441763506,0.08661431762784785
0.8062183979419852,0.08664897847034315
0.80626275170762,0.08668363931283844
0.8063071054732547,0.08671830015533374
0.8063514592388894,0.08675296099782903
0.8063958130045241,0.08678762184032433
0.8064401667701588,0.08682228268281962
0.8064845205357934,0.08685695679262305
0.8065288743014282,0.08689170055579418
0.8065732280670629,0.08692644431896529
0.8066175818326976,0.08696118808213642
0.8066619355983323,0.08699597828088601
0.806706289363967,0.08703080496473295
0.8067506431296018,0.0870656316485799
0.8067949968952364,0.0871004948175242
0.8068393506608711,0.08713540442204698
0.8068837044265058,0.08717031402656975
0.8069280581921405,0.08720522363109252
0.8069724119577752,0.0872401829880208
0.80701676572341,0.0872751755132194
0.8070611194890447,0.08731025095909382
0.8071054732546793,0.08734532640496824
0.807149827020314,0.08738040185084267
0.8071941807859487,0.08741551046498741
0.8072385345515835,0.08745066883153767
0.8072828883172182,0.08748582719808792
0.8073272420828529,0.08752098556463817
0.8073715958484875,0.08755614393118842
0.8074159496141222,0.08759130229773866
0.8074603033797569,0.08762646066428892
0.8075046571453917,0.08766164556545544
0.8075490109110264,0.08769688685268151
0.8075933646766611,0.08773212813990759
0.8076377184422958,0.0877673926449229
0.8076820722079304,0.0878026671004193
0.8077264259735651,0.0878379913083212
0.8077707797391999,0.08787331551622311
0.8078151335048346,0.087908639724125
0.8078594872704693,0.08794396393202691
0.807903841036104,0.08797937106060465
0.8079481948017386,0.08801477818918237
0.8079925485673733,0.0880501853177601
0.8080369023330081,0.08808559244633783
0.8080812560986428,0.08812105596097511
0.8081256098642775,0.08815654601022867
0.8081699636299122,0.08819203605948223
0.8082143173955469,0.08822752610873577
0.8082586711611816,0.08826301615798933
0.8083030249268163,0.08829850620724289
0.808347378692451,0.08833399625649645
0.8083917324580857,0.08836948630574999
0.8084360862237204,0.08840502610740905
0.8084804399893551,0.08844059907733844
0.8085247937549898,0.08847623838380848
0.8085691475206245,0.08851189427441368
0.8086135012862592,0.08854755016501889
0.8086578550518939,0.0885832060556241
0.8087022088175286,0.08861886194622931
0.8087465625831634,0.08865455100510483
0.8087909163487981,0.08869028981638587
0.8088352701144327,0.0887260783800724
0.8088796238800674,0.08876190011202927
0.8089239776457021,0.08879772184398613
0.8089683314113368,0.08883354357594299
0.8090126851769716,0.08886936530789984
0.8090570389426063,0.0889051870398567
0.809101392708241,0.08894100877181356
0.8091457464738756,0.08897683050377042
0.8091901002395103,0.08901273515640311
0.809234454005145,0.08904863980903578
0.8092788077707798,0.08908454446166847
0.8093231615364145,0.08912044911430116
0.8093675153020492,0.08915643668760967
0.8094118690676838,0.08919242426091818
0.8094562228333185,0.0892284118342267
0.8095005765989532,0.08926439940753521
0.809544930364588,0.08930038698084371
0.8095892841302227,0.08933637455415222
0.8096336378958574,0.08937236212746073
0.8096779916614921,0.08940835301759628
0.8097223454271267,0.08944440692744546
0.8097666991927615,0.0894804774214298
0.8098110529583962,0.08951654791541414
0.8098554067240309,0.08955261840939847
0.8098997604896656,0.08958870548751798
0.8099441142553003,0.08962482573390781
0.8099884680209349,0.08966097914856798
0.8100328217865697,0.08969713256322813
0.8100771755522044,0.0897332859778883
0.8101215293178391,0.08976943939254846
0.8101658830834738,0.08980559280720862
0.8102102368491085,0.08984174622186879
0.8102545906147433,0.08987789963652895
0.8102989443803779,0.08991410280359462
0.8103432981460126,0.08995033913893061
0.8103876519116473,0.0899865754742666
0.810432005677282,0.09002281180960259
0.8104763594429167,0.09005904814493858
0.8105207132085515,0.09009528448027457
0.8105650669741861,0.09013152081561056
0.8106094207398208,0.09016782348748721
0.8106537745054555,0.09020412615936386
0.8106981282710902,0.09024044541537568
0.8107424820367249,0.0902767646713875
0.8107868358023597,0.09031308392739931
0.8108311895679944,0.09034940318341113
0.810875543333629,0.09038572243942294
0.8109198970992637,0.09042204169543476
0.8109642508648984,0.09045836095144658
0.8110086046305331,0.09049476312813422
0.8110529583961679,0.09053116530482186
0.8110973121618026,0.09056756748150949
0.8111416659274373,0.09060396965819713
0.8111860196930719,0.0906404547555606
0.8112303734587066,0.09067693985292408
0.8112747272243414,0.09071350787096337
0.8113190809899761,0.09075007588900266
0.8113634347556108,0.09078667044165822
0.8114077885212455,0.09082332138037334
0.8114521422868801,0.09085997231908846
0.8114964960525148,0.09089663984193874
0.8115408498181496,0.09093332394892419
0.8115852035837843,0.09097000805590963
0.811629557349419,0.09100672864799245
0.8116739111150537,0.09104346250738339
0.8117182648806884,0.09108024611917984
0.811762618646323,0.0911170628992466
0.8118069724119578,0.09115387967931338
0.8118513261775925,0.09119069645938016
0.8118956799432272,0.09122751323944693
0.8119400337088619,0.09126441294018953
0.8119843874744966,0.09130131264093212
0.8120287412401312,0.09133829526235054
0.812073095005766,0.09137529446790413
0.8121174487714007,0.09141236000999838
0.8121618025370354,0.09144942555209264
0.8122061563026701,0.09148649109418688
0.8122505100683048,0.09152355663628113
0.8122948638339396,0.09156062217837538
0.8123392175995742,0.09159768772046963
0.8123835713652089,0.09163480301496939
0.8124279251308436,0.09167195147773946
0.8124722788964783,0.09170909994050953
0.812516632662113,0.0917462484032796
0.8125609864277478,0.0917833968660497
0.8126053401933825,0.09182054532881977
0.8126496939590171,0.09185769379158984
0.8126940477246518,0.09189484225435991
0.8127384014902865,0.09193205705367066
0.8127827552559213,0.09196928843711656
0.812827109021556,0.09200651982056246
0.8128714627871907,0.09204375120400836
0.8129158165528253,0.09208101575572458
0.81296017031846,0.09211833005984632
0.8130045240840947,0.09215564436396805
0.8130488778497295,0.09219301505414933
0.8130932316153642,0.09223039569481171
0.8131375853809989,0.09226779291960928
0.8131819391466336,0.09230519014440683
0.8132262929122682,0.0923426702898802
0.8132706466779029,0.0923801504353536
0.8133150004435377,0.09241763058082697
0.8133593542091724,0.09245513726091661
0.8134037079748071,0.09249265057466033
0.8134480617404418,0.09253020369032842
0.8134924155060764,0.09256776675647763
0.8135367692717111,0.09260532982262683
0.8135811230373459,0.09264289288877604
0.8136254768029806,0.09268045595492524
0.8136698305686153,0.09271801902107445
0.81371418433425,0.09275566500789949
0.8137585380998847,0.09279331099472451
0.8138028918655194,0.09283095698154954
0.8138472456311541,0.09286860296837458
0.8138915993967888,0.09290624895519961
0.8139359531624235,0.09294389494202465
0.8139803069280582,0.09298154092884968
0.814024660693693,0.0930191869156747
0.8140690144593276,0.09305683290249975
0.8141133682249623,0.0930945618100006
0.814157721990597,0.09313229071750145
0.8142020757562317,0.09317004284279155
0.8142464295218664,0.09320785467096823
0.8142907832875012,0.09324566649914492
0.8143351370531359,0.0932834783273216
0.8143794908187705,0.09332131337328753
0.8144238445844052,0.09335926450819959
0.8144681983500399,0.09339724217772792
0.8145125521156746,0.09343521984725627
0.8145569058813094,0.0934731975167846
0.8146012596469441,0.09351117518631294
0.8146456134125788,0.09354915285584127
0.8146899671782134,0.09358720349556433
0.8147343209438481,0.09362526408576849
0.8147786747094828,0.09366332467597265
0.8148230284751176,0.09370146818685264
0.8148673822407523,0.09373961501455967
0.814911736006387,0.09377784144611548
0.8149560897720216,0.0938160678776713
0.8150004435376563,0.09385433079432447
0.815044797303291,0.09389260034463172
0.8150891510689258,0.09393090969686335
0.8151335048345605,0.09396930196977082
0.8151778586001952,0.09400769424267828
0.8152222123658299,0.09404608651558576
0.8152665661314645,0.09408447878849323
0.8153109198970993,0.09412290422967101
0.815355273662734,0.09416137942325431
0.8153996274283687,0.0941998546168376
0.8154439811940034,0.09423832981042089
0.8154883349596381,0.09427688792468002
0.8155326887252727,0.09431544603893913
0.8155770424909075,0.09435407048973891
0.8156213962565422,0.09439270820784683
0.8156657500221769,0.09443134924278176
0.8157101037878116,0.09446999027771671
0.8157544575534463,0.09450863131265165
0.815798811319081,0.0945472723475866
0.8158431650847157,0.09458591338252155
0.8158875188503504,0.09462463733813233
0.8159318726159851,0.09466336129374309
0.8159762263816198,0.09470208524935386
0.8160205801472545,0.09474089212564046
0.8160649339128893,0.09477969900192705
0.8161092876785239,0.09481858879888948
0.8161536414441586,0.0948574785958519
0.8161979952097933,0.09489636839281433
0.816242348975428,0.09493534111045257
0.8162867027410627,0.09497431382809082
0.8163310565066975,0.09501328654572908
0.8163754102723322,0.09505225926336733
0.8164197640379668,0.09509123198100557
0.8164641178036015,0.09513023123326009
0.8165084715692362,0.09516928687157417
0.816552825334871,0.09520834250988824
0.8165971791005057,0.09524739814820232
0.8166415328661404,0.09528645378651639
0.8166858866317751,0.09532552600896563
0.8167302403974097,0.09536466456795553
0.8167745941630444,0.09540380312694544
0.8168189479286792,0.09544294168593534
0.8168633016943139,0.09548208024492523
0.8169076554599486,0.09552121880391513
0.8169520092255833,0.09556035736290504
0.8169963629912179,0.0955995622584356
0.8170407167568526,0.09563878373810134
0.8170850705224874,0.09567800521776706
0.8171294242881221,0.0957172598657031
0.8171737780537568,0.09575656426604466
0.8172181318193915,0.09579586866638622
0.8172624855850262,0.09583519960134404
0.8173068393506608,0.09587454380360999
0.8173511931162956,0.09591389795635705
0.8173955468819303,0.09595328527737443
0.817439900647565,0.09599268918252697
0.8174842544131997,0.09603215942422016
0.8175286081788344,0.0960716628341837
0.817572961944469,0.09611122594703383
0.8176173157101038,0.09615085871325166
0.8176616694757385,0.09619049479629652
0.8177060232413732,0.09623018063174688
0.8177503770070079,0.09626989963546756
0.8177947307726426,0.09630961863918824
0.8178390845382774,0.09634938076166036
0.817883438303912,0.09638918268605687
0.8179277920695467,0.09642898461045338
0.8179721458351814,0.09646878653484989
0.8180164996008161,0.09650867137992222
0.8180608533664508,0.09654855622499457
0.8181052071320856,0.09658844107006691
0.8181495608977202,0.09662832591513924
0.8181939146633549,0.0966682936808874
0.8182382684289896,0.09670826144663557
0.8182826221946243,0.09674822921238373
0.818326975960259,0.09678819697813189
0.8183713297258938,0.09682816474388005
0.8184156834915285,0.09686820879664997
0.8184600372571631,0.09690825948307395
0.8185043910227978,0.09694835992190344
0.8185487447884325,0.09698846699438698
0.8185930985540673,0.0970286006014868
0.818637452319702,0.09706873420858661
0.8186818060853367,0.09710886781568644
0.8187261598509714,0.09714900142278625
0.818770513616606,0.09718913502988606
0.8188148673822407,0.0972293018052562
0.8188592211478755,0.09726948184793448
0.8189035749135102,0.09730968510840199
0.8189479286791449,0.09734988836886951
0.8189922824447796,0.09739010489664515
0.8190366362104142,0.09743032142442079
0.819080989976049,0.09747057112046675
0.8191253437416837,0.09751083740064789
0.8191696975073184,0.09755113684909936
0.8192140512729531,0.09759143629755082
0.8192584050385878,0.09763173906282933
0.8193027588042225,0.09767206504589707
0.8193471125698571,0.0977124308308892
0.8193914663354919,0.09775281320001648
0.8194358201011266,0.09779319556914379
0.8194801738667613,0.09783359452240624
0.819524527632396,0.09787405981220935
0.8195688813980307,0.09791452510201247
0.8196132351636654,0.09795499039181559
0.8196575889293001,0.09799545568161872
0.8197019426949348,0.0980359873079625
0.8197462964605695,0.09807653551844144
0.8197906502262042,0.09811708372892038
0.819835003991839,0.09815763193939933
0.8198793577574737,0.09819820668449454
0.8199237115231083,0.09823883781564931
0.819968065288743,0.09827946894680407
0.8200124190543777,0.09832010007795886
0.8200567728200124,0.09836073120911362
0.8201011265856472,0.09840136234026839
0.8201454803512819,0.09844199347142317
0.8201898341169166,0.09848262460257794
0.8202341878825512,0.09852326236738677
0.8202785416481859,0.09856392003315782
0.8203228954138206,0.09860463408498842
0.8203672491794554,0.09864534813681901
0.8204116029450901,0.0986860621886496
0.8204559567107248,0.09872677624048021
0.8205003104763594,0.09876757321298663
0.8205446642419941,0.09880837018549304
0.8205890180076288,0.09884916715799948
0.8206333717732636,0.0988899641305059
0.8206777255388983,0.09893076110301231
0.820722079304533,0.09897155807551875
0.8207664330701677,0.09901235504802516
0.8208107868358023,0.09905315202053158
0.820855140601437,0.09909394899303801
0.8208994943670718,0.09913482888622026
0.8209438481327065,0.0991757087794025
0.8209882018983412,0.09921662847450916
0.8210325556639759,0.09925759128836723
0.8210769094296105,0.0992985541022253
0.8211212631952453,0.09933951691608338
0.82116561696088,0.09938047972994145
0.8212099707265147,0.09942148566255095
0.8212543244921494,0.09946253803073893
0.8212986782577841,0.09950366668594865
0.8213430320234189,0.09954479534115838
0.8213873857890535,0.0995859239963681
0.8214317395546882,0.09962705265157784
0.8214760933203229,0.09966818130678756
0.8215204470859576,0.09970930996199728
0.8215648008515923,0.09975043861720702
0.821609154617227,0.09979160044068706
0.8216535083828617,0.09983281201657263
0.8216978621484964,0.099874106513134
0.8217422159141311,0.09991540100969537
0.8217865696797658,0.09995669550625676
0.8218309234454005,0.09999799000281813
0.8218752772110353,0.10003936742005534
0.82191963097667,0.10008074483729254
0.8219639847423046,0.10012212225452975
0.8220083385079393,0.10016354942417247
0.822052692273574,0.10020498986112329
0.8220970460392087,0.10024645019903633
0.8221413998048435,0.10028791053694935
0.8221857535704782,0.10032937087486239
0.8222301073361129,0.10037083121277542
0.8222744611017475,0.10041229155068845
0.8223188148673822,0.10045375188860148
0.822363168633017,0.10049521222651452
0.8224075223986517,0.10053667256442754
0.8224518761642864,0.10057815280330278
0.8224962299299211,0.10061964630948612
0.8225405836955557,0.10066118956807499
0.8225849374611904,0.10070273282666384
0.8226292912268252,0.1007442760852527
0.8226736449924599,0.10078585251211188
0.8227179987580946,0.10082747869137657
0.8227623525237293,0.10086910487064124
0.822806706289364,0.10091073104990593
0.8228510600549986,0.1009523572291706
0.8228954138206334,0.1009940331608408
0.8229397675862681,0.10103574226078131
0.8229841213519028,0.10107745467754885
0.8230284751175375,0.10111922348037596
0.8230728288831722,0.10116099891685713
0.8231171826488068,0.10120279093747346
0.8231615364144416,0.1012445829580898
0.8232058901800763,0.10128637497870613
0.823250243945711,0.10132816699932247
0.8232945977113457,0.10136995901993881
0.8233389514769804,0.1014118173770958
0.8233833052426152,0.10145369231838797
0.8234276590082498,0.10149556725968013
0.8234720127738845,0.10153744220097229
0.8235163665395192,0.10157931714226445
0.8235607203051539,0.10162119208355662
0.8236050740707886,0.10166313336138944
0.8236494278364234,0.10170509122335743
0.823693781602058,0.10174704908532542
0.8237381353676927,0.1017890069472934
0.8237824891333274,0.10183102119532095
0.8238268428989621,0.1018730453938296
0.8238711966645968,0.10191508617647341
0.8239155504302316,0.10195712695911723
0.8239599041958663,0.10199916774176104
0.8240042579615009,0.10204122510854001
0.8240486117271356,0.10208334881185965
0.8240929654927703,0.1021254725151793
0.824137319258405,0.10216767913917475
0.8241816730240398,0.10220996868384605
0.8242260267896745,0.10225225822851734
0.8242703805553092,0.10229454777318864
0.8243147343209438,0.10233683731785993
0.8243590880865785,0.10237912686253121
0.8244034418522133,0.10242141640720251
0.824447795617848,0.1024637059518738
0.8244921493834827,0.10250602866481541
0.8245365031491174,0.10254848405083836
0.824580856914752,0.10259100245657493
0.8246252106803867,0.1026335407632737
0.8246695644460215,0.10267612882237798
0.8247139182116562,0.1027187832180229
0.8247582719772909,0.10276146083145704
0.8248026257429256,0.10280416497950746
0.8248469795085603,0.10284686912755789
0.824891333274195,0.10288957327560831
0.8249356870398297,0.10293227742365874
0.8249800408054644,0.10297498157170916
0.8250243945710991,0.10301769898706771
0.8250687483367338,0.10306048605579396
0.8251131021023685,0.1031032731245202
0.8251574558680032,0.10314606019324644
0.8252018096336379,0.1031888472619727
0.8252461633992726,0.10323163433069894
0.8252905171649073,0.10327443466673332
0.825334870930542,0.10331724827007584
0.8253792246961767,0.10336011825947791
0.8254235784618115,0.10340307116955581
0.8254679322274461,0.10344608046569327
0.8255122859930808,0.103489116296447
0.8255566397587155,0.10353219192912512
0.8256009935243502,0.10357529409641951
0.825645347289985,0.10361841284784906
0.8256897010556197,0.10366153159927861
0.8257340548212543,0.10370465035070817
0.825778408586889,0.10374776910213772
0.8258227623525237,0.10379091770501057
0.8258671161181584,0.10383411606028892
0.8259114698837932,0.1038773177323943
0.8259558236494279,0.10392053598863484
0.8260001774150626,0.10396376419535648
0.8260445311806972,0.10400704878813768
0.8260888849463319,0.10405033338091889
0.8261332387119666,0.10409361797370009
0.8261775924776014,0.10413690256648131
0.8262219462432361,0.10418018715926251
0.8262663000088708,0.10422347175204372
0.8263106537745055,0.10426675634482492
0.8263550075401401,0.10431004093760612
0.8263993613057748,0.10435332553038733
0.8264437150714096,0.10439669304384436
0.8264880688370443,0.10444006055730139
0.826532422602679,0.10448346123902874
0.8265767763683137,0.10452686523758313
0.8266211301339483,0.10457031235488895
0.826665483899583,0.1046137627890218
0.8267098376652178,0.10465721322315466
0.8267541914308525,0.10470066365728752
0.8267985451964872,0.10474411409142038
0.8268428989621219,0.10478761427795874
0.8268872527277566,0.10483114763276742
0.8269316064933913,0.1048746809875761
0.826975960259026,0.10491821434238478
0.8270203140246607,0.10496178086546379
0.8270646677902954,0.1050053971409483
0.8271090215559301,0.10504901341643282
0.8271533753215649,0.10509262969191732
0.8271977290871995,0.10513631230394249
0.8272420828528342,0.10518001150010282
0.8272864366184689,0.10522371069626316
0.8273307903841036,0.1052674098924235
0.8273751441497383,0.10531119200925966
0.8274194979153731,0.10535497412609582
0.8274638516810078,0.10539875624293198
0.8275082054466424,0.1054425549439033
0.8275525592122771,0.1054864199814153
0.8275969129779118,0.10553028501892728
0.8276412667435465,0.10557415005643926
0.8276856205091813,0.10561803167808641
0.827729974274816,0.10566197963627422
0.8277743280404507,0.10570592759446204
0.8278186818060853,0.10574987555264985
0.82786303557172,0.10579382351083766
0.8279073893373547,0.10583777146902548
0.8279517431029895,0.10588171942721329
0.8279960968686242,0.1059256673854011
0.8280404506342589,0.10596961534358891
0.8280848043998935,0.10601356330177673
0.8281291581655282,0.1060575477450619
0.828173511931163,0.10610157862392554
0.8282178656967977,0.10614562608692434
0.8282622194624324,0.10618973988646381
0.8283065732280671,0.10623385368600327
0.8283509269937018,0.10627804708939152
0.8283952807593364,0.10632224380960682
0.8284396345249712,0.10636648696540058
0.8284839882906059,0.10641076660629169
0.8285283420562406,0.10645504624718281
0.8285726958218753,0.10649932588807393
0.82861704958751,0.10654361879627317
0.8286614033531446,0.10658798135784012
0.8287057571187794,0.10663234391940705
0.8287501108844141,0.10667670648097399
0.8287944646500488,0.10672106904254094
0.8288388184156835,0.10676551452478371
0.8288831721813182,0.10680996000702649
0.828927525946953,0.10685440548926925
0.8289718797125876,0.10689885097151203
0.8290162334782223,0.10694336942394951
0.829060587243857,0.1069878978268681
0.8291049410094917,0.1070324262297867
0.8291492947751264,0.10707695463270529
0.8291936485407612,0.1071214830356239
0.8292380023063958,0.10716602138902359
0.8292823560720305,0.10721056969290439
0.8293267098376652,0.10725518101649881
0.8293710636032999,0.10729979234009324
0.8294154173689346,0.10734440366368765
0.8294597711345694,0.1073890979079579
0.8295041249002041,0.10743379215222815
0.8295484786658387,0.10747848639649839
0.8295928324314734,0.10752318064076864
0.8296371861971081,0.10756787488503888
0.8296815399627429,0.10761256912930914
0.8297258937283776,0.10765726337357938
0.8297702474940123,0.10770204053852546
0.829814601259647,0.10774681770347153
0.8298589550252816,0.1077915948684176
0.8299033087909163,0.10783637203336369
0.8299476625565511,0.10788116578244492
0.8299920163221858,0.1079259727988343
0.8300363700878205,0.10797083288445619
0.8300807238534552,0.1080156929700781
0.8301250776190898,0.10806063597637582
0.8301694313847245,0.10810557898267355
0.8302137851503593,0.10815052198897127
0.830258138915994,0.108195464995269
0.8303024926816287,0.10824049092224255
0.8303468464472634,0.1082855168492161
0.8303912002128981,0.10833062569686548
0.8304355539785327,0.10837573454451485
0.8304799077441675,0.10842084339216423
0.8305242615098022,0.10846595223981362
0.8305686152754369,0.10851107767159815
0.8306129690410716,0.10855621968751786
0.8306573228067063,0.10860136170343755
0.830701676572341,0.10864655347176276
0.8307460303379757,0.10869174524008796
0.8307903841036104,0.10873695359254833
0.8308347378692451,0.10878222828154936
0.8308790916348798,0.10882750297055038
0.8309234454005145,0.10887277765955142
0.8309677991661493,0.10891805234855245
0.8310121529317839,0.1089633602058238
0.8310565066974186,0.10900869128088439
0.8311008604630533,0.10905402235594497
0.831145214228688,0.10909937996562183
0.8311895679943228,0.10914480391183935
0.8312339217599575,0.10919024444219204
0.8312782755255921,0.10923568497254471
0.8313226292912268,0.10928120842357322
0.8313669830568615,0.10932673187460173
0.8314113368224962,0.10937225864245728
0.831455690588131,0.1094178650141616
0.8315000443537657,0.10946347138586594
0.8315443981194004,0.10950910760901358
0.831588751885035,0.10955479690139375
0.8316331056506697,0.10960048619377391
0.8316774594163044,0.10964617548615406
0.8317218131819392,0.10969194769921005
0.8317661669475739,0.10973771991226604
0.8318105207132086,0.10978357504599785
0.8318548744788433,0.10982943017972967
0.8318992282444779,0.10987528531346148
0.8319435820101126,0.10992114044719328
0.8319879357757474,0.10996707850160092
0.8320322895413821,0.11001301655600856
0.8320766433070168,0.1100589546104162
0.8321209970726515,0.11010497558549967
0.8321653508382861,0.11015099656058314
0.8322097046039209,0.1101970175356666
0.8322540583695556,0.1102431214314259
0.8322984121351903,0.110289308247861
0.832342765900825,0.11033556140083679
0.8323871196664597,0.11038183113794774
0.8324314734320944,0.11042810087505867
0.8324758271977291,0.11047437061216961
0.8325201809633638,0.11052064034928055
0.8325645347289985,0.1105669100863915
0.8326088884946332,0.11061317982350244
0.8326532422602679,0.11065946946157558
0.8326975960259027,0.11070580553522719
0.8327419497915373,0.11075215819301396
0.832786303557172,0.11079851085080072
0.8328306573228067,0.1108448635085875
0.8328750110884414,0.11089129908705009
0.8329193648540761,0.11093773466551268
0.8329637186197109,0.11098417024397528
0.8330080723853456,0.11103060582243787
0.8330524261509802,0.11107704140090047
0.8330967799166149,0.11112349356349822
0.8331411336822496,0.11116996231023114
0.8331854874478843,0.1112164542747533
0.8332298412135191,0.11126305569456754
0.8332741949791538,0.11130965711438179
0.8333185487447884,0.11135625853419603
0.8333629025104231,0.11140285995401028
0.8334072562760578,0.11144951112623004
0.8334516100416925,0.11149619546672011
0.8334959638073273,0.11154287980721019
0.833540317572962,0.11158964706837608
0.8335846713385967,0.11163641432954198
0.8336290251042313,0.11168318159070788
0.833673378869866,0.1117300317725496
0.8337177326355008,0.11177688195439132
0.8337620864011355,0.11182376530450337
0.8338064401667702,0.11187069840702094
0.8338507939324049,0.11191765141050068
0.8338951476980396,0.11196462099811559
0.8339395014636742,0.11201163702130897
0.833983855229309,0.11205865304450234
0.8340282089949437,0.11210566906769572
0.8340725627605784,0.11215276801156493
0.8341169165262131,0.11219986695543413
0.8341612702918478,0.11224696589930333
0.8342056240574824,0.11229406484317253
0.8342499778231172,0.11234118700483098
0.8342943315887519,0.11238832243379754
0.8343386853543866,0.1124354877142074
0.8343830391200213,0.11248266957875243
0.834427392885656,0.11252986802743262
0.8344717466512908,0.11257712286217238
0.8345161004169254,0.11262438764739323
0.8345604541825601,0.11267165243261408
0.8346048079481948,0.1127189338019701
0.8346491617138295,0.11276628150786679
0.8346935154794642,0.11281362921376346
0.834737869245099,0.11286105984033597
0.8347822230107336,0.11290849046690847
0.8348265767763683,0.11295592109348099
0.834870930542003,0.11300335172005349
0.8349152843076377,0.11305083541585852
0.8349596380732724,0.11309834896310686
0.8350039918389072,0.11314586251035519
0.8350483456045419,0.11319337605760352
0.8350926993701765,0.11324088960485186
0.8351370531358112,0.11328841973623535
0.8351814069014459,0.1133360162041595
0.8352257606670807,0.11338361267208368
0.8352701144327154,0.11343120914000783
0.8353144681983501,0.11347880560793198
0.8353588219639848,0.11352640207585615
0.8354031757296194,0.11357399854378031
0.8354475294952541,0.11362166466507218
0.8354918832608889,0.11366934405367216
0.8355362370265236,0.11371702344227214
0.8355805907921583,0.11376475258327763
0.835624944557793,0.11381251489255344
0.8356692983234276,0.11386027720182926
0.8357136520890623,0.11390809589716462
0.8357580058546971,0.11395594112711627
0.8358023596203318,0.1140037863570679
0.8358467133859665,0.11405166143846285
0.8358910671516012,0.1140995398366848
0.8359354209172359,0.11414746798731226
0.8359797746828705,0.11419539613793973
0.8360241284485053,0.11424332428856719
0.83606848221414,0.11429125243919466
0.8361128359797747,0.11433918058982212
0.8361571897454094,0.11438710874044959
0.8362015435110441,0.11443507337617441
0.8362458972766788,0.11448316736815353
0.8362902510423135,0.11453126136013264
0.8363346048079482,0.11457935535211176
0.8363789585735829,0.11462744934409087
0.8364233123392176,0.11467559972212955
0.8364676661048523,0.11472377663478449
0.8365120198704871,0.11477195354743944
0.8365563736361217,0.1148202133807702
0.8366007274017564,0.11486847321410097
0.8366450811673911,0.11491673304743173
0.8366894349330258,0.1149649928807625
0.8367337886986606,0.1150133356347691
0.8367781424642953,0.11506167838877569
0.8368224962299299,0.11511007421201482
0.8368668499955646,0.11515849988669723
0.8369112037611993,0.11520692556137965
0.836955557526834,0.11525535123606206
0.8369999112924688,0.11530377691074449
0.8370442650581035,0.11535236842677857
0.8370886188237382,0.11540098647742891
0.8371329725893728,0.1154496609141388
0.8371773263550075,0.1154983353508487
0.8372216801206422,0.11554703632217488
0.837266033886277,0.11559579367956059
0.8373103876519117,0.11564455103694632
0.8373547414175464,0.11569330839433205
0.8373990951831811,0.11574206575171778
0.8374434489488157,0.11579085627737382
0.8374878027144504,0.11583967997130021
0.8375321564800852,0.11588852024936176
0.8375765102457199,0.1159373605274233
0.8376208640113546,0.11598628372616068
0.8376652177769893,0.11603520692489806
0.8377095715426239,0.11608413012363544
0.8377539253082587,0.11613305332237282
0.8377982790738934,0.11618199310524535
0.8378426328395281,0.11623099922465856
0.8378869866051628,0.11628008826474759
0.8379313403707975,0.11632917730483662
0.8379756941364322,0.11637826634492564
0.8380200479020669,0.11642735538501467
0.8380644016677016,0.1164764444251037
0.8381087554333363,0.11652555668298197
0.838153109198971,0.11657472864374682
0.8381974629646057,0.11662391387181979
0.8382418167302405,0.11667311900085497
0.8382861704958751,0.11672237056546862
0.8383305242615098,0.1167716254469093
0.8383748780271445,0.11682088032834999
0.8384192317927792,0.11687013520979067
0.8384635855584139,0.11691939009123134
0.8385079393240487,0.11696867814094235
0.8385522930896834,0.11701801594305886
0.838596646855318,0.11706735374517536
0.8386410006209527,0.11711669154729187
0.8386853543865874,0.11716602934940838
0.8387297081522221,0.11721536715152489
0.8387740619178569,0.11726475138921987
0.8388184156834916,0.1173141721120122
0.8388627694491262,0.11736359283480452
0.8389071232147609,0.11741305335952125
0.8389514769803956,0.11746254373568128
0.8389958307460303,0.11751213029982527
0.8390401845116651,0.11756171686396925
0.8390845382772998,0.11761130342811324
0.8391288920429345,0.11766097291293305
0.8391732458085691,0.11771064239775286
0.8392175995742038,0.11776031188257267
0.8392619533398386,0.11780998136739249
0.8393063071054733,0.11785973377288812
0.839350660871108,0.11790948617838376
0.8393950146367427,0.1179592385838794
0.8394393684023774,0.11800899098937503
0.839483722168012,0.1180587467116977
0.8395280759336468,0.11810866495854501
0.8395724296992815,0.11815864290827889
0.8396167834649162,0.118208644075802
0.8396611372305509,0.11825864524332512
0.8397054909961856,0.11830872933152406
0.8397498447618202,0.118358813419723
0.839794198527455,0.11840889750792194
0.8398385522930897,0.11845898159612088
0.8398829060587244,0.11850906568431982
0.8399272598243591,0.1185592326931946
0.8399716135899938,0.11860939970206937
0.8400159673556286,0.11865959987921446
0.8400603211212632,0.11870982327414878
0.8401046748868979,0.11876007320369937
0.8401490286525326,0.11881032313324996
0.8401933824181673,0.11886057306280055
0.840237736183802,0.11891082299235115
0.8402820899494368,0.11896115584257758
0.8403264437150714,0.119011488692804
0.8403707974807061,0.11906183149351152
0.8404151512463408,0.11911224726441376
0.8404595050119755,0.11916266303531602
0.8405038587776102,0.11921307880621826
0.840548212543245,0.1192634945771205
0.8405925663088797,0.11931391034802274
0.8406369200745143,0.11936432611892499
0.840681273840149,0.11941474188982724
0.8407256276057837,0.11946524058140531
0.8407699813714185,0.11951573927298338
0.8408143351370532,0.11956630430110211
0.8408586889026879,0.11961688259652899
0.8409030426683226,0.11966746420878288
0.8409473964339572,0.11971804582103678
0.8409917501995919,0.11976862743329068
0.8410361039652267,0.1198192422138149
0.8410804577308614,0.11986990674674462
0.8411248114964961,0.11992057127967434
0.8411691652621308,0.11997125571356626
0.8412135190277654,0.12002200316717182
0.8412578727934001,0.12007275062077737
0.8413022265590349,0.12012349807438291
0.8413465803246696,0.12017424552798847
0.8413909340903043,0.12022499298159402
0.841435287855939,0.12027574043519956
0.8414796416215737,0.12032653764121062
0.8415239953872083,0.120377368015492
0.8415683491528431,0.12042821497390854
0.8416127029184778,0.12047907851646024
0.8416570566841125,0.12052994205901194
0.8417014104497472,0.12058080560156363
0.8417457642153819,0.12063170562921272
0.8417901179810166,0.12068261892416991
0.8418344717466513,0.12073361513980294
0.841878825512286,0.12078461135543597
0.8419231792779207,0.120835607571069
0.8419675330435554,0.12088663695497234
0.8420118868091901,0.12093770282397308
0.8420562405748249,0.12098878196028193
0.8421005943404595,0.12103986109659079
0.8421449481060942,0.12109094023289964
0.8421893018717289,0.1211420193692085
0.8422336556373636,0.12119309850551735
0.8422780094029984,0.1212441776418262
0.8423223631686331,0.12129533969881089
0.8423667169342677,0.12134650175579556
0.8424110706999024,0.12139768703056948
0.8424554244655371,0.12144893200822998
0.8424997782311718,0.1215001769858905
0.8425441319968066,0.121551421963551
0.8425884857624413,0.12160267025803854
0.842632839528076,0.12165396498810455
0.8426771932937106,0.12170537580711671
0.8427215470593453,0.12175678662612886
0.84276590082498,0.12180819744514103
0.8428102545906148,0.12185960826415318
0.8428546083562495,0.12191106883557085
0.8428989621218842,0.12196256257525884
0.8429433158875189,0.12201413923562264
0.8429876696531535,0.12206571589598646
0.8430320234187882,0.12211729255635026
0.843076377184423,0.12216886921671408
0.8431207309500577,0.12222046577804009
0.8431650847156924,0.12227213530956083
0.8432094384813271,0.12232381147473563
0.8432537922469617,0.12237555397645108
0.8432981460125965,0.12242729647816655
0.8433424997782312,0.12247903897988202
0.8433868535438659,0.12253078148159748
0.8434312073095006,0.12258252398331294
0.8434755610751353,0.12263426648502841
0.84351991484077,0.12268600898674387
0.8435642686064047,0.12273778465672966
0.8436086223720394,0.12278956032671544
0.8436529761376741,0.12284136916497157
0.8436973299033088,0.12289319458736285
0.8437416836689435,0.12294502000975414
0.8437860374345783,0.12299684874897247
0.8438303912002129,0.12304871397328815
0.8438747449658476,0.12310062231635527
0.8439190987314823,0.12315254392673051
0.843963452497117,0.12320458494287896
0.8440078062627517,0.12325665912729772
0.8440521600283865,0.12330873331171649
0.8440965137940212,0.12336080749613526
0.8441408675596558,0.1234128883142081
0.8441852213252905,0.12346497908276202
0.8442295750909252,0.12351713618785662
0.8442739288565599,0.12356945913430287
0.8443182826221947,0.12362186500142494
0.8443626363878294,0.12367430403681733
0.844406990153464,0.12372682599288555
0.8444513439190987,0.12377936453308895
0.8444956976847334,0.12383193624156268
0.8445400514503681,0.1238845079500364
0.8445844052160029,0.12393707965851013
0.8446287589816376,0.12398965136698384
0.8446731127472723,0.12404230599613339
0.8447174665129069,0.12409496062528294
0.8447618202785416,0.12414769817510832
0.8448061740441764,0.1242004357249337
0.8448505278098111,0.12425317327475907
0.8448948815754458,0.12430599374526027
0.8449392353410805,0.124358867284994
0.8449835891067152,0.12441177067617103
0.8450279428723498,0.12446467406734806
0.8450722966379846,0.12451757745852508
0.8451166504036193,0.12457048084970211
0.845161004169254,0.12462338424087914
0.8452053579348887,0.12467628763205615
0.8452497117005234,0.12472919102323318
0.845294065466158,0.12478224367162671
0.8453384192317928,0.1248353129041554
0.8453827729974275,0.12488838213668407
0.8454271267630622,0.12494145136921275
0.8454714805286969,0.12499452060174143
0.8455158342943316,0.1250475898342701
0.8455601880599664,0.1251006590667988
0.845604541825601,0.12515372829932747
0.8456488955912357,0.12520682074964537
0.8456932493568704,0.12525997290284988
0.8457376031225051,0.12531312505605438
0.8457819568881398,0.1253662772092589
0.8458263106537746,0.1254194293624634
0.8458706644194092,0.1254725815156679
0.8459150181850439,0.12552581658954826
0.8459593719506786,0.1255790516634286
0.8460037257163133,0.12563228673730892
0.846048079481948,0.12568552181118925
0.8460924332475828,0.12573875688506958
0.8461367870132175,0.1257920417113554
0.8461811407788521,0.12584535970591157
0.8462254945444868,0.12589867770046773
0.8462698483101215,0.12595202222964014
0.8463142020757563,0.12600542314487215
0.846358555841391,0.12605882406010413
0.8464029096070257,0.1261122249753361
0.8464472633726603,0.1261656258905681
0.846491617138295,0.12621902680580008
0.8465359709039297,0.12627251064170789
0.8465803246695645,0.1263259944776157
0.8466246784351992,0.1263794783135235
0.8466690322008339,0.12643299200087463
0.8467133859664686,0.12648655875745826
0.8467577397321032,0.1265401255140419
0.8468020934977379,0.12659369227062553
0.8468464472633727,0.12664730877961466
0.8468908010290074,0.12670095845687412
0.8469351547946421,0.12675460813413358
0.8469795085602768,0.12680831419745262
0.8470238623259115,0.1268620467953879
0.8470682160915461,0.12691577939332319
0.8471125698571809,0.12696951199125847
0.8471569236228156,0.12702324458919376
0.8472012773884503,0.1270771430284807
0.847245631154085,0.12713104146776766
0.8472899849197197,0.1271849399070546
0.8473343386853543,0.12723883834634153
0.8473786924509891,0.1272928197063043
0.8474230462166238,0.12734680106626706
0.8474673999822585,0.12740086534690565
0.8475117537478932,0.12745496279581456
0.847556107513528,0.127509109997129
0.8476004612791627,0.1275632571984434
0.8476448150447973,0.12761740439975783
0.847689168810432,0.12767160135347774
0.8477335225760667,0.12772583147546798
0.8477778763417014,0.12778006159745822
0.8478222301073361,0.12783437464012432
0.8478665838729709,0.12788868768279038
0.8479109376386055,0.12794301067593755
0.8479552914042402,0.1279973403027388
0.8479996451698749,0.12805173626608068
0.8480439989355096,0.12810613222942258
0.8480883527011444,0.12816055804420778
0.8481327064667791,0.1282150369282255
0.8481770602324138,0.12826956556464875
0.8482214139980484,0.1283241273693423
0.8482657677636831,0.12837872234230616
0.8483101215293178,0.12843336043402145
0.8483544752949526,0.12848800515939082
0.8483988290605873,0.12854267310254944
0.848443182826222,0.12859734104570805
0.8484875365918567,0.1286520123056937
0.8485318903574913,0.12870671010029558
0.848576244123126,0.1287614377463408
0.8486205978887608,0.128816165392386
0.8486649516543955,0.1288708930384312
0.8487093054200302,0.12892564721909267
0.8487536591856649,0.12898045778581368
0.8487980129512995,0.12903526835253473
0.8488423667169342,0.12909007891925575
0.848886720482569,0.12914488948597677
0.8489310742482037,0.12919975643875736
0.8489754280138384,0.12925463334201906
0.8490197817794731,0.1293095268294159
0.8490641355451078,0.1293645861581644
0.8491084893107425,0.12941964548691293
0.8491528430763772,0.12947470481566142
0.8491971968420119,0.12952976414440992
0.8492415506076466,0.12958482347315842
0.8492859043732813,0.12963991597017727
0.849330258138916,0.1296950582196016
0.8493746119045507,0.12975028338970174
0.8494189656701854,0.12980559148047774
0.8494633194358201,0.1298609493236592
0.8495076732014548,0.12991634033511104
0.8495520269670895,0.12997173134656284
0.8495963807327243,0.13002712235801464
0.849640734498359,0.13008251336946647
0.8496850882639936,0.1301379873015941
0.8497294420296283,0.13019349108516504
0.849773795795263,0.13024901476969816
0.8498181495608977,0.13030454508788536
0.8498625033265325,0.13036009530703477
0.8499068570921672,0.13041565215983822
0.8499512108578018,0.13047120901264167
0.8499955646234365,0.13052676586544515
0.8500399183890712,0.13058235588651892
0.8500842721547059,0.1306379956599982
0.8501286259203407,0.1306936354334775
0.8501729796859754,0.13074927520695678
0.8502173334516101,0.13080492161409016
0.8502616872172447,0.13086064430824526
0.8503060409828794,0.13091636700240036
0.8503503947485141,0.1309720896965555
0.8503947485141489,0.1310278123907106
0.8504391022797836,0.13108361800554155
0.8504834560454183,0.13113946010546984
0.850527809811053,0.13119534864097662
0.8505721635766876,0.13125123717648338
0.8506165173423224,0.13130720863266596
0.8506608711079571,0.13136334593020021
0.8507052248735918,0.13141948322773445
0.8507495786392265,0.1314756205252687
0.8507939324048612,0.13153184074347876
0.8508382861704958,0.13158814388236467
0.8508826399361306,0.13164452994192638
0.8509269937017653,0.13170091600148812
0.8509713474674,0.13175730206104982
0.8510157012330347,0.1318137710412874
0.8510600549986694,0.13187024002152492
0.8511044087643042,0.1319267786551302
0.8511487625299388,0.13198333055604355
0.8511931162955735,0.13203988245695694
0.8512374700612082,0.1320964343578703
0.8512818238268429,0.1321529862587837
0.8513261775924776,0.13220953815969705
0.8513705313581124,0.13226609337743747
0.851414885123747,0.1323227116148915
0.8514592388893817,0.1323793464364807
0.8515035926550164,0.13243603432730242
0.8515479464206511,0.13249273548543228
0.8515923001862858,0.13254945322769732
0.8516366539519206,0.13260623398967597
0.8516810077175553,0.13266308772184934
0.8517253614831899,0.13271997130546603
0.8517697152488246,0.1327768548890827
0.8518140690144593,0.13283385456164554
0.851858422780094,0.13289085423420835
0.8519027765457288,0.13294806950052834
0.8519471303113635,0.13300528476684834
0.8519914840769981,0.1330625000331683
0.8520358378426328,0.1331197152994883
0.8520801916082675,0.13317693056580826
0.8521245453739023,0.13323414583212825
0.852168899139537,0.13329136109844825
0.8522132529051717,0.1333485763647682
0.8522576066708064,0.13340587455176403
0.852301960436441,0.13346317273875985
0.8523463142020757,0.1335204941435449
0.8523906679677105,0.13357784871660025
0.8524350217333452,0.1336352298242719
0.8524793754989799,0.1336926109319435
0.8525237292646146,0.13374999203961516
0.8525680830302493,0.1338073731472868
0.8526124367958839,0.13386475425495842
0.8526567905615187,0.1339221519467652
0.8527011443271534,0.13397961597511268
0.8527454980927881,0.13403708000346015
0.8527898518584228,0.1340945440318076
0.8528342056240575,0.13415202464429024
0.8528785593896921,0.13420951520725397
0.8529229131553269,0.13426701240387173
0.8529672669209616,0.134324556036068
0.8530116206865963,0.1343821029850913
0.853055974452231,0.13443965988459566
0.8531003282178657,0.13449728975429479
0.8531446819835005,0.13455493620812906
0.8531890357491351,0.134612648998504
0.8532333895147698,0.13467036178887895
0.8532777432804045,0.13472807457925387
0.8533220970460392,0.13478578736962882
0.853366450811674,0.1348435830806796
0.8534108045773087,0.13490137879173036
0.8534551583429433,0.1349591745027811
0.853499512108578,0.1350170531345077
0.8535438658742127,0.1350749317662343
0.8535882196398474,0.1351328103979609
0.8536325734054822,0.13519070561382265
0.8536769271711169,0.13524861741381955
0.8537212809367516,0.13530653584747054
0.8537656347023862,0.13536449739987297
0.8538099884680209,0.13542246558592946
0.8538543422336556,0.13548046030660219
0.8538986959992904,0.1355384881955453
0.8539430497649251,0.1355965326686235
0.8539874035305598,0.13565457714170176
0.8540317572961944,0.13571262161478
0.8540761110618291,0.13577066608785826
0.8541204648274638,0.13582871056093648
0.8541648185930986,0.13588683463786352
0.8542091723587333,0.1359449620316176
0.854253526124368,0.1360031723460475
0.8542978798900027,0.1360613826604774
0.8543422336556373,0.1361196261431776
0.854386587421272,0.13617791937828333
0.8544309411869068,0.13623627563310267
0.8544752949525415,0.13629464515523015
0.8545196487181762,0.1363530213110117
0.8545640024838109,0.13641139746679326
0.8546083562494456,0.1364697736225748
0.8546527100150803,0.13652817631297262
0.854697063780715,0.13658663538943
0.8547414175463497,0.1366451773865632
0.8547857713119844,0.13670371938369638
0.8548301250776191,0.13676231445006212
0.8548744788432538,0.13682093273421705
0.8549188326088885,0.13687955765202608
0.8549631863745232,0.13693818256983512
0.8550075401401579,0.13699689040831997
0.8550518939057926,0.13705559824680483
0.8550962476714273,0.13711430608528968
0.855140601437062,0.13717301392377454
0.8551849552026968,0.13723173834639454
0.8552293089683314,0.13729052910555523
0.8552736627339661,0.1373493198647159
0.8553180164996008,0.13740819354455241
0.8553623702652355,0.1374670672243889
0.8554067240308703,0.13752602382490123
0.855451077796505,0.13758498042541356
0.8554954315621396,0.13764401994660172
0.8555397853277743,0.13770317555673603
0.855584139093409,0.13776238091927584
0.8556284928590437,0.13782158628181565
0.8556728466246785,0.13788079164435546
0.8557172003903132,0.1379400799275711
0.8557615541559479,0.13799936821078673
0.8558059079215825,0.1380587394146782
0.8558502616872172,0.13811811061856966
0.855894615452852,0.13817748182246112
0.8559389692184867,0.13823685634317961
0.8559833229841214,0.13829629388361173
0.8560276767497561,0.13835574469135198
0.8560720305153908,0.13841519881591927
0.8561163842810254,0.13847465294048655
0.8561607380466602,0.13853410706505384
0.8562050918122949,0.13859364411029695
0.8562494455779296,0.13865318115554007
0.8562937993435643,0.13871271820078318
0.856338153109199,0.1387722552460263
0.8563825068748336,0.13883187521194523
0.8564268606404684,0.1388916278509455
0.8564712144061031,0.1389514136582161
0.8565155681717378,0.13901119946548668
0.8565599219373725,0.13907103502516277
0.8566042757030072,0.1391309037531092
0.856648629468642,0.1391907724810556
0.8566929832342766,0.13925067437727234
0.8567373369999113,0.13931060944175944
0.856781690765546,0.13937054782307354
0.8568260445311807,0.13943049947169578
0.8568703982968154,0.13949045112031802
0.8569147520624502,0.1395504027689403
0.8569591058280848,0.13961035441756253
0.8570034595937195,0.1396703491849362
0.8570478133593542,0.13973038375423427
0.8570921671249889,0.13979041832353234
0.8571365208906236,0.1398504528928304
0.8571808746562584,0.1399105206303988
0.8572252284218931,0.1399706381203727
0.8572695821875277,0.14003081531323316
0.8573139359531624,0.1400910157238829
0.8573582897187971,0.14015121613453263
0.8574026434844318,0.14021141654518235
0.8574469972500666,0.14027163353996722
0.8574913510157013,0.14033186711888726
0.8575357047813359,0.1403921504502128
0.8575800585469706,0.14045251670221418
0.8576244123126053,0.14051288295421557
0.85766876607824,0.14057329895862244
0.8577131198438748,0.14063378129956997
0.8577574736095095,0.1406943366107122
0.8578018273751442,0.14075495162474108
0.8578461811407788,0.14081556663876993
0.8578905349064135,0.14087618165279878
0.8579348886720483,0.14093687958750345
0.857979242437683,0.14099757752220812
0.8580235962033177,0.1410582754569128
0.8580679499689524,0.1411189733916175
0.8581123037345871,0.14117967132632217
0.8581566575002217,0.14124036926102684
0.8582010112658565,0.14130106719573152
0.8582453650314912,0.1413617651304362
0.8582897187971259,0.1414225459858167
0.8583340725627606,0.14148332684119722
0.8583784263283953,0.1415441474985021
0.85842278009403,0.14160501127455843
0.8584671338596647,0.14166587505061476
0.8585114876252994,0.14172673882667108
0.8585558413909341,0.1417876026027274
0.8586001951565688,0.14184846637878376
0.8586445489222035,0.14190949599619174
0.8586889026878383,0.1419705256135997
0.8587332564534729,0.1420315552310077
0.8587776102191076,0.14209258484841567
0.8588219639847423,0.14215361446582367
0.858866317750377,0.14221472700390747
0.8589106715160117,0.1422758727102616
0.8589550252816465,0.14233701841661572
0.8589993790472811,0.14239818070710505
0.8590437328129158,0.14245937616586468
0.8590880865785505,0.14252065454530013
0.8591324403441852,0.1425819329247356
0.85917679410982,0.14264323783878732
0.8592211478754547,0.1427045460696661
0.8592655016410894,0.14276590736977737
0.859309855406724,0.14282726866988865
0.8593542091723587,0.14288862996999996
0.8593985629379934,0.14294999127011124
0.8594429167036282,0.14301143549089834
0.8594872704692629,0.14307294604822612
0.8595316242348976,0.1431344765065161
0.8595759780005322,0.14319603349942234
0.8596203317661669,0.1432576103932908
0.8596646855318016,0.14331925362369988
0.8597090392974364,0.1433809300223793
0.8597533930630711,0.1434426230051939
0.8597977468287058,0.14350431598800847
0.8598421005943405,0.1435660918914989
0.8598864543599751,0.14362786779498932
0.8599308081256098,0.14368972661915555
0.8599751618912446,0.1437515854433218
0.8600195156568793,0.14381352718816387
0.860063869422514,0.14387552200223847
0.8601082231881487,0.14393754666775635
0.8601525769537834,0.14399965425395006
0.860196930719418,0.14406177842427895
0.8602412844850528,0.14412393576287819
0.8602856382506875,0.1441860931014774
0.8603299920163222,0.14424828360834696
0.8603743457819569,0.1443104741152165
0.8604186995475916,0.14437271437449153
0.8604630533132263,0.14443502097030725
0.860507407078861,0.14449737731852844
0.8605517608444957,0.14455973366674965
0.8605961146101304,0.14462209001497084
0.8606404683757651,0.14468444636319203
0.8606848221413999,0.14474680271141324
0.8607291759070346,0.14480919222790475
0.8607735296726692,0.1448716314968018
0.8608178834383039,0.1449340707656988
0.8608622372039386,0.14499651003459582
0.8609065909695733,0.1450590322241687
0.8609509447352081,0.14512172025509318
0.8609952985008428,0.1451844082860177
0.8610396522664774,0.14524709963376922
0.8610840060321121,0.14530982083296407
0.8611283597977468,0.14537255198263999
0.8611727135633815,0.14543532293424033
0.8612170673290163,0.14549817348968944
0.861261421094651,0.14556111028264143
0.8613057748602857,0.1456240470755934
0.8613501286259203,0.14568706678922122
0.861394482391555,0.145750086502849
0.8614388361571897,0.14581310621647683
0.8614831899228245,0.14587612593010463
0.8615275436884592,0.14593922856440827
0.8615718974540939,0.1460024008520796
0.8616162512197285,0.14606558640705905
0.8616606049853632,0.14612877196203852
0.861704958750998,0.1461919906852883
0.8617493125166327,0.1462552326263273
0.8617936662822674,0.14631848783467447
0.8618380200479021,0.14638175631032976
0.8618823738135368,0.14644502478598506
0.8619267275791714,0.14650834301404583
0.8619710813448062,0.14657169441037696
0.8620154351104409,0.14663512872738388
0.8620597888760756,0.14669856304439083
0.8621041426417103,0.14676205374745732
0.862148496407345,0.14682555440100492
0.8621928501729798,0.14688905505455252
0.8622372039386144,0.1469525722922353
0.8622815577042491,0.14701608952991804
0.8623259114698838,0.14707977260895247
0.8623702652355185,0.14714353860866272
0.8624146190011532,0.14720730460837295
0.862458972766788,0.1472710706080832
0.8625033265324226,0.14733483660779342
0.8625476802980573,0.14739867889452543
0.862592034063692,0.1474625278149115
0.8626363878293267,0.14752637673529756
0.8626807415949614,0.14759030857635946
0.8627250953605962,0.14765424041742137
0.8627694491262309,0.14771817225848324
0.8628138028918655,0.1477821604856047
0.8628581566575002,0.14784617524734242
0.8629025104231349,0.14791019000908015
0.8629468641887696,0.14797420477081785
0.8629912179544044,0.14803821953255558
0.8630355717200391,0.14810226746256364
0.8630799254856737,0.14816632534305277
0.8631242792513084,0.14823050594614215
0.8631686330169431,0.14829468654923153
0.8632129867825779,0.14835886715232088
0.8632573405482126,0.14842304775541026
0.8633016943138473,0.14848730796234844
0.863346048079482,0.14855157148611361
0.8633904018451166,0.14861583500987882
0.8634347556107513,0.14868009853364403
0.8634791093763861,0.14874444497808503
0.8635234631420208,0.14880879142252607
0.8635678169076555,0.1488731378669671
0.8636121706732902,0.14893748431140813
0.8636565244389249,0.14900183075584914
0.8637008782045595,0.14906617720029017
0.8637452319701943,0.1491305236447312
0.863789585735829,0.1491948700891722
0.8638339395014637,0.14925924970188356
0.8638782932670984,0.14932367575017338
0.8639226470327331,0.14938810511529022
0.8639670007983677,0.14945253448040707
0.8640113545640025,0.14951696384552393
0.8640557083296372,0.14958147613131662
0.8641000620952719,0.14964598841710927
0.8641444158609066,0.14971050070290196
0.8641887696265413,0.14977501298869464
0.8642331233921761,0.14983952527448732
0.8642774771578107,0.14990403756027998
0.8643218309234454,0.14996854984607266
0.8643661846890801,0.15003312515157896
0.8644105384547148,0.15009772035804747
0.8644548922203495,0.15016231556451598
0.8644992459859843,0.1502269107709845
0.8645435997516189,0.1502915888981288
0.8645879535172536,0.15035634994594896
0.8646323072828883,0.15042119391444495
0.864676661048523,0.15048620372429258
0.8647210148141578,0.15055121685096726
0.8647653685797925,0.1506163095814907
0.8648097223454272,0.15068140231201416
0.8648540761110618,0.15074657796321345
0.8648984298766965,0.15081175361441274
0.8649427836423312,0.15087696575070939
0.864987137407966,0.15094219115431418
0.8650314911736007,0.15100746631032444
0.8650758449392354,0.15107280780287538
0.86512019870487,0.15113814929542632
0.8651645524705047,0.15120349078797726
0.8652089062361394,0.15126883228052818
0.8652532600017742,0.15133417377307912
0.8652976137674089,0.15139957496851666
0.8653419675330436,0.15146498279760826
0.8653863212986783,0.15153040721083502
0.8654306750643129,0.15159591454473761
0.8654750288299476,0.15166145836373757
0.8655193825955824,0.15172701545004566
0.8655637363612171,0.15179260570462405
0.8656080901268518,0.15185836180055412
0.8656524438924865,0.1519241178964842
0.8656967976581212,0.15198989057654944
0.8657411514237559,0.15205581251383116
0.8657855051893906,0.15212173445111288
0.8658298589550253,0.1521876895566649
0.86587421272066,0.15225369441462244
0.8659185664862947,0.15231969927258
0.8659629202519294,0.15238570413053754
0.866007274017564,0.15245187482984673
0.8660516277831988,0.15251804552915593
0.8660959815488335,0.15258422617894624
0.8661403353144682,0.15265047979893126
0.8661846890801029,0.15271673341891628
0.8662290428457377,0.15278306995957713
0.8662733966113724,0.15284950268822195
0.866317750377007,0.15291600507023445
0.8663621041426417,0.15298250745224695
0.8664064579082764,0.15304900983425945
0.8664508116739111,0.15311554538454228
0.8664951654395459,0.1531821306872306
0.8665395192051806,0.15324871598991893
0.8665838729708152,0.15331535104501276
0.8666282267364499,0.15338201595154988
0.8666725805020846,0.15344868417491403
0.8667169342677193,0.15351535239827818
0.8667612880333541,0.15358207037404784
0.8668056417989888,0.15364886132001224
0.8668499955646235,0.15371569538472804
0.8668943493302581,0.15378252944944384
0.8669387030958928,0.15384936351415965
0.8669830568615275,0.15391619757887545
0.8670274106271623,0.15398307144551565
0.867071764392797,0.15404998843090728
0.8671161181584317,0.15411698833697474
0.8671604719240663,0.15418407116371802
0.867204825689701,0.15425123691113712
0.8672491794553358,0.1543185684999079
0.8672935332209705,0.15438590008867867
0.8673378869866052,0.15445331459812525
0.8673822407522399,0.15452081202824766
0.8674265945178746,0.15458830945837007
0.8674709482835092,0.1546558068884925
0.867515302049144,0.154723310952269
0.8675596558147787,0.1547908581347969
0.8676040095804134,0.15485843848559513
0.8676483633460481,0.1549261017570692
0.8676927171116828,0.1549937981968136
0.8677370708773176,0.1550615443889635
0.8677814246429522,0.15512931711572966
0.8678257784085869,0.15519710974345802
0.8678701321742216,0.15526502177695956
0.8679144859398563,0.15533301673113692
0.867958839705491,0.15540104485358464
0.8680031934711258,0.15546912272843783
0.8680475472367604,0.15553720060329101
0.8680919010023951,0.15560536139882003
0.8681362547680298,0.1556736051150249
0.8681806085336645,0.155741872049019
0.8682249622992992,0.15581016883445634
0.868269316064934,0.15587849547133703
0.8683136698305687,0.1559468221082177
0.8683580235962033,0.15601514874509836
0.868402377361838,0.1560835417185197
0.8684467311274727,0.1561519512760762
0.8684910848931074,0.15622036083363272
0.8685354386587422,0.1562887703911892
0.8685797924243769,0.15635726286942153
0.8686241461900115,0.15642575534765388
0.8686684999556462,0.1564942478258862
0.8687128537212809,0.15656282322479434
0.8687572074869157,0.15663148154437834
0.8688015612525504,0.15670015976492452
0.8688459150181851,0.15676884461912477
0.8688902687838198,0.15683758585938457
0.8689346225494544,0.15690632709964436
0.8689789763150891,0.15697513467644483
0.8690233300807239,0.15704395883738048
0.8690676838463586,0.15711286591899193
0.8691120376119933,0.1571818559212792
0.869156391377628,0.1572508459235665
0.8692007451432627,0.15731988567825927
0.8692450989088973,0.1573889586012224
0.8692894526745321,0.15745804810832068
0.8693338064401668,0.1575272039519596
0.8693781602058015,0.15759644271627438
0.8694225139714362,0.15766573454982163
0.8694668677370709,0.15773502638336892
0.8695112215027055,0.15780434806835952
0.8695555752683403,0.15787375267402592
0.869599929033975,0.15794315727969235
0.8696442827996097,0.15801256188535875
0.8696886365652444,0.158082049411701
0.8697329903308791,0.15815153693804324
0.8697773440965139,0.1582210244643855
0.8698216978621485,0.15829051199072772
0.8698660516277832,0.15836004926947547
0.8699104053934179,0.15842961971649352
0.8699547591590526,0.1584991901635116
0.8699991129246873,0.15856884353120548
0.8700434666903221,0.15863853670082378
0.8700878204559567,0.15870835590986931
0.8701321742215914,0.15877817511891487
0.8701765279872261,0.15884802749623073
0.8702208817528608,0.15891791304181693
0.8702652355184956,0.15898781517153832
0.8703095892841303,0.15905771730125967
0.870353943049765,0.15912763269828917
0.8703982968153996,0.15919761774868638
0.8704426505810343,0.15926760279908359
0.870487004346669,0.15933760775044298
0.8705313581123038,0.15940765913738084
0.8705757118779385,0.15947772710845384
0.8706200656435732,0.1595478780002027
0.8706644194092078,0.15961809191166518
0.8707087731748425,0.15968831577360873
0.8707531269404772,0.15975854958603342
0.870797480706112,0.15982886631913393
0.8708418344717467,0.1598991830522344
0.8708861882373814,0.1599696390920703
0.8709305420030161,0.16004012166652246
0.8709748957686507,0.16011067057751527
0.8710192495342854,0.16018121948850808
0.8710636032999202,0.16025178498363607
0.8711079570655549,0.16032235047876406
0.8711523108311896,0.16039299889456785
0.8711966645968243,0.16046364731037166
0.871241018362459,0.16053429572617547
0.8712853721280936,0.1606050270626551
0.8713297258937284,0.1606758446366376
0.8713740796593631,0.16074669206206338
0.8714184334249978,0.16081755938845135
0.8714627871906325,0.16088846983359076
0.8715071409562672,0.16095941676382755
0.8715514947219019,0.16103047978301047
0.8715958484875366,0.16110162572286923
0.8716402022531713,0.161172771662728
0.871684556018806,0.16124391760258677
0.8717289097844407,0.1613150635424455
0.8717732635500755,0.16138620948230428
0.8718176173157102,0.16145735542216305
0.8718619710813448,0.16152850136202182
0.8719063248469795,0.16159969705428606
0.8719506786126142,0.1616709093306855
0.8719950323782489,0.1617422211118959
0.8720393861438837,0.16181357269503072
0.8720837399095184,0.16188496739691696
0.872128093675153,0.1619563620988032
0.8721724474407877,0.16202775680068945
0.8722168012064224,0.16209916808671085
0.8722611549720571,0.16217064239244589
0.8723055087376919,0.16224215318327825
0.8723498625033266,0.16231371372651615
0.8723942162689613,0.16238527426975405
0.8724385700345959,0.16245691773366777
0.8724829238002306,0.16252856119758147
0.8725272775658653,0.16260028758217102
0.8725716313315001,0.1626720968874364
0.8726159850971348,0.16274390619270176
0.8726603388627695,0.16281574866623746
0.8727046926284041,0.16288768732775713
0.8727490463940388,0.16295962930610383
0.8727934001596735,0.16303160445272083
0.8728377539253083,0.16310366252001368
0.872882107690943,0.1631757371714417
0.8729264614565777,0.1632478118228697
0.8729708152222124,0.1633199528108384
0.873015168987847,0.1633921369175585
0.8730595227534818,0.16346437741033815
0.8731038765191165,0.16353666765552333
0.8731482302847512,0.1636089910689788
0.8731925840503859,0.16368138081897496
0.8732369378160206,0.1637537705689711
0.8732812915816554,0.16382616031896727
0.87332564534729,0.16389863298963925
0.8733699991129247,0.16397127150166288
0.8734143528785594,0.1640439100136865
0.8734587066441941,0.16411654852571014
0.8735030604098288,0.16418918703773377
0.8735474141754636,0.16426186535168177
0.8735917679410982,0.16433457020024608
0.8736361217067329,0.16440729163294554
0.8736804754723676,0.164480013065645
0.8737248292380023,0.16455298326037193
0.873769183003637,0.16462595345509887
0.8738135367692718,0.1646989236498258
0.8738578905349065,0.16477197676522856
0.8739022443005411,0.16484508294986383
0.8739465980661758,0.16491821898594244
0.8739909518318105,0.16499135502202103
0.8740353055974452,0.16506457397877544
0.87407965936308,0.16513785263841643
0.8741240131287147,0.16521115451584667
0.8741683668943493,0.1652844563932769
0.874212720659984,0.16535784450821
0.8742570744256187,0.16543124589045125
0.8743014281912534,0.16550471360923313
0.8743457819568882,0.16557818132801502
0.8743901357225229,0.1656516490467969
0.8744344894881576,0.16572528260693045
0.8744788432537922,0.165798916167064
0.8745231970194269,0.16587254972719756
0.8745675507850617,0.1659461932378122
0.8746119045506964,0.16601985996621607
0.8746562583163311,0.16609357644702544
0.8747006120819658,0.16616737584851063
0.8747449658476004,0.16624117524999582
0.8747893196132351,0.1663150244038865
0.8748336733788699,0.16638890672604756
0.8748780271445046,0.1664628122659978
0.8749223809101393,0.16653677750883464
0.874966734675774,0.1666107427516715
0.8750110884414087,0.16668470799450835
0.8750554422070433,0.1667586732373452
0.8750997959726781,0.16683263848018204
0.8751441497383128,0.1669066866436947
0.8751885035039475,0.16698078455961288
0.8752328572695822,0.16705489905966622
0.8752772110352169,0.16712903014385472
0.8753215648008517,0.1672033270693949
0.8753659185664863,0.16727762399493504
0.875410272332121,0.167352003841151
0.8754546260977557,0.1674264168556373
0.8754989798633904,0.1675008298701236
0.8755433336290251,0.16757529263701543
0.8755876873946599,0.16764975540390722
0.8756320411602945,0.16772421817079902
0.8756763949259292,0.16779868093769082
0.8757207486915639,0.16787314370458264
0.8757651024571986,0.16794768939215027
0.8758094562228333,0.1680222350797179
0.8758538099884681,0.16809686368796134
0.8758981637541028,0.16817154536543732
0.8759425175197374,0.1682462568943566
0.8759868712853721,0.1683209684232759
0.8760312250510068,0.16839582920941165
0.8760755788166416,0.16847069994602853
0.8761199325822763,0.16854557731629946
0.876164286347911,0.1686204546865704
0.8762086401135456,0.168695398393382
0.8762529938791803,0.16877035868432874
0.876297347644815,0.16884531897527552
0.8763417014104498,0.1689203621868981
0.8763860551760845,0.1689954883191965
0.8764304089417192,0.16907061445149493
0.8764747627073539,0.16914574058379334
0.8765191164729885,0.16922086671609174
0.8765634702386232,0.16929599284839017
0.876607824004258,0.1693712019013644
0.8766521777698927,0.1694464175879927
0.8766965315355274,0.16952170956164278
0.8767408853011621,0.16959700153529284
0.8767852390667968,0.16967240959788904
0.8768295928324314,0.16974786741289077
0.8768739465980662,0.16982347448510898
0.8769183003637009,0.16989918106213817
0.8769626541293356,0.1699749208074377
0.8770070078949703,0.1700507103051427
0.877051361660605,0.17012649980284772
0.8770957154262397,0.17020232246882308
0.8771400691918744,0.17027814513479841
0.8771844229575091,0.17035413364212543
0.8772287767231438,0.1704301719018579
0.8772731304887785,0.17050621016159043
0.8773174842544132,0.17058233134199874
0.877361838020048,0.1706585354430829
0.8774061917856826,0.17073482246484287
0.8774505455513173,0.17081110948660286
0.877494899316952,0.17088739650836282
0.8775392530825867,0.17096379961906896
0.8775836068482215,0.17104025248218058
0.8776279606138562,0.17111670534529222
0.8776723143794908,0.17119315820840383
0.8777166681451255,0.17126961107151548
0.8777610219107602,0.1713460639346271
0.8778053756763949,0.17142259971841456
0.8778497294420297,0.17149921842287782
0.8778940832076644,0.17157592004801694
0.8779384369732991,0.17165276097989143
0.8779827907389337,0.1717296284463822
0.8780271445045684,0.17180653903162438
0.8780714982702031,0.17188347946830987
0.8781158520358379,0.17196042985547644
0.8781602058014726,0.17203738024264303
0.8782045595671073,0.17211441355048546
0.8782489133327419,0.17219144685832785
0.8782932670983766,0.1722685630868461
0.8783376208640113,0.17234567931536432
0.8783819746296461,0.17242279554388257
0.8784263283952808,0.17249994494067114
0.8784706821609155,0.1725771440898652
0.8785150359265502,0.1726543996251188
0.8785593896921848,0.1727316816949887
0.8786037434578196,0.1728089637648586
0.8786480972234543,0.17288624583472847
0.878692450989089,0.1729636108252742
0.8787368047547237,0.17304097581581993
0.8787811585203584,0.17311842372704145
0.8788255122859931,0.173195871638263
0.8788698660516278,0.17327340247016038
0.8789142198172625,0.17335101622273358
0.8789585735828972,0.17342862997530675
0.8790029273485319,0.17350629679711246
0.8790472811141666,0.1735839934703615
0.8790916348798014,0.17366169014361052
0.879135988645436,0.17373951617311384
0.8791803424110707,0.17381736210357934
0.8792246961767054,0.17389522461818002
0.8792690499423401,0.17397319658807275
0.8793134037079748,0.17405122494402508
0.8793577574736096,0.17412925329997742
0.8794021112392443,0.17420731150737304
0.8794464650048789,0.17428537303159566
0.8794908187705136,0.1743634511399535
0.8795351725361483,0.17444156241658165
0.879579526301783,0.1745196736932098
0.8796238800674178,0.17459778496983794
0.8796682338330525,0.17467596258300674
0.8797125875986871,0.17475422311685138
0.8797569413643218,0.17483257983867997
0.8798012951299565,0.17491098962974108
0.8798456488955912,0.17498943258907254
0.879890002661226,0.175067875548404
0.8799343564268607,0.17514640142841129
0.8799787101924954,0.17522497706082407
0.88002306395813,0.17530358586150718
0.8800674177237647,0.1753821946621903
0.8801117714893995,0.1754608034628734
0.8801561252550342,0.1755394354813457
0.8802004790206689,0.17561820680655343
0.8802448327863036,0.1756969814485882
0.8802891865519382,0.17577583569447175
0.8803335403175729,0.17585469325718234
0.8803778940832077,0.17593355081989293
0.8804222478488424,0.17601249130327934
0.8804666016144771,0.17609143178666573
0.8805109553801118,0.17617045519072796
0.8805553091457465,0.17624956151546603
0.8805996629113811,0.17632883368155575
0.8806440166770159,0.17640810584764546
0.8806883704426506,0.176487460934411
0.8807327242082853,0.17656689894185237
0.88077707797392,0.17664637011756407
0.8808214317395547,0.17672589104568126
0.8808657855051895,0.17680541197379845
0.8809101392708241,0.17688499260480225
0.8809544930364588,0.17696459645359527
0.8809988468020935,0.17704428322306412
0.8810432005677282,0.17712396999253296
0.8810875543333629,0.17720368993027213
0.8811319080989977,0.1772834596204168
0.8811762618646323,0.17736322931056148
0.881220615630267,0.17744299900070615
0.8812649693959017,0.17752276869085085
0.8813093231615364,0.17760253838099552
0.8813536769271711,0.177682390991816
0.8813980306928059,0.1777622436026365
0.8814423844584406,0.17784216254999766
0.8814867382240752,0.17792209808149398
0.8815310919897099,0.17800206678126063
0.8815754457553446,0.17808210181756795
0.8816197995209794,0.17816220319041592
0.8816641532866141,0.1782423045632639
0.8817085070522488,0.17832256182698242
0.8817528608178834,0.17840283899166315
0.8817972145835181,0.17848317254240342
0.8818415683491528,0.17856352267727887
0.8818859221147876,0.17864395573283015
0.8819302758804223,0.17872438878838146
0.881974629646057,0.17880488818047338
0.8820189834116917,0.17888541079035455
0.8820633371773263,0.17896600968725748
0.882107690942961,0.1790466085841604
0.8821520447085958,0.17912720748106334
0.8821963984742305,0.17920780637796627
0.8822407522398652,0.17928845502727472
0.8822851060054999,0.17936913684485348
0.8823294597711345,0.17944990158310806
0.8823738135367692,0.17953066632136264
0.882418167302404,0.17961144432692538
0.8824625210680387,0.17969237490653162
0.8825068748336734,0.17977330548613785
0.8825512285993081,0.1798542692340144
0.8825955823649428,0.17993528273429646
0.8826399361305775,0.18001629955140558
0.8826842898962122,0.1800973296358228
0.8827286436618469,0.18017835972024004
0.8827729974274816,0.18025945614119795
0.8828173511931163,0.18034055256215584
0.882861704958751,0.18042168215138404
0.8829060587243858,0.18050281174061225
0.8829504124900204,0.18058400766638116
0.8829947662556551,0.1806652699286907
0.8830391200212898,0.18074653219100023
0.8830834737869245,0.1808278773739856
0.8831278275525593,0.1809093054776468
0.883172181318194,0.1809907667495783
0.8832165350838286,0.18107226782343422
0.8832608888494633,0.18115377884777123
0.883305242615098,0.18123530645624344
0.8833495963807327,0.18131690040125628
0.8833939501463675,0.18139849434626915
0.8834383039120022,0.18148008829128198
0.8834826576776369,0.18156168223629482
0.8835270114432715,0.18164327618130768
0.8835713652089062,0.18172490329459084
0.8836157189745409,0.1818065801602795
0.8836600727401757,0.181888339946644
0.8837044265058104,0.1819700997330085
0.8837487802714451,0.182051859519373
0.8837931340370797,0.1821337022264133
0.8838374878027144,0.18221559136903212
0.8838818415683491,0.18229750041261308
0.8839261953339839,0.18237942604032922
0.8839705490996186,0.18246151750939704
0.8840149028652533,0.18254365873087033
0.884059256630888,0.1826258165364788
0.8841036103965226,0.18270807384689824
0.8841479641621574,0.18279044724626384
0.8841923179277921,0.18287287039803496
0.8842366716934268,0.18295529354980605
0.8842810254590615,0.183037799622253
0.8843253792246962,0.18312030569469992
0.884369732990331,0.18320281176714687
0.8844140867559656,0.1832853675919993
0.8844584405216003,0.1833680395057979
0.884502794287235,0.18345071141959646
0.8845471480528697,0.18353346625407088
0.8845915018185044,0.18361622108854528
0.8846358555841392,0.1836989759230197
0.8846802093497738,0.18378176392576442
0.8847245631154085,0.18386460168091465
0.8847689168810432,0.18394751240625962
0.8848132706466779,0.18403043308208566
0.8848576244123126,0.18411335375791174
0.8849019781779474,0.18419635735441361
0.8849463319435821,0.18427952679226717
0.8849906857092167,0.18436277915079655
0.8850350394748514,0.1844460315093259
0.8850793932404861,0.18452928386785528
0.8851237470061208,0.18461253622638463
0.8851681007717556,0.18469585492145466
0.8852124545373903,0.18477917361652466
0.8852568083030249,0.18486259181640569
0.8853011620686596,0.1849460100162867
0.8853455158342943,0.1850295774733842
0.885389869599929,0.18511316151461685
0.8854342233655638,0.18519674555584953
0.8854785771311985,0.1852803461812174
0.8855229308968332,0.18536401314312587
0.8855672846624678,0.18544768010503437
0.8856116384281025,0.18553136365107806
0.8856559921937373,0.1856151964543382
0.885700345959372,0.18569902925759835
0.8857446997250067,0.185782911813264
0.8857890534906414,0.18586681758671886
0.885833407256276,0.18595073331065484
0.8858777610219107,0.1860346556682449
0.8859221147875455,0.1861187372335325
0.8859664685531802,0.18620281879882014
0.8860108223188149,0.18628690036410778
0.8860551760844496,0.18637098192939539
0.8860995298500843,0.18645506349468302
0.8861438836157189,0.1865392113965113
0.8861882373813537,0.18662337588247474
0.8862325911469884,0.18670762328911403
0.8862769449126231,0.18679187069575331
0.8863212986782578,0.18687620102306843
0.8863656524438925,0.18696053466721055
0.8864100062095273,0.1870449479152015
0.8864543599751619,0.18712936116319243
0.8864987137407966,0.18721379099531854
0.8865430675064313,0.1872982705798501
0.886587421272066,0.18738282313457644
0.8866317750377007,0.18746738563978385
0.8866761288033355,0.1875521305704781
0.8867204825689701,0.1876368920853075
0.8867648363346048,0.18772171661985051
0.8868091901002395,0.1878065544217017
0.8868535438658742,0.18789146519374758
0.886897897631509,0.18797642571819898
0.8869422513971437,0.18806150233159652
0.8869866051627784,0.18814657894499406
0.887030958928413,0.18823165555839158
0.8870753126940477,0.18831681509246495
0.8871196664596824,0.18840197462653832
0.8871640202253172,0.18848721708128752
0.8872083739909519,0.1885724595360367
0.8872527277565866,0.1886577019907859
0.8872970815222212,0.1887429444455351
0.8873414352878559,0.1888281869002843
0.8873857890534906,0.18891365158244472
0.8874301428191254,0.1889991262150862
0.8874744965847601,0.18908460084772769
0.8875188503503948,0.18917017498518018
0.8875632041160295,0.18925584862744368
0.8876075578816641,0.18934158860624783
0.8876519116472988,0.18942732858505199
0.8876962654129336,0.1895132344052078
0.8877406191785683,0.1895991402253636
0.887784972944203,0.18968512896619522
0.8878293267098377,0.18977111770702684
0.8878736804754723,0.18985710644785847
0.887918034241107,0.1899430951886901
0.8879623880067418,0.19002920001846788
0.8880067417723765,0.19011535460065115
0.8880510955380112,0.19020159210351026
0.8880954493036459,0.19028782960636936
0.8881398030692806,0.1903741500299043
0.8881841568349153,0.19046063629479087
0.88822851060055,0.19054720548035328
0.8882728643661847,0.1906337746659157
0.8883172181318194,0.1907203438514781
0.8883615718974541,0.1908069528389649
0.8884059256630888,0.19089359499472203
0.8884502794287236,0.19098024710096026
0.8884946331943582,0.19106709821682047
0.8885389869599929,0.19115399908508618
0.8885833407256276,0.1912408999533519
0.8886276944912623,0.1913278008216176
0.888672048256897,0.19141470168988334
0.8887164020225318,0.19150168216199784
0.8887607557881664,0.19158868253507455
0.8888051095538011,0.19167573266055674
0.8888494633194358,0.1917627993701741
0.8888938170850705,0.19184987603027256
0.8889381708507053,0.19193700907643058
0.88898252461634,0.19202415870672376
0.8890268783819747,0.1921113912576928
0.8890712321476093,0.19219862380866182
0.889115585913244,0.19228585635963083
0.8891599396788787,0.19237317183127567
0.8892042934445135,0.19246057022359633
0.8892486472101482,0.19254796861591703
0.8892930009757829,0.19263544992891352
0.8893373547414175,0.1927229809943155
0.8893817085070522,0.192810561812123
0.889426062272687,0.19289820896647117
0.8894704160383217,0.19298593904149514
0.8895147698039564,0.1930736691165191
0.8895591235695911,0.1931614821122189
0.8896034773352258,0.19324937802859454
0.8896478311008604,0.1933373071132405
0.8896921848664952,0.19342528595029193
0.8897365386321299,0.19351326478734338
0.8897808923977646,0.19360126020853002
0.8898252461633993,0.19368927884750586
0.889869599929034,0.19377734060523313
0.8899139536946686,0.19386540236296043
0.8899583074603034,0.1939534641206877
0.8900026612259381,0.1940416087990908
0.8900470149915728,0.19412975347749392
0.8900913687572075,0.1942179147400322
0.8901357225228422,0.19430614233911112
0.890180076288477,0.19439436993819006
0.8902244300541116,0.19448276337862064
0.8902687838197463,0.19457128285847847
0.890313137585381,0.19465984214026072
0.8903574913510157,0.19474848434271877
0.8904018451166504,0.19483716966392828
0.8904461988822852,0.19492589478706215
0.8904905526479199,0.19501461991019603
0.8905349064135545,0.19510351087468158
0.8905792601791892,0.1951924018391671
0.8906236139448239,0.19528134918971224
0.8906679677104586,0.1953703230748736
0.8907123214760934,0.19545931354417015
0.8907566752417281,0.19554836039952622
0.8908010290073627,0.1956374172053634
0.8908453827729974,0.1957264740112006
0.8908897365386321,0.1958155308170378
0.8909340903042668,0.195904587622875
0.8909784440699016,0.19599364442871217
0.8910227978355363,0.19608284054128478
0.891067151601171,0.1961720631884736
0.8911115053668056,0.19626128583566246
0.8911558591324403,0.19635054165112162
0.891200212898075,0.1964398306348511
0.8912445666637098,0.1965292191233916
0.8912889204293445,0.1966186076119321
0.8913332741949792,0.19670801268460777
0.8913776279606138,0.19679751726209443
0.8914219817262485,0.19688723743333822
0.8914663354918833,0.19697695760458203
0.891510689257518,0.19706667777582582
0.8915550430231527,0.19715643111533995
0.8915993967887874,0.1972462176231244
0.8916437505544221,0.197336017398217
0.8916881043200567,0.1974258204901366
0.8917324580856915,0.19751562358205624
0.8917768118513262,0.19760542667397585
0.8918211656169609,0.1976953126865713
0.8918655193825956,0.19778519869916675
0.8919098731482303,0.19787511788003254
0.8919542269138651,0.19796513656570933
0.8919985806794997,0.1980551884196564
0.8920429344451344,0.19814524027360353
0.8920872882107691,0.1982353219789939
0.8921316419764038,0.19832540700121135
0.8921759957420385,0.19841554177583426
0.8922203495076733,0.19850584239180885
0.8922647032733079,0.19859614300778344
0.8923090570389426,0.19868652654443383
0.8923534108045773,0.1987769366157005
0.892397764570212,0.19886739312254562
0.8924421183358467,0.19895785957987186
0.8924864721014815,0.19904840895787393
0.8925308258671162,0.19913896828635708
0.8925751796327508,0.1992296835057108
0.8926195333983855,0.19932046174477813
0.8926638871640202,0.19941125988480765
0.892708240929655,0.19950213431185895
0.8927525946952897,0.19959309829324015
0.8927969484609244,0.19968414519529715
0.892841302226559,0.19977519209735417
0.8928856559921937,0.19986627216768152
0.8929300097578284,0.19995740199041437
0.8929743635234632,0.2000485318131472
0.8930187172890979,0.20013974455655587
0.8930630710547326,0.20023099046823487
0.8931074248203673,0.20032223637991384
0.8931517785860019,0.20041353204399834
0.8931961323516366,0.20050491062875866
0.8932404861172714,0.20059638871833
0.8932848398829061,0.20068793314444197
0.8933291936485408,0.20077947757055395
0.8933735474141755,0.2008710385808011
0.8934179011798101,0.2009627488482647
0.8934622549454448,0.20105445911572833
0.8935066087110796,0.20114616938319196
0.8935509624767143,0.2012378796506556
0.893595316242349,0.20132975575947087
0.8936396700079837,0.20142163186828616
0.8936840237736184,0.20151356767998804
0.893728377539253,0.20160552670947915
0.8937727313048878,0.20169756865964605
0.8938170850705225,0.2017896935304888
0.8938614388361572,0.20188181840133157
0.8939057926017919,0.20197410579669894
0.8939501463674266,0.20206639650889335
0.8939945001330614,0.2021587701417636
0.894038853898696,0.20225114377463382
0.8940832076643307,0.20234360032817988
0.8941275614299654,0.20243611658461255
0.8941719151956001,0.20252873897951026
0.8942162689612349,0.20262136137440798
0.8942606227268696,0.2027139837693057
0.8943049764925042,0.20280668908487923
0.8943493302581389,0.20289939440045276
0.8943936840237736,0.2029920997160263
0.8944380377894083,0.20308488795227567
0.894482391555043,0.20317775910920086
0.8945267453206778,0.20327063026612605
0.8945710990863125,0.20336350142305124
0.8946154528519471,0.20345637257997642
0.8946598066175818,0.2035492437369016
0.8947041603832165,0.20364213147796198
0.8947485141488513,0.203735085555563
0.894792867914486,0.20382812255383984
0.8948372216801207,0.2039212424727925
0.8948815754457553,0.204014445312421
0.89492592921139,0.20410773107272534
0.8949702829770247,0.20420108648639734
0.8950146367426595,0.2042944551673775
0.8950589905082942,0.20438790676903346
0.8951033442739289,0.20448139153895975
0.8951476980395636,0.20457492606129155
0.8951920518051982,0.20466846058362334
0.895236405570833,0.20476199510595514
0.8952807593364677,0.20485552962828693
0.8953251131021024,0.2049491503881216
0.8953694668677371,0.20504285075180506
0.8954138206333718,0.2051365511154885
0.8954581743990064,0.20523025147917195
0.8955025281646412,0.20532400491208794
0.8955468819302759,0.20541777161231203
0.8955912356959106,0.20551172073802296
0.8956355894615453,0.2056057527844097
0.89567994322718,0.20569978483079648
0.8957242969928148,0.20579381687718323
0.8957686507584494,0.2058879318442458
0.8958130045240841,0.20598204681130838
0.8958573582897188,0.20607631103558743
0.8959017120553535,0.20617062169544495
0.8959460658209882,0.20626506834521086
0.895990419586623,0.2063597637570042
0.8960347733522577,0.20645454872312746
0.8960791271178923,0.20654944314454282
0.896123480883527,0.20664433756595815
0.8961678346491617,0.20673928173977899
0.8962121884147964,0.20683430883427564
0.8962565421804312,0.20692933592877233
0.8963008959460659,0.20702451228048546
0.8963452497117005,0.2071196985826797
0.8963896034773352,0.20721489151852804
0.8964339572429699,0.20731008445437635
0.8964783110086046,0.20740536031090048
0.8965226647742394,0.2075006627020409
0.8965670185398741,0.20759598831097054
0.8966113723055088,0.20769134708817052
0.8966557260711434,0.20778681200383553
0.8967000798367781,0.20788258538441462
0.8967444336024128,0.20797844168566956
0.8967887873680476,0.20807429798692448
0.8968331411336823,0.20817029359491482
0.896877494899317,0.2082663986581972
0.8969218486649516,0.20836250372147963
0.8969662024305863,0.20845869170543785
0.897010556196221,0.20855496261007192
0.8970549099618558,0.20865129653441958
0.8970992637274905,0.20874765035972948
0.8971436174931252,0.20884410368985035
0.8971879712587599,0.20894061008920375
0.8972323250243945,0.2090372126765411
0.8972766787900293,0.20913393135282463
0.897321032555664,0.20923069978151365
0.8973653863212987,0.20932747484385672
0.8974097400869334,0.20942432619322157
0.8974540938525681,0.20952117754258642
0.8974984476182027,0.2096181947333029
0.8975428013838375,0.20971524509228973
0.8975871551494722,0.20981242812435785
0.8976315089151069,0.209909611156426
0.8976758626807416,0.21000687710917
0.8977202164463763,0.21010414306191394
0.8977645702120111,0.21020149193533375
0.8978089239776457,0.21029884080875355
0.8978532777432804,0.210396355523525
0.8978976315089151,0.21049395979262633
0.8979419852745498,0.21059162376461427
0.8979863390401845,0.21068930432073738
0.8980306928058193,0.21078706779753628
0.898075046571454,0.2108848478584704
0.8981194003370886,0.21098269425594515
0.8981637541027233,0.2110805406534199
0.898208107868358,0.2111784799220516
0.8982524616339927,0.211276492160878
0.8982968153996275,0.2113745043997044
0.8983411691652622,0.2114726161433418
0.8983855229308968,0.21157079422351988
0.8984298766965315,0.2116691381450496
0.8984742304621662,0.21176751523484963
0.898518584227801,0.21186599846311474
0.8985629379934357,0.2119645082259961
0.8986072917590704,0.21206301798887744
0.8986516455247051,0.2121615277517588
0.8986959992903397,0.2122601701877215
0.8987403530559744,0.21235884579195452
0.8987847068216092,0.21245760431686336
0.8988290605872439,0.21255644576244803
0.8988734143528786,0.2126552872080327
0.8989177681185133,0.21275412865361737
0.8989621218841479,0.21285297009920204
0.8990064756497826,0.21295184471305703
0.8990508294154174,0.21305085199999335
0.8990951831810521,0.21314994220760547
0.8991395369466868,0.21324911533589344
0.8991838907123215,0.21334833158293284
0.8992282444779562,0.21344758763189664
0.8992725982435908,0.21354692660153626
0.8993169520092256,0.2136463484918517
0.8993613057748603,0.21374582676822676
0.899405659540495,0.21384533157921803
0.8994500133061297,0.2139448363902093
0.8994943670717644,0.21404458996322806
0.8995387208373992,0.2141443435362468
0.8995830746030338,0.21424409710926556
0.8996274283686685,0.21434393360296014
0.8996717821343032,0.21444377009665472
0.8997161358999379,0.21454377243170095
0.8997604896655726,0.21464387095473114
0.8998048434312074,0.21474403913112902
0.899849197196842,0.21484437314887855
0.8998935509624767,0.2149447071666281
0.8999379047281114,0.21504512410505347
0.8999822584937461,0.21514554104347883
0.9000266122593809,0.21524604090258
0.9000709660250156,0.2153465407616812
0.9001153197906503,0.21544704062078238
0.9001596735562849,0.2155475603808458
0.9002040273219196,0.21564810999235248
0.9002483810875543,0.21574894153415697
0.9002927348531891,0.21584977307596145
0.9003370886188238,0.2159506875384418
0.9003814423844585,0.21605161858505728
0.9004257961500931,0.21615269888888924
0.9004701499157278,0.21625384552926186
0.9005145036813625,0.21635500875376967
0.9005588574469973,0.21645617197827746
0.900603211212632,0.21655738495519075
0.9006475649782667,0.21665864768450957
0.9006919187439014,0.21676005967104484
0.900736272509536,0.2168614716575801
0.9007806262751707,0.21696290022825057
0.9008249800408055,0.21706437523449945
0.9008693338064402,0.21716587014171054
0.9009136875720749,0.21726736504892166
0.9009580413377096,0.21736891634219233
0.9010023951033442,0.21747057709075507
0.901046748868979,0.21757223783931784
0.9010911026346137,0.21767406442923223
0.9011354564002484,0.21777597393982248
0.9011798101658831,0.2178778834504127
0.9012241639315178,0.21797984271340842
0.9012685176971525,0.2180818351446745
0.9013128714627872,0.2181839337144056
0.9013572252284219,0.21828609198702328
0.9014015789940566,0.21838828342791133
0.9014459327596913,0.21849053457168596
0.901490286525326,0.21859284210152016
0.9015346402909608,0.2186951662154895
0.9015789940565955,0.21879749032945886
0.9016233478222301,0.21889981444342824
0.9016677015878648,0.2190022214780734
0.9017120553534995,0.21910471143339444
0.9017564091191342,0.21920728430939126
0.901800762884769,0.21930994010606394
0.9018451166504037,0.2194125959027366
0.9018894704160383,0.21951525169940928
0.901933824181673,0.21961790749608193
0.9019781779473077,0.21972064621343043
0.9020225317129424,0.2198234346831844
0.9020668854785772,0.21992625632120874
0.9021112392442119,0.22002907795923304
0.9021555930098466,0.22013214835928485
0.9021999467754812,0.22023530168001249
0.9022443005411159,0.22033846163439416
0.9022886543067506,0.22044164812339212
0.9023330080723854,0.2205449507013362
0.9023773618380201,0.22064826986341549
0.9024217156036548,0.22075158902549474
0.9024660693692894,0.22085495793997953
0.9025104231349241,0.22095844294341047
0.9025547769005589,0.2210620108675172
0.9025991306661936,0.22116557879162396
0.9026434844318283,0.22126922963640652
0.902687838197463,0.2213728804811891
0.9027321919630977,0.22147653464279873
0.9027765457287323,0.22158019543806243
0.9028208994943671,0.22168396237179114
0.9028652532600018,0.22178777905792538
0.9029096070256365,0.22189167866473541
0.9029539607912712,0.22199557827154548
0.9029983145569059,0.22209956079903137
0.9030426683225405,0.2222036262471931
0.9030870220881753,0.2223077746160306
0.90313137585381,0.22241192298486814
0.9031757296194447,0.22251607135370569
0.9032200833850794,0.2226202363066784
0.9032644371507141,0.22272455051686757
0.9033087909163489,0.2228289476477326
0.9033531446819835,0.22293342769927343
0.9033974984476182,0.2230380138892793
0.9034418522132529,0.22314272611871244
0.9034862059788876,0.2232474383481456
0.9035305597445223,0.22335215389440574
0.9035749135101571,0.22345688270797406
0.9036192672757918,0.22356168780856414
0.9036636210414264,0.2236664995428083
0.9037079748070611,0.22377131127705244
0.9037523285726958,0.22387612301129656
0.9037966823383305,0.22398101766621653
0.9038410361039653,0.22408597865767715
0.9038853898696,0.2241909595501
0.9039297436352346,0.22429600346223644
0.9039740974008693,0.22440106395850803
0.904018451166504,0.22450617420718516
0.9040628049321388,0.2246113176241326
0.9041071586977735,0.22471646104108006
0.9041515124634082,0.22482167079456816
0.9041958662290429,0.22492689713219144
0.9042402199946775,0.2250323224794367
0.9042845737603122,0.22513788049976324
0.904328927525947,0.225243451787398
0.9043732812915817,0.2253490230750327
0.9044176350572164,0.2254546806001703
0.9044619888228511,0.22556038787771332
0.9045063425884857,0.22566639366968935
0.9045506963541204,0.22577251555061154
0.9045950501197552,0.2258786540156689
0.9046394038853899,0.22598479248072625
0.9046837576510246,0.2260909309457836
0.9047281114166593,0.22619723525219262
0.904772465182294,0.22630353955860164
0.9048168189479286,0.2264099301025135
0.9048611727135634,0.22651635049786867
0.9049055264791981,0.22662282064562936
0.9049498802448328,0.22672929079339002
0.9049942340104675,0.22683576094115068
0.9050385877761022,0.22694223772256542
0.905082941541737,0.2270487410385964
0.9051272953073716,0.2271552941070329
0.9051716490730063,0.22726184717546938
0.905216002838641,0.2273684831645817
0.9052603566042757,0.227475119153694
0.9053047103699104,0.2275820039048338
0.9053490641355452,0.2276888886559736
0.9053934179011798,0.22779585632778923
0.9054377716668145,0.22790287375201035
0.9054821254324492,0.22800989117623147
0.9055264791980839,0.2281169417687229
0.9055708329637187,0.22822402221265764
0.9056151867293534,0.2283311059734194
0.9056595404949881,0.22843823948658667
0.9057038942606227,0.2285454559204298
0.9057482480262574,0.22865273869081354
0.9057926017918921,0.22876003804533246
0.9058369555575269,0.22886736725129467
0.9058813093231616,0.2289746997740839
0.9059256630887963,0.22908216496995448
0.9059700168544309,0.2291897130865009
0.9060143706200656,0.22929734412372313
0.9060587243857003,0.22940497516094535
0.9061030781513351,0.2295126891188434
0.9061474319169698,0.2296204859974173
0.9061917856826045,0.22972832931156964
0.9062361394482392,0.22983620911081934
0.9062804932138738,0.22994408891006904
0.9063248469795085,0.2300520516299946
0.9063692007451433,0.23016003425088233
0.906413554510778,0.2302680633073485
0.9064579082764127,0.2303760923638147
0.9065022620420474,0.23048413800441606
0.906546615807682,0.2305921836450174
0.9065909695733168,0.23070047804764623
0.9066353233389515,0.2308087724502751
0.9066796771045862,0.23091719952598525
0.9067240308702209,0.23102565976996575
0.9067683846358556,0.23113412001394623
0.9068127384014903,0.23124274609927836
0.906857092167125,0.23135137218461052
0.9069014459327597,0.23145999826994265
0.9069457996983944,0.2315686243552748
0.9069901534640291,0.23167733336128277
0.9070345072296638,0.23178605231777186
0.9070788609952986,0.2318949105809963
0.9071232147609333,0.23200386834903172
0.9071675685265679,0.23211282611706718
0.9072119222922026,0.23222186680577844
0.9072562760578373,0.2323309141281438
0.907300629823472,0.23244006427214714
0.9073449835891068,0.23254927080221005
0.9073893373547415,0.232658477332273
0.9074336911203761,0.23276777009983876
0.9074780448860108,0.23287745093616743
0.9075223986516455,0.2329871715744205
0.9075667524172802,0.2330969585492142
0.907611106182915,0.2332067455240079
0.9076554599485497,0.23331656235024492
0.9076998137141844,0.23342640239427115
0.907744167479819,0.23353635521041652
0.9077885212454537,0.23364630802656186
0.9078328750110884,0.23375626084270723
0.9078772287767232,0.23386622692616074
0.9079215825423579,0.23397622949471159
0.9079659363079926,0.23408623206326246
0.9080102900736272,0.23419642700778123
0.9080546438392619,0.23430662858595405
0.9080989976048967,0.2344168301641269
0.9081433513705314,0.23452711466297557
0.9081877051361661,0.23463763465654355
0.9082320589018008,0.23474825083809553
0.9082764126674355,0.23485898310859363
0.9083207664330701,0.23496976513149725
0.9083651201987049,0.2350806201245956
0.9084094739643396,0.23519148506817505
0.9084538277299743,0.2353024329324303
0.908498181495609,0.23541338079668558
0.9085425352612437,0.23552472668018481
0.9085868890268783,0.23563616211801391
0.9086312427925131,0.23574760750632415
0.9086755965581478,0.23585911923117503
0.9087199503237825,0.2359707304608369
0.9087643040894172,0.2360823416904988
0.9088086578550519,0.2361940192567013
0.9088530116206867,0.23630571340703901
0.9088973653863213,0.23641749047805255
0.908941719151956,0.23652926754906609
0.9089860729175907,0.23664121046143127
0.9090304266832254,0.23675315337379646
0.9090747804488601,0.23686537821645942
0.9091191342144949,0.23697773573220374
0.9091634879801296,0.23709009324794805
0.9092078417457642,0.23720261660504402
0.9092521955113989,0.2373152228828158
0.9092965492770336,0.2374278291605876
0.9093409030426683,0.23754060127971105
0.9093852568083031,0.2376533733988345
0.9094296105739378,0.23776622843863376
0.9094739643395724,0.23787919293372511
0.9095183181052071,0.23799221381487604
0.9095626718708418,0.23810531761670278
0.9096070256364766,0.23821850433920538
0.9096513794021113,0.23833177398238378
0.909695733167746,0.238445126546238
0.9097400869333807,0.23855856203076806
0.9097844406990153,0.23867208043597393
0.90982879446465,0.23878568176185563
0.9098731482302848,0.23889928308773734
0.9099175019959195,0.23901302040352743
0.9099618557615542,0.23912678757076078
0.9100062095271889,0.23924072057934578
0.9100505632928235,0.2393547365086066
0.9100949170584582,0.23946883535854327
0.910139270824093,0.23958303371329095
0.9101836245897277,0.23969729840457926
0.9102279783553624,0.23981171235308404
0.9102723321209971,0.23992622580639983
0.9103166858866318,0.24004082218039147
0.9103610396522664,0.24015553464332923
0.9104053934179012,0.2402702968586725
0.9104497471835359,0.24038505907401578
0.9104941009491706,0.24049985445762936
0.9105384547148053,0.24061469959364845
0.91058280848044,0.24072954472966757
0.9106271622460747,0.24084440644982183
0.9106715160117094,0.24095933450651674
0.9107158697773441,0.24107426256321168
0.9107602235429788,0.24118935646125825
0.9108045773086135,0.2413044503593048
0.9108489310742482,0.24141965702947052
0.910893284839883,0.24153491676886873
0.9109376386055176,0.24165017650826695
0.9109819923711523,0.2417654860000707
0.911026346136787,0.24188082866014474
0.9110706999024217,0.24199618790435398
0.9111150536680565,0.24211156373269835
0.9111594074336912,0.24222698931344824
0.9112037611993259,0.24234248123073876
0.9112481149649605,0.24245797314802928
0.9112924687305952,0.24257356457013082
0.9113368224962299,0.242689321833584
0.9113811762618647,0.2428050790970372
0.9114255300274994,0.2429209192811662
0.9114698837931341,0.2430367826830844
0.9115142375587687,0.24315269583740814
0.9115585913244034,0.24326875824894836
0.9116029450900381,0.24338484719510486
0.9116472988556729,0.24350093614126136
0.9116916526213076,0.24361702508741784
0.9117360063869423,0.24373319695425016
0.911780360152577,0.24384953466243411
0.9118247139182116,0.24396595529129392
0.9118690676838463,0.24408240908842402
0.9119134214494811,0.24419891263795965
0.9119577752151158,0.24431543277163045
0.9120021289807505,0.2444321021625177
0.9120464827463852,0.24454879808802124
0.9120908365120198,0.24466555371641135
0.9121351902776546,0.2447824718693261
0.9121795440432893,0.24489955586359252
0.912223897808924,0.2450166398578589
0.9122682515745587,0.24513379018866596
0.9123126053401934,0.24525095710360817
0.9123569591058281,0.2453681240185504
0.9124013128714628,0.2454853174681089
0.9124456666370975,0.2456025142344944
0.9124900204027322,0.2457198304066531
0.9125343741683669,0.24583714657881178
0.9125787279340016,0.24595447933510567
0.9126230816996364,0.24607184194284284
0.9126674354652711,0.24618921118423406
0.9127117892309057,0.24630664344533895
0.9127561429965404,0.24642414535981153
0.9128004967621751,0.2465417268781329
0.9128448505278098,0.2466594742378059
0.9128892042934446,0.24677730451815472
0.9129335580590793,0.24689521771917938
0.9129779118247139,0.24701313092020405
0.9130222655903486,0.24713104412122872
0.9130666193559833,0.24724904024292918
0.913110973121618,0.24736710270117032
0.9131553268872528,0.24748518174354664
0.9131996806528875,0.24760326078592296
0.9132440344185222,0.2477214227489751
0.9132883881841568,0.24783960129616242
0.9133327419497915,0.24795784617989036
0.9133770957154262,0.24807624363766184
0.913421449481061,0.2481950689661206
0.9134658032466957,0.24831407672006617
0.9135101570123304,0.2484331508105524
0.913554510777965,0.24855230782171445
0.9135988645435997,0.24867154775355232
0.9136432183092345,0.2487908075863524
0.9136875720748692,0.24891013043886612
0.9137319258405039,0.24902953621205565
0.9137762796061386,0.249149024905921
0.9138206333717733,0.24926851359978638
0.9138649871374079,0.24938806531336533
0.9139093409030427,0.24950766014569573
0.9139536946686774,0.249627341215529
0.9139980484343121,0.2497470455031515
0.9140424021999468,0.2498669819686663
0.9140867559655815,0.2499869681865866
0.9141311097312161,0.250106961038161
0.9141754634968509,0.2502270301767571
0.9142198172624856,0.2503472286716076
0.9142641710281203,0.25046746365155537
0.914308524793755,0.2505877649680438
0.9143528785593897,0.25070816578934324
0.9143972323250245,0.25082873245199433
0.9144415860906591,0.25094946495599707
0.9144859398562938,0.25107036330135146
0.9145302936219285,0.2511912616467059
0.9145746473875632,0.2513121599920603
0.9146190011531979,0.25143323412924745
0.9146633549188327,0.25155446415730515
0.9147077086844674,0.25167569418536284
0.914752062450102,0.251797073470637
0.9147964162157367,0.25191846934004636
0.9148407699813714,0.25204011397148324
0.9148851237470061,0.25216175860292006
0.9149294775126409,0.2522834861550327
0.9149738312782756,0.25240528336051304
0.9150181850439102,0.25252717675397734
0.9150625388095449,0.2526492359887933
0.9151068925751796,0.2527715439856368
0.9151512463408144,0.25289393490315604
0.9151956001064491,0.2530163258206753
0.9152399538720838,0.2531387664906001
0.9152843076377185,0.25326122374466
0.9153286614033531,0.2533837805035309
0.9153730151689878,0.25350638038115325
0.9154173689346226,0.2536291029813758
0.9154617227002573,0.25375190850227425
0.915506076465892,0.25387486659721614
0.9155504302315267,0.2539978379594662
0.9155947839971613,0.2541208192721973
0.915639137762796,0.25424395647579906
0.9156834915284308,0.25436717660007657
0.9157278452940655,0.2544904796450299
0.9157721990597002,0.2546137826899833
0.9158165528253349,0.2547371155863799
0.9158609065909696,0.25486046838373877
0.9159052603566042,0.254983854349368
0.915949614122239,0.255107323235673
0.9159939678878737,0.2552308120229402
0.9160383216535084,0.25535436382992105
0.9160826754191431,0.25547791563690186
0.9161270291847778,0.2556014674438827
0.9161713829504124,0.25572507232009606
0.9162157367160472,0.2558486838299635
0.9162600904816819,0.2559724843989718
0.9163044442473166,0.2560964508093318
0.9163487980129513,0.25622050014036757
0.916393151778586,0.2563446323920792
0.9164375055442208,0.25646884756446664
0.9164818593098554,0.2565931954099354
0.9165262130754901,0.2567176759284855
0.9165705668411248,0.25684222278357627
0.9166149206067595,0.25696687246030503
0.9166592743723943,0.25709158515674746
0.916703628138029,0.2572164636945415
0.9167479819036637,0.25734142515301134
0.9167923356692983,0.25746671829418455
0.916836689434933,0.2575920280194929
0.9168810432005677,0.2577174040813419
0.9169253969662025,0.2578431118258942
0.9169697507318372,0.25796890249112236
0.9170141044974719,0.25809494191837795
0.9170584582631065,0.2582209813456336
0.9171028120287412,0.2583470207728892
0.9171471657943759,0.25847314312082065
0.9171915195600107,0.2585993483894279
0.9172358733256454,0.2587255536580352
0.9172802270912801,0.2588517589266425
0.9173245808569148,0.2589779641952497
0.9173689346225494,0.25910425238453283
0.9174132883881841,0.2592305405738159
0.9174576421538189,0.25935691168377484
0.9175019959194536,0.2594835481398964
0.9175463496850883,0.25961023434842345
0.917590703450723,0.25973702006176147
0.9176350572163576,0.25986380577509954
0.9176794109819923,0.2599906744091134
0.9177237647476271,0.2601176259638031
0.9177681185132618,0.26024457751849284
0.9178124722788965,0.26037177783521
0.9178568260445312,0.26049904448846783
0.917901179810166,0.26062641064653663
0.9179455335758006,0.2607537768046055
0.9179898873414353,0.26088124246748534
0.91803424110707,0.2610087247145003
0.9180785948727047,0.2611363396345966
0.9181229486383394,0.26126403747536875
0.9181673024039742,0.26139190115749256
0.9182116561696088,0.26151984776029213
0.9182560099352435,0.26164781094722694
0.9183003637008782,0.2617758404707024
0.9183447174665129,0.26190400930091323
0.9183890712321476,0.26203220466574034
0.9184334249977824,0.26216046636710805
0.9184777787634171,0.26228888395934635
0.9185221325290517,0.2624178256102559
0.9185664862946864,0.26254679379578166
0.9186108400603211,0.26267581836736703
0.9186551938259558,0.26280500878030405
0.9186995475915906,0.26293423236151137
0.9187439013572253,0.2630635056951242
0.91878825512286,0.26319279892969927
0.9188326088884946,0.26332232102533953
0.9188769626541293,0.26345184312097986
0.918921316419764,0.26358153105797183
0.9189656701853988,0.26371130191563963
0.9190100239510335,0.26384115569398325
0.9190543777166682,0.263971026056462
0.9190987314823028,0.2641009461713463
0.9191430852479375,0.26423096579104155
0.9191874390135722,0.26436106833141265
0.919231792779207,0.26449117087178375
0.9192761465448417,0.2646213563328306
0.9193205003104764,0.26475165788282373
0.9193648540761111,0.26488196606647085
0.9194092078417457,0.2650122842005991
0.9194535616073805,0.26514263550299766
0.9194979153730152,0.26527304319145584
0.9195422691386499,0.26540356033520607
0.9195866229042846,0.26553407747895624
0.9196309766699193,0.2656646244741498
0.9196753304355539,0.2657951847366514
0.9197196842011887,0.2659258677217533
0.9197640379668234,0.2660565507068552
0.9198083917324581,0.2661873166126329
0.9198527454980928,0.26631812232033497
0.9198970992637275,0.2664489711467885
0.9199414530293623,0.26657981997324204
0.9199858067949969,0.2667108346410472
0.9200301605606316,0.2668419819819337
0.9200745143262663,0.26697316249109054
0.920118868091901,0.2671044259209232
0.9201632218575357,0.2672357722714317
0.9202075756231705,0.26736718495848083
0.9202519293888052,0.26749861422966514
0.9202962831544398,0.2676301264215253
0.9203406369200745,0.267761698316272
0.9203849906857092,0.2678932768446728
0.920429344451344,0.26802489185817097
0.9204736982169787,0.2681566528120586
0.9205180519826134,0.268288496686622
0.920562405748248,0.26842037372945576
0.9206067595138827,0.26855230052469503
0.9206511132795174,0.26868439316128595
0.9206954670451521,0.26881650238201205
0.9207398208107869,0.26894861160273814
0.9207841745764216,0.2690808700806807
0.9208285283420563,0.2692132114792991
0.9208728821076909,0.2693455827293608
0.9209172358733256,0.26947808996933087
0.9209615896389604,0.2696105972093009
0.9210059434045951,0.2697432205382171
0.9210502971702298,0.2698758936195388
0.9210946509358645,0.2700086496215363
0.9211390047014991,0.27014148854420966
0.9211833584671338,0.270274327466883
0.9212277122327686,0.27040716638955636
0.9212720659984033,0.27054017115358137
0.921316419764038,0.27067329200655255
0.9213607735296727,0.2708064626119292
0.9214051272953074,0.27093963321730585
0.921449481060942,0.2710728369909528
0.9214938348265768,0.27120633927903276
0.9215381885922115,0.2713400074084644
0.9215825423578462,0.2714737418744367
0.9216268961234809,0.2716074929245441
0.9216712498891156,0.27174127714292184
0.9217156036547502,0.27187530348967304
0.921759957420385,0.2720094691431596
0.9218043111860197,0.272143717717322
0.9218486649516544,0.2722780591626413
0.9218930187172891,0.27241247357815535
0.9219373724829238,0.2725469709143452
0.9219817262485586,0.27268146825053513
0.9220260800141932,0.272815965586725
0.9220704337798279,0.27295071168494234
0.9221147875454626,0.2730857728817278
0.9221591413110973,0.273220900415054
0.922203495076732,0.2733561440373263
0.9222478488423668,0.2734914705802744
0.9222922026080015,0.2736267971232225
0.9223365563736361,0.2737621236661707
0.9223809101392708,0.27389753312979465
0.9224252639049055,0.2740330255140944
0.9224696176705403,0.2741685178983942
0.922513971436175,0.2743040932033698
0.9225583252018097,0.27443966850834545
0.9226026789674443,0.2745754096546727
0.922647032733079,0.2747112337216758
0.9226913864987137,0.2748472236300305
0.9227357402643485,0.27498346230041276
0.9227800940299832,0.2751197838914708
0.9228244477956179,0.2752563277099401
0.9228688015612526,0.2753928814788904
0.9229131553268872,0.27552953475265174
0.9229575090925219,0.27566629084805117
0.9230018628581567,0.27580305026027757
0.9230462166237914,0.2759400352167422
0.9230905703894261,0.27607718933138553
0.9231349241550608,0.2762144495844939
0.9231792779206954,0.2763519320650135
0.9232236316863301,0.2764896135551551
0.9232679854519649,0.27662734479770223
0.9233123392175996,0.2767650926243845
0.9233566929832343,0.27690290678760743
0.923401046748869,0.27704077070323585
0.9234454005145037,0.27717864125251834
0.9234897542801384,0.2773165217522819
0.9235341080457731,0.27745458467753226
0.9235784618114078,0.27759265423643675
0.9236228155770425,0.27773080008236295
0.9236671693426772,0.2778689459282892
0.923711523108312,0.27800725761556705
0.9237558768739466,0.2781456953422722
0.9238002306395813,0.27828421598965314
0.923844584405216,0.2784227598548233
0.9238889381708507,0.27856156906615614
0.9239332919364854,0.27870037827748895
0.9239776457021202,0.2788391874888218
0.9240219994677549,0.27897812937323596
0.9240663532333895,0.27911718734659624
0.9241107069990242,0.2792566599233357
0.9241550607646589,0.2793963812621026
0.9241994145302936,0.279536152353275
0.9242437682959284,0.27967595661271777
0.9242881220615631,0.2798157774562957
0.9243324758271978,0.27995566463641425
0.9243768295928324,0.28009561483624645
0.9244211833584671,0.28023575077839247
0.9244655371241018,0.2803759099383277
0.9245098908897366,0.28051613211797666
0.9245542446553713,0.2806564339014743
0.924598598421006,0.28079673568497204
0.9246429521866406,0.28093746865598407
0.9246873059522753,0.2810782679635367
0.92473165971791,0.28121921652830584
0.9247760134835448,0.2813601816772101
0.9248203672491795,0.28150114682611443
0.9248647210148142,0.2816422280639649
0.9249090747804489,0.2817833159354694
0.9249534285460835,0.2819244469257254
0.9249977823117183,0.2820656608366572
0.925042136077353,0.28220695766826476
0.9250864898429877,0.2823482544998724
0.9251308436086224,0.2824895712324422
0.9251751973742571,0.2826309775193419
0.9252195511398917,0.28277244019230113
0.9252639049055265,0.2829141516272879
0.9253082586711612,0.2830559459829505
0.9253526124367959,0.28319774033861306
0.9253969662024306,0.2833395346942756
0.9254413199680653,0.28348138543599777
0.9254856737337,0.2836232958806065
0.9255300274993347,0.28376525607762065
0.9255743812649694,0.2839072991953107
0.9256187350306041,0.2840493423130008
0.9256630887962388,0.28419138543069083
0.9257074425618735,0.28433345839982416
0.9257517963275083,0.2844756142896333
0.9257961500931429,0.2846179625554104
0.9258405038587776,0.28476037052407405
0.9258848576244123,0.2849030438389004
0.925929211390047,0.2850458332426729
0.9259735651556817,0.28518870556712117
0.9260179189213165,0.2853316608122453
0.9260622726869512,0.28547461605736946
0.9261066264525858,0.2856176542231694
0.9261509802182205,0.28576069238896934
0.9261953339838552,0.28590381347544513
0.92623968774949,0.28604701748259675
0.9262840415151247,0.28619030109359717
0.9263283952807594,0.2863335880214246
0.9263727490463941,0.28647687494925206
0.9264171028120287,0.28662016187707945
0.9264614565776634,0.2867636279135667
0.9265058103432982,0.2869071304351513
0.9265501641089329,0.287050649540871
0.9265945178745676,0.28719423498313146
0.9266388716402023,0.287337840326354
0.9266832254058369,0.28748145893688476
0.9267275791714716,0.28762524338876716
0.9267719329371064,0.2877691936820012
0.9268162867027411,0.28791329323245174
0.9268606404683758,0.28805743590165367
0.9269049942340105,0.288201717877591
0.9269493479996452,0.28834616569488003
0.9269937017652798,0.28849083905640727
0.9270380555309146,0.28863576117996204
0.9270824092965493,0.288780706521306
0.927126763062184,0.28892565186264996
0.9271711168278187,0.2890705972039939
0.9272154705934534,0.28921554917899195
0.927259824359088,0.28936066036168756
0.9273041781247228,0.28950604020737286
0.9273485318903575,0.2896516820823937
0.9273928856559922,0.2897976224718476
0.9274372394216269,0.2899436457819773
0.9274815931872616,0.29008983493345863
0.9275259469528964,0.2902361070056158
0.927570300718531,0.29038287660182793
0.9276146544841657,0.29052979877208357
0.9276590082498004,0.29067673420964735
0.9277033620154351,0.290823752567887
0.9277477157810698,0.2909710196881541
0.9277920695467046,0.29111829344207524
0.9278364233123393,0.2912655937306126
0.9278807770779739,0.2914130366427125
0.9279251308436086,0.29156055252500707
0.9279694846092433,0.2917081811794207
0.928013838374878,0.29185594582374275
0.9280581921405128,0.29200371046806484
0.9281025459061475,0.29215155471623566
0.9281468996717821,0.2922994022812335
0.9281912534374168,0.29244741568758303
0.9282356072030515,0.29259551201460837
0.9282799609686863,0.2927439068560667
0.928324314734321,0.292892401202336
0.9283686684999557,0.2930409950534163
0.9284130222655904,0.2931900864285516
0.928457376031225,0.2933392640411897
0.9285017297968597,0.2934885212576766
0.9285460835624945,0.2936377950582987
0.9285904373281292,0.29378712524498035
0.9286347910937639,0.2939364653821431
0.9286791448593986,0.2940858884399816
0.9287234986250332,0.29423561664590725
0.928767852390668,0.2943854543071249
0.9288122061563027,0.29453529196834266
0.9288565599219374,0.29468530210456606
0.9289009136875721,0.29483534872588685
0.9289452674532068,0.29498551806980783
0.9289896212188415,0.29513568741372886
0.9290339749844762,0.29528593967832567
0.9290783287501109,0.295436241695328
0.9291226825157456,0.29558656693011953
0.9291670362813803,0.29573715087741964
0.929211390047015,0.2958877348247198
0.9292557438126497,0.29603840169269574
0.9293000975782844,0.2961891083625961
0.9293444513439191,0.2963398913195182
0.9293888051095538,0.2964907240288458
0.9294331588751885,0.29664161975788705
0.9294775126408232,0.2967925188037553
0.929521866406458,0.2969434344337587
0.9295662201720927,0.29709437328155136
0.9296105739377273,0.2972453386639603
0.929654927703362,0.29739633721463954
0.9296992814689967,0.29754741868599466
0.9297436352346314,0.2976985001573497
0.9297879890002662,0.2978496380147644
0.9298323427659009,0.2980007990899683
0.9298766965315356,0.29815211937286973
0.9299210502971702,0.2983035889129877
0.9299654040628049,0.298455499591101
0.9300097578284396,0.2986074102692144
0.9300541115940744,0.2987593209473277
0.9300984653597091,0.29891135103121425
0.9301428191253438,0.2990635104713551
0.9301871728909784,0.2992157196639014
0.9302315266566131,0.2993679354901018
0.9302758804222478,0.2995201513163022
0.9303202341878826,0.2996725595184705
0.9303645879535173,0.29982502410669837
0.930408941719152,0.2999775152295425
0.9304532954847867,0.3001300726889273
0.9304976492504213,0.3002827296531231
0.930542003016056,0.30043543636972436
0.9305863567816908,0.30058834209594765
0.9306307105473255,0.3007413307428467
0.9306750643129602,0.30089440231042164
0.9307194180785949,0.3010474738779965
0.9307637718442295,0.3012007112869231
0.9308081256098643,0.30135403161652546
0.930852479375499,0.30150751778747953
0.9308968331411337,0.30166102054256877
0.9309411869067684,0.30181457305006343
0.9309855406724031,0.3019682549138124
0.9310298944380379,0.3021220031141021
0.9310742482036725,0.3022760697297869
0.9311186019693072,0.3024301363454717
0.9311629557349419,0.30258445172318404
0.9312073095005766,0.3027387671008963
0.9312516632662113,0.30289316539928446
0.9312960170318461,0.3030476267173862
0.9313403707974807,0.30320219085712596
0.9313847245631154,0.30335675499686576
0.9314290783287501,0.3035113191366055
0.9314734320943848,0.3036659927316374
0.9315177858600195,0.3038207227127288
0.9315621396256543,0.3039756517034422
0.931606493391289,0.30413071336723696
0.9316508471569236,0.30428585795170754
0.9316952009225583,0.3044412844664759
0.931739554688193,0.3045967607336498
0.9317839084538277,0.3047524028421753
0.9318282622194625,0.30490829371272826
0.9318726159850972,0.3050643504246329
0.9319169697507319,0.30522057297788924
0.9319613235163665,0.3053772101345247
0.9320056772820012,0.3055339302118359
0.932050031047636,0.3056906834574175
0.9320943848132707,0.30584746987126943
0.9321387385789054,0.3060042562851213
0.9321830923445401,0.30616113557013014
0.9322274461101747,0.30631802148879306
0.9322717998758094,0.306474907407456
0.9323161536414442,0.30663189614775693
0.9323605074070789,0.306788898155366
0.9324048611727136,0.306945999667786
0.9324492149383483,0.30710315756626566
0.932493568703983,0.3072604580883077
0.9325379224696176,0.3074177751944849
0.9325822762352524,0.3075752415578786
0.9326266300008871,0.30773271455492635
0.9326709837665218,0.30789026383899587
0.9327153375321565,0.30804797896441705
0.9327596912977912,0.30820577701051405
0.9328040450634258,0.3083636579772869
0.9328483988290606,0.3085216384488707
0.9328927525946953,0.308679768177671
0.93293710636033,0.3088381466684988
0.9329814601259647,0.3089968568420299
0.9330258138915994,0.309155676470853
0.9330701676572342,0.30931455248573575
0.9331145214228688,0.3094735114212943
0.9331588751885035,0.30963249689146916
0.9332032289541382,0.3097915321140495
0.9332475827197729,0.30995057397028386
0.9332919364854076,0.31010961582651825
0.9333362902510424,0.31026874060342846
0.9333806440166771,0.31042791513274415
0.9334249977823117,0.3105872621370656
0.9334693515479464,0.31074685458658746
0.9335137053135811,0.31090647688755263
0.9335580590792159,0.31106616552505845
0.9336024128448506,0.3112260365880511
0.9336467666104853,0.31138590765104374
0.9336911203761199,0.3115459445553881
0.9337354741417546,0.3117060643804082
0.9337798279073893,0.3118662936607204
0.9338241816730241,0.3120265826439192
0.9338685354386588,0.31218711707231844
0.9339128892042935,0.3123477344213935
0.9339572429699282,0.312508391572393
0.9340015967355628,0.312669098475798
0.9340459505011975,0.31283001102247904
0.9340903042668323,0.31299112589560907
0.934134658032467,0.31315240661009075
0.9341790117981017,0.31331368732457243
0.9342233655637364,0.31347529972175747
0.934267719329371,0.31363701162375346
0.9343120730950057,0.3137987898622901
0.9343564268606405,0.31396057141765377
0.9344007806262752,0.3141224325768663
0.9344451343919099,0.31428429373607875
0.9344894881575446,0.3144463041525077
0.9345338419231793,0.3146083311530718
0.934578195688814,0.3147703846882522
0.9346225494544487,0.3149324448570866
0.9346669032200834,0.3150945547783266
0.9347112569857181,0.31525666469956654
0.9347556107513528,0.3154188575414823
0.9347999645169875,0.31558107691801435
0.9348443182826222,0.3157433062450275
0.9348886720482569,0.31590574784897074
0.9349330258138916,0.3160682723735898
0.9349773795795263,0.3162308798188847
0.935021733345161,0.3163935701848555
0.9350660871107958,0.3165565093128537
0.9351104408764305,0.31671948492594926
0.9351547946420651,0.3168825069746233
0.9351991484076998,0.31704569486464895
0.9352435021733345,0.3172089391407342
0.9352878559389692,0.3173726245548149
0.935332209704604,0.31753639288957136
0.9353765634702387,0.3177002673627929
0.9354209172358734,0.317864500053334
0.935465271001508,0.3180287659121454
0.9355096247671427,0.31819310474115153
0.9355539785327774,0.3183576193619905
0.9355983322984122,0.31852213398282936
0.9356426860640469,0.3186867315243441
0.9356870398296816,0.3188516773326973
0.9357313935953162,0.3190166894775912
0.9357757473609509,0.31918170162248505
0.9358201011265856,0.3193467303515141
0.9358644548922204,0.31951199125843543
0.9359088086578551,0.3196775009273843
0.9359531624234898,0.319843100150663
0.9359975161891245,0.3200087756609635
0.9360418699547591,0.3201746999332914
0.9360862237203939,0.32034071044312223
0.9361305774860286,0.32050693322988316
0.9361749312516633,0.3206732721055902
0.936219285017298,0.32083969390197314
0.9362636387829327,0.3210066961430868
0.9363079925485673,0.3211738078394926
0.936352346314202,0.32134130760466123
0.9363967000798368,0.3215090096962789
0.9364410538454715,0.3216767748076102
0.9364854076111062,0.32184460625548217
0.9365297613767409,0.3220126367129761
0.9365741151423757,0.32218083301182165
0.9366184689080103,0.3223493444092354
0.936662822673645,0.3225181145191577
0.9367071764392797,0.3226870073516802
0.9367515302049144,0.322856331371717
0.9367958839705491,0.3230257648470459
0.9368402377361839,0.3231953376291102
0.9368845915018185,0.32336507625252614
0.9369289452674532,0.32353482150959617
0.9369732990330879,0.32370464305368796
0.9370176527987226,0.32387475979538566
0.9370620065643573,0.3240449959428566
0.9371063603299921,0.32421528184273296
0.9371507140956268,0.3243856009108797
0.9371950678612614,0.32455591997902644
0.9372394216268961,0.3247262887995787
0.9372837753925308,0.32489677370907705
0.9373281291581655,0.32506743109358116
0.9373724829238003,0.32523816476510703
0.937416836689435,0.3254089813573087
0.9374611904550697,0.3255799903254783
0.9375055442207043,0.32575105567970747
0.937549897986339,0.32592220395461247
0.9375942517519738,0.32609368391222077
0.9376386055176085,0.3262655287208027
0.9376829592832432,0.326437506202466
0.9377273130488779,0.3266096495254809
0.9377716668145125,0.32678194210571226
0.9378160205801472,0.3269543176066194
0.937860374345782,0.3271270413743651
0.9379047281114167,0.32729979831038114
0.9379490818770514,0.3274726713353433
0.9379934356426861,0.32764559411271094
0.9380377894083208,0.3278187324838358
0.9380821431739554,0.3279918708549606
0.9381264969395902,0.3281651186813775
0.9381708507052249,0.32833842289385395
0.9382152044708596,0.3285117602746008
0.9382595582364943,0.3286853729519913
0.938303912002129,0.3288591216192902
0.9383482657677636,0.3290329233558216
0.9383926195333984,0.32920672509235305
0.9384369732990331,0.3293810243529394
0.9384813270646678,0.3295553236135258
0.9385256808303025,0.3297296228741122
0.9385700345959372,0.32990408797605025
0.938614388361572,0.3300788847606916
0.9386587421272066,0.3302536815453329
0.9387030958928413,0.3304285446665149
0.938747449658476,0.3306034243718321
0.9387918034241107,0.3307783604632088
0.9388361571897454,0.3309533164555477
0.9388805109553802,0.33112827908154074
0.9389248647210148,0.3313032417075337
0.9389692184866495,0.3314782043335267
0.9390135722522842,0.3316531669595197
0.9390579260179189,0.3318282954268643
0.9391022797835537,0.3320034404783442
0.9391466335491884,0.3321786684504998
0.9391909873148231,0.33235412860054775
0.9392353410804577,0.33252958875059574
0.9392796948460924,0.332705281078536
0.9393240486117271,0.3328809899906114
0.9393684023773619,0.3330567818233626
0.9394127561429966,0.33323265657678974
0.9394571099086313,0.3334087800922443
0.939501463674266,0.3335853712803105
0.9395458174399006,0.33376215816117166
0.9395901712055353,0.33393911088338446
0.9396345249711701,0.3341163057339707
0.9396788787368048,0.334293507218211
0.9397232325024395,0.33447082479139745
0.9397675862680742,0.3346481854833353
0.9398119400337088,0.33482580157095476
0.9398562937993435,0.33500399810330495
0.9399006475649783,0.33518230409094724
0.939945001330613,0.33536062334589767
0.9399893550962477,0.3355389857195995
0.9400337088618824,0.3357173480933014
0.9400780626275171,0.33589579338767905
0.9401224163931517,0.33607423868205677
0.9401667701587865,0.3362528100158617
0.9402111239244212,0.33643150407226685
0.9402554776900559,0.3366104468906995
0.9402998314556906,0.33678947262980796
0.9403441852213253,0.33696874713094394
0.94038853898696,0.3371481045527557
0.9404328927525947,0.3373275448952433
0.9404772465182294,0.3375071510790825
0.9405216002838641,0.3376868401835976
0.9405659540494988,0.3378667780501402
0.9406103078151336,0.3380468320056289
0.9406546615807683,0.3382269191293879
0.9406990153464029,0.33840702283728213
0.9407433691120376,0.33858723931729545
0.9407877228776723,0.3387675088665413
0.940832076643307,0.33894781158405746
0.9408764304089418,0.3391283166280227
0.9409207841745765,0.33930883493929603
0.9409651379402112,0.33948935325056934
0.9410094917058458,0.3396699544825185
0.9410538454714805,0.3398505557144677
0.9410981992371152,0.3400313227877685
0.94114255300275,0.3402120898610693
0.9411869067683847,0.3403928967362945
0.9412312605340194,0.34057388603700656
0.941275614299654,0.3407549847930107
0.9413199680652887,0.34093616646969066
0.9413643218309234,0.3411174111660842
0.9414086755965582,0.34129870893171027
0.9414530293621929,0.3414800398656067
0.9414973831278276,0.34166143050238973
0.9415417368934623,0.34184286094109717
0.9415860906590969,0.34202429137980456
0.9416304444247316,0.34220576493726346
0.9416747981903664,0.34238762656348515
0.9417191519560011,0.3425697601695236
0.9417635057216358,0.3427519335774864
0.9418078594872705,0.3429341932229521
0.9418522132529051,0.3431164528684178
0.9418965670185399,0.3432987125138835
0.9419409207841746,0.3434811048324305
0.9419852745498093,0.34366361323992367
0.942029628315444,0.34384629412242257
0.9420739820810787,0.3440292171332948
0.9421183358467135,0.34421231261917284
0.9421626896123481,0.3443954843920726
0.9422070433779828,0.34457881537267
0.9422513971436175,0.3447621529869214
0.9422957509092522,0.344945606690119
0.9423401046748869,0.3451290769774517
0.9423844584405217,0.3453126633537306
0.9424288122061563,0.3454963658189557
0.942473165971791,0.34568007823466185
0.9425175197374257,0.3458638304522924
0.9425618735030604,0.346047682174734
0.9426062272686951,0.3462315637486188
0.9426505810343299,0.34641550834221724
0.9426949347999646,0.34659979456900014
0.9427392885655992,0.34678414381549666
0.9427836423312339,0.3469686091509393
0.9428279960968686,0.3471530910705171
0.9428723498625033,0.3473377023463492
0.9429167036281381,0.34752231693900837
0.9429610573937728,0.34770706420474884
0.9430054111594075,0.34789189439116514
0.9430497649250421,0.34807690700306826
0.9430941186906768,0.3482619527832417
0.9431384724563115,0.34844703173168545
0.9431828262219463,0.34863217038301575
0.943227179987581,0.3488173820045408
0.9432715337532157,0.3490027926356879
0.9433158875188503,0.3491882861875108
0.943360241284485,0.34937396216482053
0.9434045950501198,0.34955978739934673
0.9434489488157545,0.34974561263387294
0.9434933025813892,0.34993152078907497
0.9435376563470239,0.3501177141914019
0.9435820101126586,0.3503040369499831
0.9436263638782932,0.35049044262924006
0.943670717643928,0.3506770970705245
0.9437150714095627,0.3508638344324848
0.9437594251751974,0.3510505983290614
0.9438037789408321,0.35123738544342714
0.9438481327064668,0.35142417587461994
0.9438924864721014,0.3516111619986077
0.9439368402377362,0.35179828742933084
0.9439811940033709,0.35198568815669773
0.9440255477690056,0.35217317180474045
0.9440699015346403,0.3523608212941349
0.944114255300275,0.3525488688027732
0.9441586090659098,0.35273699923208734
0.9442029628315444,0.35292516282967185
0.9442473165971791,0.353113392763797
0.9442916703628138,0.35330165586619255
0.9443360241284485,0.35348996872099353
0.9443803778940832,0.35367847395176244
0.944424731659718,0.35386733408302384
0.9444690854253526,0.3540563103032315
0.9445134391909873,0.35424533627584454
0.944557792956622,0.35443447833740377
0.9446021467222567,0.3546236701513685
0.9446465004878914,0.35481297805427936
0.9446908542535262,0.3550025977389314
0.9447352080191609,0.35519248608657306
0.9447795617847955,0.3553825336419123
0.9448239155504302,0.3555725878309057
0.9448682693160649,0.35576313954395394
0.9449126230816997,0.3559538305637376
0.9449569768473344,0.3561447305436244
0.9450013306129691,0.35633627730478257
0.9450456843786038,0.35652808941210345
0.9450900381442384,0.3567201336973166
0.9451343919098731,0.3569122609032056
0.9451787456755079,0.35710463687112204
0.9452230994411426,0.35729754353136384
0.9452674532067773,0.35749066578536276
0.945311806972412,0.35768383115811303
0.9453561607380466,0.35787706950105813
0.9454005145036813,0.35807035759640865
0.9454448682693161,0.35826372861243505
0.9454892220349508,0.3584570996284614
0.9455335758005855,0.3586505800997799
0.9455779295662202,0.3588440837888876
0.9456222833318549,0.3590377035669414
0.9456666370974895,0.35923138968153595
0.9457109908631243,0.3594252549047902
0.945755344628759,0.35961916656362297
0.9457996983943937,0.35981328386573175
0.9458440521600284,0.3600074044846676
0.9458884059256631,0.3602017042122633
0.9459327596912978,0.36039623611775123
0.9459771134569325,0.3605908011915095
0.9460214672225672,0.3607854359186355
0.9460658209882019,0.36098029950682675
0.9461101747538366,0.361175163095018
0.9461545285194713,0.3613700432673444
0.9461988822851061,0.36156515561756314
0.9462432360507407,0.3617603508884577
0.9462875898163754,0.36195554615935227
0.9463319435820101,0.3621510233605446
0.9463762973476448,0.3623465171458721
0.9464206511132796,0.36254204409947
0.9464650048789143,0.36273759758768415
0.9465093586445489,0.36293315770955237
0.9465537124101836,0.3631287841679612
0.9465980661758183,0.36332441062637005
0.946642419941453,0.3635201863419954
0.9466867737070878,0.36371604497829657
0.9467311274727225,0.36391190361459774
0.9467754812383572,0.3641082597749538
0.9468198350039918,0.36430481494493194
0.9468641887696265,0.36450148952068323
0.9469085425352612,0.36469826691807256
0.946952896300896,0.3648954987207654
0.9469972500665307,0.36509314181001024
0.9470416038321654,0.3652908081170444
0.9470859575978001,0.3654886568495654
0.9471303113634347,0.36568655533449185
0.9471746651290694,0.36588448698768866
0.9472190188947042,0.3660824186408855
0.9472633726603389,0.3662803502940823
0.9473077264259736,0.36647841793718744
0.9473520801916083,0.3666765154317359
0.9473964339572429,0.36687463946090065
0.9474407877228777,0.36707281987612495
0.9474851414885124,0.3672711661327009
0.9475294952541471,0.3674696881811096
0.9475738490197818,0.36766822681365346
0.9476182027854165,0.367866835099565
0.9476625565510512,0.3680658115532772
0.9477069103166859,0.36826482117525977
0.9477512640823206,0.3684644112419731
0.9477956178479553,0.3686642500707139
0.94783997161359,0.3688643376614822
0.9478843253792247,0.3690645910936021
0.9479286791448595,0.3692649274463979
0.9479730329104941,0.3694656784025728
0.9480173866761288,0.36966676104145096
0.9480617404417635,0.3698679630861024
0.9481060942073982,0.37006922815046744
0.9481504479730329,0.37027061593743266
0.9481948017386677,0.37047227902104163
0.9482391555043024,0.3706741344806186
0.948283509269937,0.3708760330589469
0.9483278630355717,0.3710788238637471
0.9483722168012064,0.37128181367816926
0.9484165705668411,0.3714848864132673
0.9484609243324759,0.3716882079103928
0.9485052780981106,0.37189165876377256
0.9485496318637453,0.3720951892210011
0.9485939856293799,0.37229872299505673
0.9486383393950146,0.3725027078575888
0.9486826931606493,0.3727067424725264
0.9487270469262841,0.37291100926535636
0.9487714006919188,0.3731153191769377
0.9488157544575535,0.37331963572217314
0.9488601082231881,0.37352403518808436
0.9489044619888228,0.3737285175746714
0.9489488157544576,0.3739330165453937
0.9489931695200923,0.3741375652685214
0.949037523285727,0.3743421305757843
0.9490818770513617,0.3745468617243988
0.9491262308169964,0.37475167579368923
0.949170584582631,0.3749569210504939
0.9492149383482658,0.3751621994755689
0.9492592921139005,0.3753676271578604
0.9493036458795352,0.3755730880084222
0.9493479996451699,0.37577857539360027
0.9493923534108046,0.3759841357489731
0.9494367071764392,0.37618994486637336
0.949481060942074,0.37639595962704975
0.9495254147077087,0.37660211701128854
0.9495697684733434,0.37680875533544705
0.9496141222389781,0.3770155595009573
0.9496584760046128,0.37722277826984657
0.9497028297702476,0.37743041164211505
0.9497471835358822,0.37763845961776266
0.9497915373015169,0.3778468094246702
0.9498358910671516,0.37805522225129146
0.9498802448327863,0.3782636848303182
0.949924598598421,0.37847234641896693
0.9499689523640558,0.37868103122540486
0.9500133061296904,0.378889742566459
0.9500576598953251,0.37909853682818906
0.9501020136609598,0.3793076627726224
0.9501463674265945,0.37951678871705574
0.9501907211922292,0.3797267438682473
0.950235074957864,0.37993709703868284
0.9502794287234987,0.3801475331297942
0.9503237824891333,0.3803581516463924
0.950368136254768,0.38056885308366645
0.9504124900204027,0.38078005204499543
0.9504568437860375,0.3809912510063244
0.9505011975516722,0.38120261580900505
0.9505455513173069,0.3814139806116857
0.9505899050829416,0.3816255941763938
0.9506342588485762,0.38183729066177774
0.9506786126142109,0.3820490368995671
0.9507229663798457,0.38226086605803233
0.9507673201454804,0.3824727283847679
0.9508116739111151,0.38268533699758595
0.9508560276767498,0.38289819437243144
0.9509003814423844,0.3831110683314121
0.9509447352080191,0.3833244232303126
0.9509890889736539,0.3835377781292131
0.9510334427392886,0.3837513419882166
0.9510777965049233,0.3839649456491445
0.951122150270558,0.3841787317355593
0.9511665040361927,0.3843926936138068
0.9512108578018273,0.38460671187811385
0.9512552115674621,0.3848208097462697
0.9512995653330968,0.3850353587029021
0.9513439190987315,0.38525001048117247
0.9513882728643662,0.3854647086950213
0.9514326266300009,0.3856795561660866
0.9514769803956356,0.38589463581504424
0.9515213341612703,0.3861099642260294
0.951565687926905,0.3863253059043226
0.9516100416925397,0.3865408333249297
0.9516543954581744,0.3867569246061325
0.9516987492238091,0.38697366598543365
0.9517431029894439,0.3871905864733946
0.9517874567550785,0.3874078054757885
0.9518318105207132,0.38762505764645283
0.9518761642863479,0.3878425088267391
0.9519205180519826,0.38805997659116054
0.9519648718176174,0.38827764336520393
0.9520092255832521,0.3884954593964638
0.9520535793488867,0.3887132920118589
0.9520979331145214,0.38893122413206493
0.9521422868801561,0.38914972011286664
0.9521866406457908,0.3893682990143441
0.9522309944114256,0.38958719301438977
0.9522753481770603,0.3898061699351112
0.952319701942695,0.3900254122019953
0.9523640557083296,0.3902446544688794
0.9524084094739643,0.3904641952501965
0.952452763239599,0.39068434964451465
0.9524971170052338,0.39090463671191417
0.9525414707708685,0.3911251725413411
0.9525858245365032,0.3913459903010659
0.9526301783021379,0.3915669739021424
0.9526745320677725,0.3917881432455327
0.9527188858334072,0.39200937560863663
0.952763239599042,0.3922306079717406
0.9528075933646767,0.39245190667138513
0.9528519471303114,0.39267330487584073
0.9528963008959461,0.39289478600097216
0.9529406546615807,0.3931163500467794
0.9529850084272155,0.3933379306767218
0.9530293621928502,0.3935596771480159
0.9530737159584849,0.3937817387178781
0.9531180697241196,0.3940044636531469
0.9531624234897543,0.3942274373504432
0.953206777255389,0.3944504110477394
0.9532511310210237,0.394673716427739
0.9532954847866584,0.3948970383918738
0.9533398385522931,0.39512092421660416
0.9533841923179278,0.3953449327639348
0.9534285460835625,0.395569100518963
0.9534728998491973,0.39579331802639667
0.9535172536148319,0.39601776771172265
0.9535616073804666,0.3962422339811838
0.9536059611461013,0.39646694901267243
0.953650314911736,0.39669189622205336
0.9536946686773707,0.3969168600155695
0.9537390224430055,0.3971418238090856
0.9537833762086402,0.3973672022059808
0.9538277299742748,0.39759324396828266
0.9538720837399095,0.3978196174132878
0.9539164375055442,0.3980463557092666
0.9539607912711789,0.39827319351005636
0.9540051450368137,0.3985001473997923
0.9540494988024484,0.39872721074482037
0.954093852568083,0.3989544133965838
0.9541382063337177,0.399181698969023
0.9541825600993524,0.39940916696694906
0.9542269138649871,0.3996367842220916
0.9542712676306219,0.39986448439790995
0.9543156213962566,0.40009228407853936
0.9543599751618913,0.40032015009570937
0.9544043289275259,0.400548178637404
0.9544486826931606,0.4007770397026839
0.9544930364587954,0.40100639829201884
0.9545373902244301,0.40123592272270536
0.9545817439900648,0.40146569591541936
0.9546260977556995,0.40169553544467407
0.9546704515213342,0.40192562041912916
0.9547148052869688,0.40215584138349264
0.9547591590526036,0.4023863276940188
0.9548035128182383,0.40261701301416686
0.954847866583873,0.40284778125499077
0.9548922203495077,0.40307876508957186
0.9549365741151424,0.40330978209242324
0.954980927880777,0.4035409085505668
0.9550252816464118,0.4037722572361215
0.9550696354120465,0.40400370874331426
0.9551139891776812,0.4042352232702206
0.9551583429433159,0.4044668970048246
0.9552026967089506,0.40469880955097487
0.9552470504745854,0.4049308216019362
0.95529140424022,0.4051631653356008
0.9553357580058547,0.4053958407519688
0.9553801117714894,0.4056285825048773
0.9554244655371241,0.4058616725246244
0.9554688193027588,0.40609484546504726
0.9555131730683936,0.40632826716749765
0.9555575268340282,0.40656192104784034
0.9556018805996629,0.4067961520560867
0.9556462343652976,0.40703040296529536
0.9556905881309323,0.4072648197158556
0.955734941896567,0.40749948522844337
0.9557792956622018,0.407734538809794
0.9558236494278365,0.4079699273906749
0.9558680031934711,0.40820535577348027
0.9559123569591058,0.4084415138582329
0.9559567107247405,0.40867800362568885
0.9560010644903753,0.40891457963064765
0.95604541825601,0.4091512684077256
0.9560897720216447,0.40938808985788483
0.9561341257872794,0.4096250771493957
0.956178479552914,0.4098622535000475
0.9562228333185487,0.41009973831561336
0.9562671870841835,0.4103375216456121
0.9563115408498182,0.4105754210645571
0.9563558946154529,0.41081398384890866
0.9564002483810876,0.411052622920282
0.9564446021467222,0.41129143446666105
0.9564889559123569,0.41153051135920277
0.9565333096779917,0.41176997963733436
0.9565776634436264,0.41200962039047173
0.9566220172092611,0.41224931089601446
0.9566663709748958,0.4124892004111793
0.9567107247405305,0.412730184479265
0.9567550785061651,0.412971400725243
0.9567994322717999,0.41321265677314545
0.9568437860374346,0.41345405544461034
0.9568881398030693,0.41369560337329164
0.956932493568704,0.4139374000640004
0.9569768473343387,0.4141794455167367
0.9570212010999734,0.4144217397315005
0.9570655548656081,0.41466418983713477
0.9571099086312428,0.414906732813926
0.9571542623968775,0.4151497733147722
0.9571986161625122,0.4153931919339001
0.957242969928147,0.41563661386985506
0.9572873236937817,0.4158801518947562
0.9573316774594163,0.4161241045230365
0.957376031225051,0.4163682395768036
0.9574203849906857,0.4166124243829762
0.9574647387563204,0.4168566224564569
0.9575090925219552,0.41710082384676467
0.9575534462875899,0.4173451081577482
0.9575978000532245,0.41759023825962527
0.9576421538188592,0.41783593222209786
0.9576865075844939,0.41808162950139754
0.9577308613501286,0.41832773806724927
0.9577752151157634,0.4185740124744527
0.9578195688813981,0.4188203698023319
0.9578639226470328,0.41906672713021115
0.9579082764126674,0.41931383074417283
0.9579526301783021,0.4195610172788103
0.9579969839439368,0.4198082038134478
0.9580413377095716,0.42005570544665344
0.9580856914752063,0.4203036548515085
0.958130045240841,0.4205518364342559
0.9581743990064757,0.42080011752181434
0.9582187527721103,0.4210484649459134
0.958263106537745,0.4212969284589586
0.9583074603033798,0.42154610508981594
0.9583518140690145,0.4217953646413491
0.9583961678346492,0.4220450387962614
0.9584405216002839,0.42229504463387696
0.9584848753659185,0.4225452262633253
0.9585292291315533,0.42279572962499584
0.958573582897188,0.4230463159073422
0.9586179366628227,0.4232970315459428
0.9586622904284574,0.42354800258022496
0.9587066441940921,0.42379958391068123
0.9587509979597268,0.42405124816181333
0.9587953517253615,0.42430291241294543
0.9588397054909962,0.4245550576039973
0.9588840592566309,0.42480733546813054
0.9589284130222656,0.42505964650053407
0.9589727667879003,0.4253122295127543
0.959017120553535,0.42556483905959086
0.9590614743191697,0.42581758127950875
0.9591058280848044,0.4260703234994266
0.9591501818504391,0.42632323156069607
0.9591945356160738,0.4265763552157227
0.9592388893817085,0.4268295584745981
0.9592832431473433,0.4270829806440577
0.959327596912978,0.42733660845679333
0.9593719506786126,0.42759031587337776
0.9594163044442473,0.4278440531414055
0.959460658209882,0.428098168527715
0.9595050119755167,0.4283525757948034
0.9595493657411515,0.4286075336551793
0.9595937195067862,0.4288626805746961
0.9596380732724208,0.4291179104148887
0.9596824270380555,0.42937446698589454
0.9597267808036902,0.42963117281411684
0.959771134569325,0.4298886415125568
0.9598154883349597,0.4301464418937
0.9598598421005944,0.430405320243629
0.9599041958662291,0.4306643810190448
0.9599485496318637,0.43092356451706076
0.9599929033974984,0.4311829403910447
0.9600372571631332,0.4314424787895532
0.9600816109287679,0.4317020205048888
0.9601259646944026,0.43196189390292766
0.9601703184600373,0.4322218933403938
0.960214672225672,0.4324819325797843
0.9602590259913066,0.43274238642255397
0.9603033797569414,0.4330029231859995
0.9603477335225761,0.4332640403941757
0.9603920872882108,0.4335252405230278
0.9604364410538455,0.43378644065187993
0.9604807948194802,0.4340482212254628
0.9605251485851148,0.43431000179904566
0.9605695023507496,0.4345722865303376
0.9606138561163843,0.4348347138851919
0.960658209882019,0.43509734024966823
0.9607025636476537,0.4353600329506852
0.9607469174132884,0.4356228914930538
0.9607912711789232,0.43588626414361253
0.9608356249445578,0.43614970313071194
0.9608799787101925,0.4364133908798388
0.9609243324758272,0.436677410311669
0.9609686862414619,0.436941512664175
0.9610130400070966,0.4372058007589949
0.9610573937727314,0.43747041721969104
0.961101747538366,0.43773551462030696
0.9611461013040007,0.4380006949415987
0.9611904550696354,0.43826589184702563
0.9612348088352701,0.4385316028606427
0.9612791626009048,0.4387976289728279
0.9613235163665396,0.4390638872629054
0.9613678701321743,0.4393302284736587
0.9614122238978089,0.439596665872396
0.9614565776634436,0.4398632326273875
0.9615009314290783,0.44013065180692656
0.961545285194713,0.44039894331197527
0.9615896389603478,0.44066744046030004
0.9616339927259825,0.44093615651920903
0.9616783464916171,0.4412049024295613
0.9617227002572518,0.44147373126058936
0.9617670540228865,0.4417426297449851
0.9618114077885213,0.44201165758563526
0.961855761554156,0.44228100715850754
0.9619001153197907,0.44255055242417474
0.9619444690854254,0.44282019387782595
0.96198882285106,0.44309012721225605
0.9620331766166947,0.44336021643755674
0.9620775303823295,0.44363126754269694
0.9621218841479642,0.4439030815180548
0.9621662379135989,0.44417516083957526
0.9622105916792336,0.44444747233898807
0.9622549454448683,0.44471978383840083
0.962299299210503,0.4449921981594517
0.9623436529761377,0.4452646191141566
0.9623880067417724,0.44553764373138144
0.9624323605074071,0.44581073468514704
0.9624767142730418,0.4460842899946972
0.9625210680386765,0.4463587242634111
0.9625654218043111,0.44663349021482834
0.9626097755699459,0.4469085878489488
0.9626541293355806,0.44718413325471884
0.9626984831012153,0.4474597615811647
0.96274283686685,0.4477353899076105
0.9627871906324847,0.44801201659899326
0.9628315443981195,0.44828870631008966
0.9628758981637541,0.44856541260532123
0.9629202519293888,0.4488421719697853
0.9629646056950235,0.44911917677944985
0.9630089594606582,0.4493962313415199
0.963053313226293,0.4496733522401306
0.9630976669919277,0.4499508877421204
0.9631420207575623,0.450228695223927
0.963186374523197,0.4505067282499718
0.9632307282888317,0.4507850432063144
0.9632750820544664,0.45106365667709
0.9633194358201012,0.45134313252289415
0.9633637895857359,0.451622674705239
0.9634081433513706,0.4519023495606651
0.9634524971170052,0.4521829531276605
0.9634968508826399,0.452463967981208
0.9635412046482746,0.45274498615158254
0.9635855584139094,0.4530260109556111
0.9636299121795441,0.4533071452149318
0.9636742659451788,0.45358847848387446
0.9637186197108135,0.4538699145744552
0.9637629734764481,0.45415143690253873
0.9638073272420828,0.45443311843831985
0.9638516810077176,0.45471488289477685
0.9638960347733523,0.4549966473512338
0.963940388538987,0.45527874349039404
0.9639847423046217,0.45556108839158177
0.9640290960702563,0.45584368205479703
0.964073449835891,0.4561263321040718
0.9641178036015258,0.4564090584403683
0.9641621573671605,0.45669248131034174
0.9642065111327952,0.4569760700216669
0.9642508648984299,0.45725974165366784
0.9642952186640646,0.45754363551308
0.9643395724296993,0.45782765541191944
0.964383926195334,0.4581118743203808
0.9644282799609687,0.45839637515914006
0.9644726337266034,0.45868100867098055
0.9645169874922381,0.4589663121818818
0.9645613412578729,0.4592522326226111
0.9646056950235075,0.4595383918748869
0.9646500487891422,0.4598248828098659
0.9646944025547769,0.46011228587227904
0.9647387563204116,0.46040013670634167
0.9647831100860463,0.46068803729280977
0.964827463851681,0.46097610372062947
0.9648718176173158,0.4612641701484492
0.9649161713829504,0.46155392815805585
0.9649605251485851,0.46184405101863607
0.9650048789142198,0.4621342667503732
0.9650492326798545,0.4624249866398194
0.9650935864454893,0.4627157065292656
0.965137940211124,0.46300689077449636
0.9651822939767586,0.4632981546235759
0.9652266477423933,0.4635898032245913
0.965271001508028,0.4638815513304178
0.9653153552736627,0.4641733027530713
0.9653597090392975,0.4644652531853467
0.9654040628049322,0.4647573827262819
0.9654484165705669,0.46504951226721714
0.9654927703362015,0.46534164180815235
0.9655371241018362,0.46563378793322274
0.965581477867471,0.4659260003948338
0.9656258316331057,0.4662182128564448
0.9656701853987404,0.4665109560103812
0.9657145391643751,0.4668039147580747
0.9657588929300098,0.4670974207822286
0.9658032466956444,0.46739096992513396
0.9658476004612792,0.4676845356521745
0.9658919542269139,0.4679786917744269
0.9659363079925486,0.4682734747769886
0.9659806617581833,0.46856888134303243
0.966025015523818,0.46886458642350926
0.9660693692894526,0.4691607459092896
0.9661137230550874,0.4694572370777732
0.9661580768207221,0.46975380121645166
0.9662024305863568,0.4700511547599639
0.9662467843519915,0.4703485083034762
0.9662911381176262,0.4706460276883401
0.966335491883261,0.4709439749438913
0.9663798456488956,0.4712419918528101
0.9664241994145303,0.471540008761729
0.966468553180165,0.4718383739374864
0.9665129069457997,0.4721374024786503
0.9665572607114344,0.4724365802770308
0.9666016144770692,0.4727359471345521
0.9666459682427038,0.4730359276050745
0.9666903220083385,0.4733359113924239
0.9667346757739732,0.4736360842389143
0.9667790295396079,0.4739373052027471
0.9668233833052426,0.47423863893869894
0.9668677370708774,0.47454030104052713
0.9669120908365121,0.47484221522120984
0.9669564446021467,0.475144179154298
0.9670007983677814,0.4754461762556565
0.9670451521334161,0.4757483060300963
0.9670895058990508,0.47605046565597947
0.9671338596646856,0.47635344122131273
0.9671782134303203,0.47665662242992207
0.9672225671959549,0.4769601121034454
0.9672669209615896,0.4772637344500501
0.9673112747272243,0.47756738996492515
0.967355628492859,0.47787154300385515
0.9673999822584938,0.4781759448048126
0.9674443360241285,0.478480840812998
0.9674886897897632,0.47878574013801045
0.9675330435553978,0.4790913028284295
0.9675773973210325,0.4793976084881039
0.9676217510866673,0.47970408330595704
0.967666104852302,0.4800107206483348
0.9677104586179367,0.48031752714889125
0.9677548123835714,0.48062449949079933
0.9677991661492061,0.48093163767405905
0.9678435199148407,0.4812394392227254
0.9678878736804755,0.48154736681081894
0.9679322274461102,0.4818556658835403
0.9679765812117449,0.48216421371828905
0.9680209349773796,0.48247284447371364
0.9680652887430143,0.4827817737435712
0.968109642508649,0.483091034696132
0.9681539962742837,0.48340148307277075
0.9681983500399184,0.48371210392441516
0.9682427038055531,0.48402289061741127
0.9682870575711878,0.484333743646948
0.9683314113368225,0.4846446132606199
0.9683757651024573,0.4849558974776709
0.9684201188680919,0.4852675962981011
0.9684644726337266,0.48557941120747744
0.9685088263993613,0.48589177339331424
0.968553180164996,0.4862042184998268
0.9685975339306307,0.48651674652701526
0.9686418876962655,0.4868293309402632
0.9686862414619001,0.4871419418881275
0.9687305952275348,0.48745480159801924
0.9687749489931695,0.48776774422858676
0.9688193027588042,0.48808101854185765
0.968863656524439,0.4883949728046703
0.9689080102900737,0.48870924216605105
0.9689523640557084,0.48902351152743184
0.968996717821343,0.48933822202680805
0.9690410715869777,0.48965315475359544
0.9690854253526124,0.48996823673759926
0.9691297791182472,0.4902839986711449
0.9691741328838819,0.490600407385962
0.9692184866495166,0.4909173467931044
0.9692628404151513,0.49123435253678743
0.9693071941807859,0.49155160704249795
0.9693515479464206,0.49186900085494384
0.9693959017120554,0.492186421202006
0.9694402554776901,0.4925040637764794
0.9694846092433248,0.49282181580624485
0.9695289630089595,0.49313985971678914
0.9695733167745941,0.4934579434292579
0.9696176705402288,0.4937764417451058
0.9696620243058636,0.49409515565471085
0.9697063780714983,0.49441398565326206
0.969750731837133,0.4947334259479874
0.9697950856027677,0.49505333391532436
0.9698394393684024,0.4953734740605536
0.969883793134037,0.4956944599966763
0.9699281468996718,0.4960155288534748
0.9699725006653065,0.4963367303833546
0.9700168544309412,0.4966583796848839
0.9700612081965759,0.496980111907089
0.9701055619622106,0.4973024245740249
0.9701499157278453,0.49762542050732966
0.97019426949348,0.4979491428257546
0.9702386232591147,0.4982733195494831
0.9702829770247494,0.498597539391963
0.9703273307903841,0.4989219814618541
0.9703716845560189,0.49924713001590326
0.9704160383216536,0.49957284243054806
0.9704603920872882,0.4998994006360863
0.9705047458529229,0.5002260749305706
0.9705490996185576,0.5005532367986288
0.9705934533841923,0.5008806739633308
0.9706378071498271,0.5012094809775974
0.9706821609154618,0.5015390044265031
0.9707265146810964,0.5018686970335876
0.9707708684467311,0.5021985720661588
0.9708152222123658,0.5025287621972983
0.9708595759780005,0.502859098268827
0.9709039297436353,0.5031897859240213
0.97094828350927,0.5035228782788146
0.9709926372749047,0.5038561364749596
0.9710369910405393,0.504189643433132
0.971081344806174,0.5045233162326561
0.9711256985718087,0.5048587801187779
0.9711700523374435,0.5051949405385768
0.9712144061030782,0.5055312667997274
0.9712587598687129,0.5058678584070405
0.9713031136343476,0.5062052692706308
0.9713474673999822,0.5065429222625946
0.971391821165617,0.5068813381247759
0.9714361749312517,0.5072200690855254
0.9714805286968864,0.5075591317289782
0.9715248824625211,0.5078987748171617
0.9715692362281558,0.5082404909222409
0.9716135899937904,0.50858220702732
0.9716579437594252,0.5089240060530751
0.9717022975250599,0.5092659709201818
0.9717466512906946,0.5096081016286401
0.9717910050563293,0.5099502986736391
0.971835358821964,0.5102926947282601
0.9718797125875988,0.5106353229607734
0.9719240663532334,0.5109781170346384
0.9719684201188681,0.5113213257118824
0.9720127738845028,0.5116649489925056
0.9720571276501375,0.5120089039558321
0.9721014814157722,0.5123532735225378
0.972145835181407,0.5126982799200337
0.9721901889470416,0.5130435616141734
0.9722345427126763,0.5133897056833417
0.972278896478311,0.5137360653462673
0.9723232502439457,0.5140827732760311
0.9723676040095804,0.5144297963043633
0.9724119577752152,0.5147772239855933
0.9724563115408499,0.5151251259730891
0.9725006653064845,0.5154733098908828
0.9725450190721192,0.5158218586596501
0.9725893728377539,0.5161709547048778
0.9726337266033886,0.5165203824328088
0.9726780803690234,0.5168714851583915
0.9727224341346581,0.5172233507541919
0.9727667879002927,0.5175754319437493
0.9728111416659274,0.5179275131333069
0.9728554954315621,0.5182805064502983
0.9728998491971969,0.5186344948153998
0.9729442029628316,0.5189893389218758
0.9729885567284663,0.519344305750952
0.973032910494101,0.5197001150540946
0.9730772642597356,0.5200560437630105
0.9731216180253703,0.5204120719767372
0.9731659717910051,0.5207681797943128
0.9732103255566398,0.5211245728590131
0.9732546793222745,0.521481214685741
0.9732990330879092,0.5218381052744965
0.9733433868535439,0.522195410466631
0.9733877406191785,0.5225527156587655
0.9734320943848133,0.5229100507023433
0.973476448150448,0.5232674222310184
0.9735208019160827,0.5236248866308505
0.9735651556817174,0.5239823974662611
0.9736095094473521,0.5243402831031264
0.9736538632129867,0.5246990642832906
0.9736982169786215,0.5250580278889416
0.9737425707442562,0.525417737780675
0.9737869245098909,0.5257776466820305
0.9738312782755256,0.5261376385040618
0.9738756320411603,0.5264976900289797
0.9739199858067951,0.5268578974447681
0.9739643395724297,0.5272182707019082
0.9740086933380644,0.527579224403779
0.9740530471036991,0.5279409476095216
0.9740974008693338,0.5283027305181507
0.9741417546349685,0.5286646560503422
0.9741861084006033,0.5290267772753287
0.9742304621662379,0.5293896215686084
0.9742748159318726,0.5297535604148089
0.9743191696975073,0.530117748023037
0.974363523463142,0.5304820351360761
0.9744078772287768,0.5308472177924141
0.9744522309944115,0.5312126326266443
0.9744965847600462,0.5315792315681254
0.9745409385256808,0.5319471340226305
0.9745852922913155,0.5323155340011905
0.9746296460569502,0.5326842988307242
0.974673999822585,0.5330532958381502
0.9747183535882197,0.5334223989840412
0.9747627073538544,0.5337917442583057
0.974807061119489,0.5341616533931657
0.9748514148851237,0.5345318942107291
0.9748957686507584,0.5349026325523474
0.9749401224163932,0.5352734239631982
0.9749844761820279,0.5356442452254924
0.9750288299476626,0.5360151494084624
0.9750731837132973,0.5363862526010543
0.9751175374789319,0.536757518318171
0.9751618912445666,0.537129238440591
0.9752062450102014,0.5375012205923467
0.9752505987758361,0.5378733354171837
0.9752949525414708,0.5382455829151022
0.9753393063071055,0.5386185700654489
0.9753836600727402,0.5389921277100453
0.9754280138383749,0.5393656853546417
0.9754723676040096,0.5397402479978292
0.9755167213696443,0.5401154640559421
0.975561075135279,0.5404917249145704
0.9756054289009137,0.5408682212679181
0.9756497826665484,0.5412449066804067
0.9756941364321831,0.5416224445174427
0.9757384901978178,0.5420011432439403
0.9757828439634525,0.5423804655339202
0.9758271977290872,0.5427597944575541
0.9758715514947219,0.5431393223908099
0.9759159052603567,0.5435193146798504
0.9759602590259914,0.5439008990458668
0.976004612791626,0.5442829975200733
0.9760489665572607,0.5446651789149556
0.9760933203228954,0.5450483122391964
0.9761376740885301,0.545432729175499
0.9761820278541649,0.5458171494286286
0.9762263816197996,0.5462016857707045
0.9762707353854342,0.546586603547889
0.9763150891510689,0.5469721846904803
0.9763594429167036,0.5473579980109637
0.9764037966823383,0.5477438279155824
0.9764481504479731,0.548130155344256
0.9764925042136078,0.5485179753450945
0.9765368579792425,0.548905991038728
0.9765812117448771,0.5492945573256489
0.9766255655105118,0.5496832562856511
0.9766699192761465,0.5500729403432822
0.9767142730417813,0.5504627471235135
0.976758626807416,0.5508528723191399
0.9768029805730507,0.5512440091470114
0.9768473343386854,0.55163614433982
0.97689168810432,0.5520296692831552
0.9769360418699548,0.5524232108106257
0.9769803956355895,0.5528170011001238
0.9770247494012242,0.553211123072325
0.9770691031668589,0.5536053279652021
0.9771134569324936,0.5539999938970368
0.9771578106981282,0.5543948621553205
0.977202164463763,0.5547904932838218
0.9772465182293977,0.5551865224315671
0.9772908719950324,0.5555825515793124
0.9773352257606671,0.5559786536972523
0.9773795795263018,0.5563747657656735
0.9774239332919366,0.5567718728822044
0.9774682870575712,0.5571691458400871
0.9775126408232059,0.5575669992427006
0.9775569945888406,0.5579658874953484
0.9776013483544753,0.5583651339653156
0.97764570212011,0.5587658066709073
0.9776900558857448,0.5591664793764988
0.9777344096513794,0.5595673112897879
0.9777787634170141,0.5599685710737642
0.9778231171826488,0.5603700431346708
0.9778674709482835,0.5607721586600216
0.9779118247139182,0.5611761481926463
0.977956178479553,0.5615802040618114
0.9780005322451877,0.5619847839896479
0.9780448860108223,0.5623897685703824
0.978089239776457,0.5627949189924686
0.9781335935420917,0.5632008488689074
0.9781779473077264,0.5636073923583474
0.9782223010733612,0.5640151464896546
0.9782666548389959,0.5644232488878002
0.9783110086046305,0.5648314574244107
0.9783553623702652,0.5652407041278826
0.9783997161358999,0.5656508297905184
0.9784440699015347,0.566061041690657
0.9784884236671694,0.566471306660028
0.9785327774328041,0.566881764005367
0.9785771311984388,0.5672925629838904
0.9786214849640734,0.5677049109206382
0.9786658387297081,0.5681178791040413
0.9787101924953429,0.5685309899110068
0.9787545462609776,0.5689445385391406
0.9787989000266123,0.5693591419182709
0.978843253792247,0.5697739774752936
0.9788876075578817,0.5701895958034959
0.9789319613235163,0.5706053103196824
0.9789763150891511,0.5710213233503018
0.9790206688547858,0.5714382551420092
0.9790650226204205,0.5718552632207385
0.9791093763860552,0.5722723044677381
0.9791537301516899,0.5726901417532256
0.9791980839173245,0.5731081282959297
0.9792424376829593,0.5735261314227689
0.979286791448594,0.5739441511337432
0.9793311452142287,0.5743625688639615
0.9793754989798634,0.5747812353562073
0.9794198527454981,0.5752026879831608
0.9794642065111329,0.5756245883817638
0.9795085602767675,0.576047317987125
0.9795529140424022,0.5764711089771369
0.9795972678080369,0.5768952482339872
0.9796416215736716,0.5773199049158547
0.9796859753393063,0.5777447241222468
0.9797303291049411,0.578169858427207
0.9797746828705757,0.5785952481278488
0.9798190366362104,0.5790219081732443
0.9798633904018451,0.5794498286129122
0.9799077441674798,0.5798784455862571
0.9799520979331146,0.5803082234490636
0.9799964516987493,0.5807394772998997
0.980040805464384,0.5811713049618127
0.9800851592300186,0.5816044162357874
0.9801295129956533,0.5820390034977917
0.980173866761288,0.5824762707560389
0.9802182205269228,0.5829142577657521
0.9802625742925575,0.583352403983163
0.9803069280581922,0.5837911538630939
0.9803512818238268,0.5842303017622686
0.9803956355894615,0.5846695325821193
0.9804399893550962,0.5851097086976744
0.980484343120731,0.5855499511497702
0.9805286968863657,0.5859906745417857
0.9805730506520004,0.5864335538713726
0.9806174044176351,0.5868784232971795
0.9806617581832697,0.5873235414850139
0.9807061119489044,0.5877712832830312
0.9807504657145392,0.5882190549324919
0.9807948194801739,0.5886677387093868
0.9808391732458086,0.589116764119466
0.9808835270114433,0.5895658724502211
0.980927880777078,0.590016168205054
0.9809722345427127,0.5904664805440221
0.9810165883083474,0.5909175690205158
0.9810609420739821,0.5913697686340657
0.9811052958396168,0.5918224923062867
0.9811496496052515,0.5922759523141091
0.9811940033708862,0.5927325633076128
0.9812383571365209,0.5931916785055266
0.9812827109021556,0.5936511320197977
0.9813270646677903,0.594111010087929
0.981371418433425,0.5945710374132769
0.9814157721990597,0.5950312471641115
0.9814601259646945,0.5954916227562977
0.9815044797303292,0.5959525787932148
0.9815488334959638,0.5964139826017815
0.9815931872615985,0.5968790846724898
0.9816375410272332,0.5973445184259015
0.9816818947928679,0.5978103667826924
0.9817262485585027,0.5982793827092997
0.9817706023241374,0.5987487137344752
0.981814956089772,0.5992182139178295
0.9818593098554067,0.5996881253877357
0.9819036636210414,0.6001583519562101
0.9819480173866761,0.6006291755535506
0.9819923711523109,0.6011001649922426
0.9820367249179456,0.6015722224492392
0.9820810786835803,0.602046197032261
0.9821254324492149,0.6025210074556951
0.9821697862148496,0.6029960600075026
0.9822141399804843,0.6034713215194132
0.9822584937461191,0.6039481651578185
0.9823028475117538,0.6044253504294083
0.9823472012773885,0.6049030199577448
0.9823915550430231,0.6053811405745578
0.9824359088086578,0.6058598250519666
0.9824802625742926,0.6063395211616204
0.9825246163399273,0.6068199635573566
0.982568970105562,0.6073025618906642
0.9826133238711967,0.6077868683898939
0.9826576776368314,0.6082721666204064
0.982702031402466,0.6087583139586394
0.9827463851681008,0.609244809563711
0.9827907389337355,0.6097328806616231
0.9828350926993702,0.6102227760144036
0.9828794464650049,0.6107137725537589
0.9829238002306396,0.6112059067647866
0.9829681539962744,0.6116982897378418
0.983012507761909,0.6121908319185945
0.9830568615275437,0.6126837787522452
0.9831012152931784,0.6131772396940861
0.9831455690588131,0.6136709493979545
0.9831899228244478,0.614165571229257
0.9832342765900826,0.614660441822587
0.9832786303557172,0.6151556109303498
0.9833229841213519,0.6156517419179524
0.9833673378869866,0.6161482045882581
0.9834116916526213,0.616645479881187
0.983456045418256,0.6171428513620999
0.9835003991838908,0.6176402924963804
0.9835447529495255,0.6181388945201226
0.9835891067151601,0.6186376690188704
0.9836334604807948,0.6191364700522345
0.9836778142464295,0.6196356525207074
0.9837221680120642,0.6201349179098561
0.983766521777699,0.6206355929504939
0.9838108755433337,0.6211368318517273
0.9838552293089683,0.6216386677818266
0.983899583074603,0.6221420626206314
0.9839439368402377,0.6226454906277067
0.9839882906058725,0.6231502287814599
0.9840326443715072,0.6236569901997033
0.9840769981371419,0.6241637980535252
0.9841213519027766,0.6246712062530401
0.9841657056684112,0.6251791783131505
0.9842100594340459,0.6256888087867775
0.9842544131996807,0.6261987742599348
0.9842987669653154,0.6267089122080979
0.9843431207309501,0.6272219424294336
0.9843874744965848,0.6277355530955003
0.9844318282622195,0.6282491637615669
0.9844761820278541,0.6287629071007149
0.9845205357934889,0.6292770152908365
0.9845648895591236,0.6297923672910954
0.9846092433247583,0.6303084489933016
0.984653597090393,0.6308264047027816
0.9846979508560277,0.6313458364002913
0.9847423046216623,0.631865583196369
0.9847866583872971,0.6323866666737411
0.9848310121529318,0.6329085196549848
0.9848753659185665,0.6334317491194473
0.9849197196842012,0.6339553102666131
0.9849640734498359,0.6344793689378337
0.9850084272154707,0.6350052684480578
0.9850527809811053,0.635531980580905
0.98509713474674,0.6360601355335116
0.9851414885123747,0.6365894347914445
0.9851858422780094,0.6371192149892972
0.9852301960436441,0.6376494097905291
0.9852745498092789,0.6381798533537884
0.9853189035749135,0.638713746417162
0.9853632573405482,0.6392486676969159
0.9854076111061829,0.6397839438771624
0.9854519648718176,0.6403193693146254
0.9854963186374524,0.6408549705439212
0.9855406724030871,0.6413916331578674
0.9855850261687218,0.641928627454517
0.9856293799343564,0.6424656217511665
0.9856737336999911,0.6430045464411493
0.9857180874656258,0.6435443600407771
0.9857624412312606,0.6440855003712179
0.9858067949968953,0.6446274533242818
0.98585114876253,0.6451744810227065
0.9858955025281646,0.6457221057499969
0.9859398562937993,0.6462698598335417
0.985984210059434,0.6468186288661586
0.9860285638250688,0.6473675305718567
0.9860729175907035,0.6479171951477725
0.9861172713563382,0.6484674567525542
0.9861616251219729,0.6490199804333726
0.9862059788876075,0.6495769586128962
0.9862503326532422,0.6501346001578265
0.986294686418877,0.6506953097677624
0.9863390401845117,0.6512583411566213
0.9863833939501464,0.6518219032378055
0.9864277477157811,0.6523864271988294
0.9864721014814158,0.6529510672487995
0.9865164552470504,0.6535158233877155
0.9865608090126852,0.6540814253175251
0.9866051627783199,0.654647856454093
0.9866495165439546,0.6552153655594466
0.9866938703095893,0.6557830803080762
0.986738224075224,0.6563509509475765
0.9867825778408587,0.6569197071798943
0.9868269316064934,0.6574916940017426
0.9868712853721281,0.6580669147299479
0.9869156391377628,0.6586423842201808
0.9869599929033975,0.6592184175710093
0.9870043466690323,0.6597955288906235
0.987048700434667,0.6603742190199055
0.9870930542003016,0.660952972168901
0.9871374079659363,0.6615336159093055
0.987181761731571,0.6621158848949561
0.9872261154972057,0.6626991489287166
0.9872704692628405,0.6632829934072079
0.9873148230284752,0.6638697401093532
0.9873591767941098,0.6644573160182566
0.9874035305597445,0.6650457277675724
0.9874478843253792,0.6656425907921685
0.9874922380910139,0.6662413609923085
0.9875365918566487,0.6668402804496649
0.9875809456222834,0.6674393823325082
0.9876252993879181,0.6680395290158668
0.9876696531535527,0.6686402063915509
0.9877140069191874,0.6692415537662956
0.9877583606848221,0.6698444766338809
0.9878027144504569,0.6704477013327262
0.9878470682160916,0.6710516126147674
0.9878914219817263,0.6716562701828911
0.9879357757473609,0.6722611930971775
0.9879801295129956,0.6728662818528154
0.9880244832786303,0.6734716027863457
0.9880688370442651,0.6740775207487418
0.9881131908098998,0.6746837969284576
0.9881575445755345,0.6752907232062719
0.9882018983411692,0.675898140374487
0.9882462521068038,0.6765056769484753
0.9882906058724386,0.6771133196609287
0.9883349596380733,0.6777212940560854
0.988379313403708,0.678329351371918
0.9884236671693427,0.6789374916084263
0.9884680209349774,0.679545963527638
0.9885123747006122,0.6801553144060133
0.9885567284662468,0.6807712624533574
0.9886010822318815,0.6813872801540692
0.9886454359975162,0.6820047738428108
0.9886897897631509,0.6826228711940723
0.9887341435287856,0.6832433997795491
0.9887784972944204,0.6838641306914748
0.988822851060055,0.684486201601522
0.9888672048256897,0.6851091017183273
0.9889115585913244,0.685732234013025
0.9889559123569591,0.6863565603654547
0.9890002661225938,0.6869817822611831
0.9890446198882286,0.6876124437532458
0.9890889736538633,0.6882439344520668
0.9891333274194979,0.6888761714369701
0.9891776811851326,0.6895088727776582
0.9892220349507673,0.6901416404548868
0.989266388716402,0.6907751544181979
0.9893107424820368,0.6914096368950027
0.9893550962476715,0.6920502820364348
0.9893994500133061,0.6926922903937776
0.9894438037789408,0.6933344281073747
0.9894881575445755,0.6939813420518992
0.9895325113102102,0.6946285545108568
0.989576865075845,0.6952758996428957
0.9896212188414797,0.6959275732342128
0.9896655726071144,0.6965832369684505
0.989709926372749,0.6972399687209929
0.9897542801383837,0.6978986905697552
0.9897986339040185,0.6985574953391932
0.9898429876696532,0.699216963474038
0.9898873414352879,0.6998778080921012
0.9899316952009226,0.7005393558774956
0.9899760489665572,0.7012021905917788
0.9900204027321919,0.7018650684248134
0.9900647564978267,0.7025284006631516
0.9901091102634614,0.7031920148317875
0.9901534640290961,0.7038560270196675
0.9901978177947308,0.7045256943976388
0.9902421715603655,0.705196058309287
0.9902865253260001,0.7058673177642342
0.9903308790916349,0.7065388093970736
0.9903752328572696,0.7072112894443688
0.9904195866229043,0.7078843433027409
0.990463940388539,0.7085582396351793
0.9905082941541737,0.7092371277923024
0.9905526479198085,0.7099187689158629
0.9905970016854431,0.7106012326125277
0.9906413554510778,0.7112867079881385
0.9906857092167125,0.7119727936599234
0.9907300629823472,0.7126616986346863
0.990774416747982,0.71335066994599
0.9908187705136167,0.7140410177405123
0.9908631242792513,0.7147353523611284
0.990907478044886,0.7154303105452265
0.9909518318105207,0.7161262737279157
0.9909961855761554,0.7168229732462064
0.9910405393417901,0.7175238486497315
0.9910848931074249,0.7182269330600607
0.9911292468730596,0.7189312181617759
0.9911736006386942,0.7196388963775459
0.9912179544043289,0.7203487802832927
0.9912623081699636,0.7210602396818804
0.9913066619355984,0.721779742386023
0.9913510157012331,0.7224994341493066
0.9913953694668678,0.7232204294256143
0.9914397232325024,0.7239426021755185
0.9914840769981371,0.7246662343293175
0.9915284307637718,0.7253904635119823
0.9915727845294066,0.7261151238821614
0.9916171382950413,0.7268452503832908
0.991661492060676,0.7275771978224617
0.9917058458263107,0.7283115267434421
0.9917501995919453,0.7290501012030248
0.99179455335758,0.7297910471939362
0.9918389071232148,0.7305324907089025
0.9918832608888495,0.7312799708490689
0.9919276146544842,0.7320276665829926
0.9919719684201189,0.7327797902810054
0.9920163221857536,0.7335355890233707
0.9920606759513882,0.7342931523177176
0.992105029717023,0.735055790357425
0.9921493834826577,0.7358190950793662
0.9921937372482924,0.7365833152455683
0.9922380910139271,0.7373552735692386
0.9922824447795618,0.7381357893066542
0.9923267985451965,0.738920849097105
0.9923711523108312,0.7397129073925955
0.9924155060764659,0.7405053802914652
0.9924598598421006,0.7413013192745845
0.9925042136077353,0.7420993146904642
0.99254856737337,0.742902129456023
0.9925929211390048,0.7437080321875494
0.9926372749046394,0.7445182335269108
0.9926816286702741,0.745330922486547
0.9927259824359088,0.7461454522851864
0.9927703362015435,0.7469625526247764
0.9928146899671783,0.7477801504884214
0.992859043732813,0.7485983287967971
0.9929033974984476,0.7494170875499037
0.9929477512640823,0.7502375047165267
0.992992105029717,0.751058552080286
0.9930364587953517,0.7518796326123157
0.9930808125609865,0.7527028126958573
0.9931251663266212,0.7535268617880816
0.9931695200922559,0.7543555212698818
0.9932138738578905,0.7551850696613268
0.9932582276235252,0.756022767496792
0.9933025813891599,0.7568650923059682
0.9933469351547947,0.7577093077065534
0.9933912889204294,0.7585538614234959
0.9934356426860641,0.7593984416750548
0.9934799964516987,0.7602456588041047
0.9935243502173334,0.7610965078587559
0.9935687039829681,0.7619519175505776
0.9936130577486029,0.7628098811992148
0.9936574115142376,0.7636721235547245
0.9937017652798723,0.7645343692270612
0.993746119045507,0.7653975734624106
0.9937904728111416,0.7662670863027767
0.9938348265767764,0.7671376207258691
0.9938791803424111,0.7680121685096715
0.9939235341080458,0.7688901923282044
0.9939678878736805,0.7697720006463821
0.9940122416393152,0.770661573656644
0.99405659540495,0.771552141715016
0.9941009491705846,0.7724495092688056
0.9941453029362193,0.7733520842410372
0.994189656701854,0.7742571468335435
0.9942340104674887,0.7751650950655685
0.9942783642331234,0.776073275475486
0.9943227179987582,0.7769863979576825
0.9943670717643928,0.7779042303342661
0.9944114255300275,0.7788259433984783
0.9944557792956622,0.7797491822031257
0.9945001330612969,0.780684859109147
0.9945444868269316,0.7816206189358441
0.9945888405925664,0.7825656492940986
0.9946331943582011,0.7835283583404392
0.9946775481238357,0.7844918833262299
0.9947219018894704,0.7854652626051357
0.9947662556551051,0.786439083022037
0.9948106094207398,0.7874142965062922
0.9948549631863746,0.7883901733559541
0.9948993169520093,0.7893663818883192
0.9949436707176439,0.7903537681277856
0.9949880244832786,0.7913428459490388
0.9950323782489133,0.792338136187325
0.995076732014548,0.7933389058238698
0.9951210857801828,0.79434002704408
0.9951654395458175,0.7953472644933393
0.9952097933114522,0.7963565053061263
0.9952541470770868,0.7973710663094745
0.9952985008427215,0.7983887882489851
0.9953428546083563,0.7994241358073493
0.995387208373991,0.8004615397984741
0.9954315621396257,0.8015073685302627
0.9954759159052604,0.8025563150794625
0.995520269670895,0.8036122170149504
0.9955646234365297,0.8046749283963373
0.9956089772021645,0.8057427178399117
0.9956533309677992,0.8068135886157999
0.9956976847334339,0.8078968643247916
0.9957420384990686,0.8089805048847569
0.9957863922647033,0.8100715088007355
0.9958307460303379,0.811164602317745
0.9958750997959727,0.8122646280032535
0.9959194535616074,0.8133830620787955
0.9959638073272421,0.814504766545792
0.9960081610928768,0.8156416090113673
0.9960525148585115,0.8167850287449491
0.9960968686241463,0.8179284716963201
0.9961412223897809,0.8190988506000265
0.9961855761554156,0.8202726690533662
0.9962299299210503,0.821458341846522
0.996274283686685,0.8226470893383375
0.9963186374523197,0.8238417440990987
0.9963629912179545,0.8250381899464578
0.9964073449835891,0.8262364169299337
0.9964516987492238,0.8274439907319886
0.9964960525148585,0.828653126759576
0.9965404062804932,0.829863503280474
0.996584760046128,0.831098490657957
0.9966291138117627,0.8323463804925985
0.9966734675773974,0.8336244866215111
0.996717821343032,0.8349086957121644
0.9967621751086667,0.8361992830612023
0.9968065288743014,0.83749345921709
0.9968508826399362,0.8388234106693561
0.9968952364055709,0.8401568083049095
0.9969395901712056,0.8414949821713905
0.9969839439368402,0.8428383800404485
0.9970282977024749,0.8441868858231374
0.9970726514681096,0.8455355408630428
0.9971170052337444,0.8468880765905769
0.9971613589993791,0.8482425029095197
0.9972057127650138,0.8496260178015426
0.9972500665306485,0.8510204782227743
0.9972944202962831,0.8524160995334676
0.9973387740619178,0.8538132167331528
0.9973831278275526,0.8552231999048993
0.9974274815931873,0.8566373025758206
0.997471835358822,0.8580602512244391
0.9975161891244567,0.8594986927721289
0.9975605428900914,0.8609403682261759
0.997604896655726,0.8623840304596158
0.9976492504213608,0.8638378289164687
0.9976936041869955,0.8653086725474444
0.9977379579526302,0.8667908132912946
0.9977823117182649,0.8682967191008366
0.9978266654838996,0.8698116035611569
0.9978710192495343,0.8713285212364485
0.997915373015169,0.8728582750323581
0.9979597267808037,0.8744047456365143
0.9980040805464384,0.8759525098032132
0.9980484343120731,0.8775119989534739
0.9980927880777078,0.879103545237009
0.9981371418433426,0.8807001529985966
0.9981814956089772,0.8823070230230243
0.9982258493746119,0.8839480895341628
0.9982702031402466,0.8855957167291727
0.9983145569058813,0.8872546111856138
0.998358910671516,0.8889360733331877
0.9984032644371508,0.890666763827586
0.9984476182027854,0.8923991757552144
0.9984919719684201,0.8941576678938037
0.9985363257340548,0.8959401705432852
0.9985806794996895,0.8977426902439111
0.9986250332653243,0.899561777495567
0.998669387030959,0.9013940756692954
0.9987137407965937,0.9032319295283043
0.9987580945622283,0.9050784403058694
0.998802448327863,0.906961933704853
0.9988468020934977,0.9088534206569862
0.9988911558591325,0.910786434283573
0.9989355096247672,0.9128088032304299
0.9989798633904019,0.9149123681030559
0.9990242171560365,0.9171862818952717
0.9990685709216712,0.9195292221748722
0.999112924687306,0.9218741359665574
0.9991572784529407,0.9242425163095014
0.9992016322185754,0.926688344563667
0.9992459859842101,0.9291641237659408
0.9992903397498448,0.9316743979693584
0.9993346935154794,0.9342096677812969
0.9993790472811142,0.9368364289501149
0.9994234010467489,0.9395534078142317
0.9994677548123836,0.9424425532191525
0.9995121085780183,0.9454004332306791
0.999556462343653,0.9483929409164308
0.9996008161092877,0.951960586409712
0.9996451698749224,0.9556025454126685
0.9996895236405571,0.9597179980587269
0.9997338774061918,0.9638566353257464
0.9997782311718265,0.9681563377134903
0.9998225849374612,0.9724832977857918
0.999866938703096,0.9769917446828603
0.9999112924687306,0.9820578662931294
0.9999556462343653,0.9880624011917221
1.0,0.9999999999999993
