regime,held_out_university,target_kind,pctl,layer,model,best_rule_name,best_rule_lift_top10,beats_best_rule,meets_2x,sufficient,n,n_pos,base_rate,prec_top5,prec_top10,recall_top10,lift_top5,lift_top10,capture_top10,pr_auc,roc_auc,brier,target,n_train,train_base_rate,lift_top10_ci_lo,lift_top10_ci_hi,capture_top10_ci_lo,capture_top10_ci_hi,lift_rule_upm_count_prevyear,lift_rule_upm_cost_prevyear,lift_rule_upm_labour_prevyear,lift_rule_trend_up_ppm_down
louo,1,occurrence,75,M0,gbdt,rule_upm_count_prevyear,2.4982670839964443,True,True,True,28273,11217,0.39673893820959927,0.9957567185289957,0.9918670438472419,0.2500668627975394,2.5098537668690644,2.5000496505922323,0.2500668627975394,0.8684156054534378,0.8898012003649312,0.13812473683623117,occurrence,486702,0.2837259760592724,2.3297354101017964,2.6694084926702293,0.23302857024244866,0.26695225391141225,2.4982670839964443,2.4002259212281216,2.433203403250194,2.050842868453735
louo,1,occurrence,75,M0,logreg,rule_upm_count_prevyear,2.4982670839964443,False,True,False,28273,11217,0.39673893820959927,0.9964639321074965,0.9911598302687411,0.24988856200410092,2.5116363334648524,2.4982670839964443,0.24988856200410092,0.8622185584956052,0.8827569260491606,0.14013566629753832,occurrence,486702,0.2837259760592724,2.3273257497780593,2.6744644622716898,0.23278885702569446,0.2674578710469391,2.4982670839964443,2.4002259212281216,2.433203403250194,2.050842868453735
louo,1,occurrence,75,M1,gbdt,rule_upm_count_prevyear,2.4982670839964443,True,True,True,28273,11217,0.39673893820959927,0.9964639321074965,0.9925742574257426,0.250245163590978,2.5116363334648524,2.50183221718802,0.250245163590978,0.8683385396119383,0.8898605808223614,0.13746964289139202,occurrence,486702,0.2837259760592724,2.329251034926166,2.6754653481868904,0.23294113318190124,0.26755796343991717,2.4982670839964443,2.4002259212281216,2.433203403250194,2.050842868453735
louo,1,occurrence,75,M1,logreg,rule_upm_count_prevyear,2.4982670839964443,False,True,False,28273,11217,0.39673893820959927,0.9964639321074965,0.9911598302687411,0.24988856200410092,2.5116363334648524,2.4982670839964443,0.24988856200410092,0.8625689208137882,0.8829898717078959,0.14009123188572883,occurrence,486702,0.2837259760592724,2.3275928208622534,2.6745417723098814,0.23282537143917734,0.2674656038028933,2.4982670839964443,2.4002259212281216,2.433203403250194,2.050842868453735
louo,1,occurrence,75,M1_nosys,gbdt,rule_upm_count_prevyear,2.4982670839964443,True,True,True,28273,11217,0.39673893820959927,0.9957567185289957,0.9918670438472419,0.2500668627975394,2.5098537668690644,2.5000496505922323,0.2500668627975394,0.8680288290271357,0.8894942702262262,0.137781595082197,occurrence,486702,0.2837259760592724,2.3296747708976295,2.674335612208037,0.23302381565690983,0.2674449831203487,2.4982670839964443,2.4002259212281216,2.433203403250194,2.050842868453735
louo,1,occurrence,75,M1_nosys,logreg,rule_upm_count_prevyear,2.4982670839964443,True,True,True,28273,11217,0.39673893820959927,0.9957567185289957,0.9915134370579916,0.24997771240082017,2.5098537668690644,2.4991583672943385,0.24997771240082017,0.859413846794187,0.8790328532592833,0.14242173397945168,occurrence,486702,0.2837259760592724,2.3275739327703047,2.671259509953117,0.2328234825083122,0.2671274747687471,2.4982670839964443,2.4002259212281216,2.433203403250194,2.050842868453735
louo,1,severity_labour,75,M0,gbdt,rule_upm_count_prevyear,5.829651855069124,True,True,True,28273,3351,0.11852297244721112,0.888967468175389,0.7118104667609618,0.6007162041181737,7.500381148231206,6.0056751198844145,0.6007162041181737,0.7239644941201804,0.9159571895947706,0.12172478352157892,severity_labour,486702,0.06684788638633085,5.476076391973854,6.467871627726907,0.5477362949205252,0.6467908333053212,5.829651855069124,5.531307338433038,5.632744474089306,3.508531515640373
louo,1,severity_labour,75,M0,logreg,rule_upm_count_prevyear,5.829651855069124,True,True,True,28273,3351,0.11852297244721112,0.8826025459688827,0.7107496463932107,0.5998209489704566,7.446679135236711,5.996724784385331,0.5998209489704566,0.7122078737776453,0.9094450364037618,0.13690434656133324,severity_labour,486702,0.06684788638633085,5.4450290662148495,6.428467777127399,0.5445972581995999,0.6429752961468064,5.829651855069124,5.531307338433038,5.632744474089306,3.508531515640373
louo,1,severity_labour,75,M1,gbdt,rule_upm_count_prevyear,5.829651855069124,True,True,True,28273,3351,0.11852297244721112,0.9073550212164073,0.727015558698727,0.6135481945687854,7.655520296881971,6.133963262037931,0.6135481945687854,0.745496765486023,0.9225825279138294,0.11481932918653824,severity_labour,486702,0.06684788638633085,5.585536375100014,6.603443192504628,0.558686165335387,0.6605303254781657,5.829651855069124,5.531307338433038,5.632744474089306,3.508531515640373
louo,1,severity_labour,75,M1,logreg,rule_upm_count_prevyear,5.829651855069124,True,True,True,28273,3351,0.11852297244721112,0.8854314002828855,0.7171145685997171,0.6051924798567592,7.470546696567598,6.050426797379828,0.6051924798567592,0.7178977600155262,0.9119306368965772,0.13255336803516338,severity_labour,486702,0.06684788638633085,5.499785753696498,6.488423908952069,0.5499809460440359,0.6490554571817179,5.829651855069124,5.531307338433038,5.632744474089306,3.508531515640373
louo,1,severity_labour,75,M1_nosys,gbdt,rule_upm_count_prevyear,5.829651855069124,True,True,True,28273,3351,0.11852297244721112,0.9052333804809052,0.7248939179632249,0.6117576842733512,7.637619625883805,6.116062591039767,0.6117576842733512,0.7448314826141784,0.9232780372045173,0.11603490417940875,severity_labour,486702,0.06684788638633085,5.607753096687128,6.638044365882246,0.5608696854615997,0.6639921047028706,5.829651855069124,5.531307338433038,5.632744474089306,3.508531515640373
louo,1,severity_labour,75,M1_nosys,logreg,rule_upm_count_prevyear,5.829651855069124,True,True,True,28273,3351,0.11852297244721112,0.8734087694483734,0.7012022630834512,0.5917636526410027,7.369109560911329,5.916171764893589,0.5917636526410027,0.7087454223060992,0.9119558663136417,0.13497132128997844,severity_labour,486702,0.06684788638633085,5.4025245273604,6.369009408140421,0.5403583939598415,0.6371100867400621,5.829651855069124,5.531307338433038,5.632744474089306,3.508531515640373
louo,1,severity_labour,50,M0,gbdt,rule_upm_count_prevyear,4.368218094395914,True,True,True,28273,5811,0.20553177943621123,0.9837340876944838,0.9137199434229137,0.4446738943383239,4.7862870179635415,4.445638265426956,0.4446738943383239,0.794424410670545,0.9078697794524493,0.12865082250347307,severity_labour,486702,0.13225546638394747,4.0105343035207275,4.878759071258297,0.40106862088015116,0.4879788739574398,4.368218094395914,4.075741892723087,4.1720869944506065,2.8989552930512463
louo,1,severity_labour,50,M0,logreg,rule_upm_count_prevyear,4.368218094395914,True,True,True,28273,5811,0.20553177943621123,0.9759547383309759,0.9126591230551626,0.4441576320770952,4.748437156570587,4.440476920691553,0.4441576320770952,0.7833252215716427,0.9001355868373334,0.13542782266739975,severity_labour,486702,0.13225546638394747,4.013511751934949,4.8549185065078335,0.4013657214935203,0.48565230596418757,4.368218094395914,4.075741892723087,4.1720869944506065,2.8989552930512463
louo,1,severity_labour,50,M1,gbdt,rule_upm_count_prevyear,4.368218094395914,True,True,True,28273,5811,0.20553177943621123,0.9844413012729845,0.92008486562942,0.4477714679056961,4.78972791445381,4.4766063338393725,0.4477714679056961,0.8032287090483086,0.9116722816872032,0.12618976366680681,severity_labour,486702,0.13225546638394747,4.043020610367041,4.925348467385446,0.40430313989042205,0.49269580666373075,4.368218094395914,4.075741892723087,4.1720869944506065,2.8989552930512463
louo,1,severity_labour,50,M1,logreg,rule_upm_count_prevyear,4.368218094395914,True,True,True,28273,5811,0.20553177943621123,0.9787835926449788,0.9133663366336634,0.4445018069179143,4.762200742531662,4.443917817181822,0.4445018069179143,0.7850214850482321,0.9010753257330175,0.13375002135904504,severity_labour,486702,0.13225546638394747,4.023796115047569,4.85711857770801,0.4023964268319514,0.48587263347590104,4.368218094395914,4.075741892723087,4.1720869944506065,2.8989552930512463
louo,1,severity_labour,50,M1_nosys,gbdt,rule_upm_count_prevyear,4.368218094395914,True,True,True,28273,5811,0.20553177943621123,0.9837340876944838,0.9207920792079208,0.4481156427465152,4.7862870179635415,4.4800472303296415,0.4481156427465152,0.802588748941283,0.9114254356055722,0.12713150671735485,severity_labour,486702,0.13225546638394747,4.055481288687593,4.899730400994567,0.40561956239758934,0.49007597701266237,4.368218094395914,4.075741892723087,4.1720869944506065,2.8989552930512463
louo,1,severity_labour,50,M1_nosys,logreg,rule_upm_count_prevyear,4.368218094395914,True,True,True,28273,5811,0.20553177943621123,0.9745403111739745,0.9084158415841584,0.44209258303218035,4.7415553635900505,4.419831541749942,0.44209258303218035,0.7821481933671669,0.9004867296021514,0.13406679388480106,severity_labour,486702,0.13225546638394747,4.004515364849051,4.792864430424264,0.40052204556452764,0.4793918794456184,4.368218094395914,4.075741892723087,4.1720869944506065,2.8989552930512463
louo,1,severity_labour,90,M0,gbdt,rule_upm_count_prevyear,6.903661593780861,True,True,True,28273,1564,0.05531779436211226,0.5735502121640735,0.3939179632248939,0.7122762148337596,10.368276949178293,7.120999088399889,0.7122762148337596,0.5721402548140878,0.9177135541254091,0.10698100839268297,severity_labour,486702,0.02693640050790833,6.595036418980849,7.499874604883442,0.6597221034258123,0.7500376960193004,6.903661593780861,6.88448475602036,6.858915639006357,3.975997695677496
louo,1,severity_labour,90,M0,logreg,rule_upm_count_prevyear,6.903661593780861,True,True,True,28273,1564,0.05531779436211226,0.5862800565770863,0.3953323903818953,0.7148337595907929,10.598399002304323,7.146568205413892,0.7148337595907929,0.5857003525473883,0.915980240383736,0.14744794660790678,severity_labour,486702,0.02693640050790833,6.681503989460372,7.523383357110504,0.6683690206967624,0.7524419185887057,6.903661593780861,6.88448475602036,6.858915639006357,3.975997695677496
louo,1,severity_labour,90,M1,gbdt,rule_upm_count_prevyear,6.903661593780861,True,True,True,28273,1564,0.05531779436211226,0.6152758132956153,0.40381895332390383,0.7301790281329923,11.12256590109139,7.2999829074979115,0.7301790281329923,0.6176756115715866,0.9263758856344964,0.09882055556017015,severity_labour,486702,0.02693640050790833,6.914591403914877,7.695021033714722,0.6916554008293739,0.7696115235108199,6.903661593780861,6.88448475602036,6.858915639006357,3.975997695677496
louo,1,severity_labour,90,M1,logreg,rule_upm_count_prevyear,6.903661593780861,True,True,True,28273,1564,0.05531779436211226,0.5919377652050919,0.4055869872701556,0.7333759590792839,10.700675470360334,7.331944303765415,0.7333759590792839,0.5906621273278478,0.9192663200877047,0.1377183354766707,severity_labour,486702,0.02693640050790833,6.8216898483854695,7.618817450016752,0.6823764839908862,0.762075564778101,6.903661593780861,6.88448475602036,6.858915639006357,3.975997695677496
louo,1,severity_labour,90,M1_nosys,gbdt,rule_upm_count_prevyear,6.903661593780861,True,True,True,28273,1564,0.05531779436211226,0.6145685997171145,0.4034653465346535,0.729539641943734,11.109781342584386,7.293590628244411,0.729539641943734,0.6081304917148246,0.9266867572153759,0.1019980579202794,severity_labour,486702,0.02693640050790833,6.860518056237526,7.623569021550942,0.6860571185369793,0.7625010451505017,6.903661593780861,6.88448475602036,6.858915639006357,3.975997695677496
louo,1,severity_labour,90,M1_nosys,logreg,rule_upm_count_prevyear,6.903661593780861,True,True,True,28273,1564,0.05531779436211226,0.5785007072135785,0.39427157001414426,0.7129156010230179,10.457768858727306,7.12739136765339,0.7129156010230179,0.5723338890406298,0.9176729057391213,0.1423287472211,severity_labour,486702,0.02693640050790833,6.638489221655408,7.508683162146609,0.664003641598916,0.7510219774926568,6.903661593780861,6.88448475602036,6.858915639006357,3.975997695677496
louo,2,occurrence,75,M0,gbdt,rule_upm_count_prevyear,2.9152210997618315,True,True,True,15869,4953,0.3121179658453589,0.9609571788413098,0.9269061121613107,0.29699172218857256,3.078826866754037,2.969730081544082,0.29699172218857256,0.7661986457626577,0.8503429303980687,0.1643688522079604,occurrence,499106,0.28922513454055854,2.766059414290142,3.186623866331153,0.27666880234029545,0.31874395465306155,2.9152210997618315,2.4710738407953476,2.513469715514876,2.176321568935772
louo,2,occurrence,75,M0,logreg,rule_upm_count_prevyear,2.9152210997618315,True,True,True,15869,4953,0.3121179658453589,0.9496221662468514,0.9130434782608695,0.29254996971532404,3.042510429269389,2.925315355647433,0.29254996971532404,0.7551147024057119,0.8459618434537862,0.16357975407207873,occurrence,499106,0.28922513454055854,2.7233132413078946,3.147725933749666,0.27236495270712185,0.31479645408912227,2.9152210997618315,2.4710738407953476,2.513469715514876,2.176321568935772
louo,2,occurrence,75,M1,gbdt,rule_upm_count_prevyear,2.9152210997618315,True,True,True,15869,4953,0.3121179658453589,0.9622166246851386,0.923755513547574,0.295982232990107,3.0828620264745537,2.95963582565848,0.295982232990107,0.7651389825105214,0.851806930178489,0.16087105835370044,occurrence,499106,0.28922513454055854,2.755592241723034,3.1685882388496482,0.2755912800585818,0.31688123056048934,2.9152210997618315,2.4710738407953476,2.513469715514876,2.176321568935772
louo,2,occurrence,75,M1,logreg,rule_upm_count_prevyear,2.9152210997618315,True,True,True,15869,4953,0.3121179658453589,0.9521410579345088,0.9161940768746062,0.2935594589137896,3.0505807487104217,2.9354096115330357,0.2935594589137896,0.7569007831801359,0.8467699711846135,0.16241206059393265,occurrence,499106,0.28922513454055854,2.721621579749253,3.151623489149709,0.27219381879812915,0.3152528511875722,2.9152210997618315,2.4710738407953476,2.513469715514876,2.176321568935772
louo,2,occurrence,75,M1_nosys,gbdt,rule_upm_count_prevyear,2.9152210997618315,True,True,True,15869,4953,0.3121179658453589,0.9609571788413098,0.9212350346565847,0.29517464163133456,3.078826866754037,2.9515604209499986,0.29517464163133456,0.7640431183344082,0.8511934407690258,0.16163882167197416,occurrence,499106,0.28922513454055854,2.7471783669633507,3.1628634785366363,0.27474979478669626,0.3163313484609718,2.9152210997618315,2.4710738407953476,2.513469715514876,2.176321568935772
louo,2,occurrence,75,M1_nosys,logreg,rule_upm_count_prevyear,2.9152210997618315,True,True,True,15869,4953,0.3121179658453589,0.9521410579345088,0.9124133585381222,0.29234807187563094,3.0505807487104217,2.923296504470313,0.29234807187563094,0.7525514751764262,0.8412620590309628,0.16330558864230738,occurrence,499106,0.28922513454055854,2.7211759305654026,3.1432810865658434,0.2721510414206076,0.3143954455846055,2.9152210997618315,2.4710738407953476,2.513469715514876,2.176321568935772
louo,2,severity_labour,75,M0,gbdt,rule_upm_count_prevyear,4.7529319818709155,False,True,False,15869,1702,0.10725313504316591,0.654911838790932,0.499054820415879,0.46533490011750883,6.106225599161751,4.653055784476842,0.46533490011750883,0.4941047322483822,0.8426941692752317,0.10980433161474631,severity_labour,499106,0.06780723934394697,4.328734116495114,5.028290697349336,0.4329524373622526,0.5031029537780733,4.7529319818709155,4.259426065335493,4.371052403599458,3.0315363444318817
louo,2,severity_labour,75,M0,logreg,rule_upm_count_prevyear,4.7529319818709155,False,True,False,15869,1702,0.10725313504316591,0.6586901763224181,0.4952741020793951,0.4618096357226792,6.1414538237722995,4.617805361867169,0.4618096357226792,0.48376021115111484,0.828871704712222,0.11506885177412399,severity_labour,499106,0.06780723934394697,4.2783652131224486,4.911180144987805,0.42797322691187795,0.4912168445051312,4.7529319818709155,4.259426065335493,4.371052403599458,3.0315363444318817
louo,2,severity_labour,75,M1,gbdt,rule_upm_count_prevyear,4.7529319818709155,True,True,True,15869,1702,0.10725313504316591,0.6662468513853904,0.5192186515437933,0.48413631022326675,6.211910272993396,4.841058038395098,0.48413631022326675,0.5168885260167333,0.8530283216395461,0.11801631519142826,severity_labour,499106,0.06780723934394697,4.494642968187941,5.189801946663884,0.4495778766687858,0.5190806868698608,4.7529319818709155,4.259426065335493,4.371052403599458,3.0315363444318817
louo,2,severity_labour,75,M1,logreg,rule_upm_count_prevyear,4.7529319818709155,False,True,False,15869,1702,0.10725313504316591,0.5856423173803527,0.49401386263390046,0.4606345475910693,5.460374814635028,4.606055220997278,0.4606345475910693,0.43782513142790386,0.8345600204443935,0.1312901001960624,severity_labour,499106,0.06780723934394697,4.221345674793349,4.985985113389756,0.422346781129622,0.4986372687381885,4.7529319818709155,4.259426065335493,4.371052403599458,3.0315363444318817
louo,2,severity_labour,75,M1_nosys,gbdt,rule_upm_count_prevyear,4.7529319818709155,True,True,True,15869,1702,0.10725313504316591,0.6649874055415617,0.5103969754253308,0.47591069330199764,6.200167531456547,4.758807052305861,0.47591069330199764,0.5162476392526234,0.8557730071796749,0.11695814887765127,severity_labour,499106,0.06780723934394697,4.424665645481909,5.183850450055085,0.44264315945047567,0.5186360297294961,4.7529319818709155,4.259426065335493,4.371052403599458,3.0315363444318817
louo,2,severity_labour,75,M1_nosys,logreg,rule_upm_count_prevyear,4.7529319818709155,False,True,False,15869,1702,0.10725313504316591,0.593198992443325,0.499054820415879,0.46533490011750883,5.530831263856125,4.653055784476842,0.46533490011750883,0.44450496340850515,0.8384721423987508,0.13456671512836194,severity_labour,499106,0.06780723934394697,4.255127287475798,5.013311335368788,0.42556552272876325,0.5015732681750908,4.7529319818709155,4.259426065335493,4.371052403599458,3.0315363444318817
louo,2,severity_labour,50,M0,gbdt,rule_upm_count_prevyear,4.216464333546568,True,True,True,15869,2630,0.16573193017833512,0.8236775818639799,0.7095148078134845,0.4281368821292776,4.96993899110247,4.28109904379931,0.4281368821292776,0.6198706937437076,0.8485259446324187,0.13405509337529214,severity_labour,499106,0.13426206056428894,3.9957629678016144,4.548467184389394,0.39957903053526117,0.4548797913908354,4.216464333546568,3.4902743536481053,3.5929294816965793,2.828719084002386
louo,2,severity_labour,50,M0,logreg,rule_upm_count_prevyear,4.216464333546568,True,True,True,15869,2630,0.16573193017833512,0.8148614609571788,0.7000630119722747,0.42243346007604565,4.9167439254484675,4.2240684171057135,0.42243346007604565,0.6008702752679925,0.839397252672927,0.13194622045950105,severity_labour,499106,0.13426206056428894,3.936670105644299,4.517286394045556,0.393711567611703,0.4519345998579489,4.216464333546568,3.4902743536481053,3.5929294816965793,2.828719084002386
louo,2,severity_labour,50,M1,gbdt,rule_upm_count_prevyear,4.216464333546568,True,True,True,15869,2630,0.16573193017833512,0.827455919395466,0.7120352867044738,0.4296577946768061,4.992736876382756,4.296307210917602,0.4296577946768061,0.6320499165011906,0.8605046818407535,0.1376732223612437,severity_labour,499106,0.13426206056428894,3.991944107892821,4.607059748189783,0.399410151048597,0.4609229010290095,4.216464333546568,3.4902743536481053,3.5929294816965793,2.828719084002386
louo,2,severity_labour,50,M1,logreg,rule_upm_count_prevyear,4.216464333546568,False,True,False,15869,2630,0.16573193017833512,0.7342569269521411,0.6685570258349086,0.40342205323193914,4.430389039469022,4.033966328127058,0.40342205323193914,0.5634571419084969,0.8392202350642199,0.14125255964061156,severity_labour,499106,0.13426206056428894,3.713436090403574,4.382028164704542,0.37150114199652307,0.4384080638124932,4.216464333546568,3.4902743536481053,3.5929294816965793,2.828719084002386
louo,2,severity_labour,50,M1_nosys,gbdt,rule_upm_count_prevyear,4.216464333546568,True,True,True,15869,2630,0.16573193017833512,0.8312342569269522,0.7057340894770007,0.42585551330798477,5.0155347616630435,4.258286793121872,0.42585551330798477,0.6282408662497284,0.8594069199280729,0.13686943726922055,severity_labour,499106,0.13426206056428894,3.9843201615686104,4.559624579352459,0.3985941338745408,0.45617525917951834,4.216464333546568,3.4902743536481053,3.5929294816965793,2.828719084002386
louo,2,severity_labour,50,M1_nosys,logreg,rule_upm_count_prevyear,4.216464333546568,False,True,False,15869,2630,0.16573193017833512,0.7380352644836272,0.6710775047258979,0.4049429657794677,4.453186924749308,4.049174495245351,0.4049429657794677,0.5664104861455791,0.840514285911225,0.14263197413712758,severity_labour,499106,0.13426206056428894,3.7323594666641227,4.339583456111427,0.3733922595922072,0.43399142653312794,4.216464333546568,3.4902743536481053,3.5929294816965793,2.828719084002386
louo,2,severity_labour,90,M0,gbdt,rule_upm_count_prevyear,5.238210601454876,False,True,False,15869,1069,0.06736404310290503,0.4269521410579345,0.3188405797101449,0.47333956969130025,6.337982718847861,4.7330974363145835,0.47333956969130025,0.35132613395574,0.8230696470558492,0.08167754274095798,severity_labour,499106,0.02737895356898134,4.366230440456471,5.176612240170565,0.436813499890423,0.5178406876391982,5.238210601454876,5.013715861392524,5.125963231423699,3.161634255878121
louo,2,severity_labour,90,M0,logreg,rule_upm_count_prevyear,5.238210601454876,False,True,False,15869,1069,0.06736404310290503,0.47984886649874053,0.3270321361058601,0.4855004677268475,7.123219515873259,4.854698753848358,0.4855004677268475,0.3832106687489727,0.8227796248072207,0.09802123298791297,severity_labour,499106,0.02737895356898134,4.433455605841707,5.182999703845402,0.4435064935064935,0.5184328606502834,5.238210601454876,5.013715861392524,5.125963231423699,3.161634255878121
louo,2,severity_labour,90,M1,gbdt,rule_upm_count_prevyear,5.238210601454876,True,True,True,15869,1069,0.06736404310290503,0.4811083123425693,0.35979836168872087,0.5341440598690365,7.141915630088151,5.341104023983454,0.5341440598690365,0.408637352586815,0.8487366318610472,0.0907703388400579,severity_labour,499106,0.02737895356898134,4.93114450201183,5.70742247447872,0.4933621354582539,0.570968882602546,5.238210601454876,5.013715861392524,5.125963231423699,3.161634255878121
louo,2,severity_labour,90,M1,logreg,rule_upm_count_prevyear,5.238210601454876,False,True,False,15869,1069,0.06736404310290503,0.43828715365239296,0.3484562066792691,0.5173058933582788,6.506247746781875,5.17273296893669,0.5173058933582788,0.3383961253306843,0.8349294301317219,0.11893905837385498,severity_labour,499106,0.02737895356898134,4.812244445958839,5.5443338690197725,0.48122444459588387,0.5546754826254826,5.238210601454876,5.013715861392524,5.125963231423699,3.161634255878121
louo,2,severity_labour,90,M1_nosys,gbdt,rule_upm_count_prevyear,5.238210601454876,True,True,True,15869,1069,0.06736404310290503,0.4924433249370277,0.3591682419659735,0.5332086061739943,7.310180658022164,5.331750076480855,0.5332086061739943,0.40812705518115927,0.8502205584911384,0.09410812194092605,severity_labour,499106,0.02737895356898134,4.93381650803234,5.678267066415781,0.4933869260376684,0.5680919894366196,5.238210601454876,5.013715861392524,5.125963231423699,3.161634255878121
louo,2,severity_labour,90,M1_nosys,logreg,rule_upm_count_prevyear,5.238210601454876,True,True,True,15869,1069,0.06736404310290503,0.43702770780856426,0.3534971644612476,0.5247895229186156,6.487551632566984,5.247564548957473,0.5247895229186156,0.3459314532204188,0.8394436262736076,0.1243442384666212,severity_labour,499106,0.02737895356898134,4.83984587533737,5.6544195883824635,0.4841584676575256,0.5654447918336807,5.238210601454876,5.013715861392524,5.125963231423699,3.161634255878121
louo,3,occurrence,75,M0,gbdt,rule_upm_count_prevyear,5.358999850357293,False,True,False,108006,14769,0.13674240319982223,0.8916867246806147,0.7249328765855013,0.5301645338208409,6.520923311385637,5.3014489991532034,0.5301645338208409,0.6936786062155885,0.8957880221272725,0.08306658687407016,occurrence,406969,0.3305853762817315,5.07269455591974,5.4905888586942595,0.5072976888321158,0.5490748410806906,5.358999850357293,4.823438399740411,4.904009591426137,2.7665032708224766
louo,3,occurrence,75,M0,logreg,rule_upm_count_prevyear,5.358999850357293,True,True,True,108006,14769,0.13674240319982223,0.904091834845399,0.7424312563651514,0.5429616087751371,6.61164213652327,5.429415009477591,0.5429616087751371,0.7138680996997372,0.9089207497387835,0.08628984720681751,occurrence,406969,0.3305853762817315,5.207801615648636,5.605833770791005,0.5208197009806932,0.5605996678953361,5.358999850357293,4.823438399740411,4.904009591426137,2.7665032708224766
louo,3,occurrence,75,M1,gbdt,rule_upm_count_prevyear,5.358999850357293,False,True,False,108006,14769,0.13674240319982223,0.8920570264765784,0.7267845569854643,0.5315187216466924,6.523631336016611,5.314990375907107,0.5315187216466924,0.693945292720595,0.8967265310654753,0.08359917132941218,occurrence,406969,0.3305853762817315,5.0895064805090975,5.488863567918704,0.5089788629984399,0.5489224717957286,5.358999850357293,4.823438399740411,4.904009591426137,2.7665032708224766
louo,3,occurrence,75,M1,logreg,rule_upm_count_prevyear,5.358999850357293,True,True,True,108006,14769,0.13674240319982223,0.9018700240696167,0.7389130636052217,0.5403886519060194,6.595393988737425,5.403686393645174,0.5403886519060194,0.7128249463372183,0.9086363891041239,0.08610269962176009,occurrence,406969,0.3305853762817315,5.19449873665911,5.58919300030066,0.5194673392594811,0.5589468734096122,5.358999850357293,4.823438399740411,4.904009591426137,2.7665032708224766
louo,3,occurrence,75,M1_nosys,gbdt,rule_upm_count_prevyear,5.358999850357293,False,True,False,108006,14769,0.13674240319982223,0.8881688576189595,0.7231737802055366,0.5288780553862821,6.495197077391383,5.288584691236996,0.5288780553862821,0.6916852724250403,0.8962776728549819,0.08230783061050685,occurrence,406969,0.3305853762817315,5.07170092549515,5.468007407766317,0.5071708131491538,0.5468169575500567,5.358999850357293,4.823438399740411,4.904009591426137,2.7665032708224766
louo,3,occurrence,75,M1_nosys,logreg,rule_upm_count_prevyear,5.358999850357293,True,True,True,108006,14769,0.13674240319982223,0.9022403258655805,0.7412276641051755,0.5420813866883337,6.598102013368399,5.420613114587554,0.5420813866883337,0.7100746325842309,0.9049479465744937,0.08094838452487343,occurrence,406969,0.3305853762817315,5.179183227754065,5.588462137659365,0.5179357372749585,0.5588738899930564,5.358999850357293,4.823438399740411,4.904009591426137,2.7665032708224766
louo,3,severity_labour,75,M0,gbdt,rule_upm_count_prevyear,6.989907866827367,False,True,False,108006,2339,0.021656204284947134,0.2012590261062766,0.13193222849736136,0.609234715690466,9.293365700570547,6.092121535308256,0.609234715690466,0.2303080157804488,0.8673173817771676,0.026094952726644617,severity_labour,406969,0.07835240522005361,5.582741090102256,6.543553040819843,0.5582849255030202,0.654398000403906,6.989907866827367,6.810350600523545,6.942880963747794,3.3346349456424136
louo,3,severity_labour,75,M0,logreg,rule_upm_count_prevyear,6.989907866827367,True,True,True,108006,2339,0.021656204284947134,0.23477133864099242,0.15285621701694288,0.7058572039333049,10.840835058255248,7.058310634943109,0.7058572039333049,0.29754877872113034,0.9059464410109129,0.04258218108705974,severity_labour,406969,0.07835240522005361,6.650444982255788,7.380357885590361,0.6650679574597321,0.7380693738240242,6.989907866827367,6.810350600523545,6.942880963747794,3.3346349456424136
louo,3,severity_labour,75,M1,gbdt,rule_upm_count_prevyear,6.989907866827367,False,True,False,108006,2339,0.021656204284947134,0.22384743566006296,0.14035737431719286,0.6481402308678923,10.33641134497681,6.481162278966537,0.6481402308678923,0.27644618222000045,0.8763121481528889,0.029058893185272945,severity_labour,406969,0.07835240522005361,5.97553634286572,6.832550925517913,0.5975874252023696,0.6833126122392595,6.989907866827367,6.810350600523545,6.942880963747794,3.3346349456424136
louo,3,severity_labour,75,M1,logreg,rule_upm_count_prevyear,6.989907866827367,True,True,True,108006,2339,0.021656204284947134,0.23921496019255695,0.15331913711693362,0.7079948696023942,11.046024365351562,7.079686499979278,0.7079948696023942,0.27125639165620385,0.9065265766927508,0.04243572607392306,severity_labour,406969,0.07835240522005361,6.70960811481332,7.396648740202085,0.6709980541394834,0.7397054125167718,6.989907866827367,6.810350600523545,6.942880963747794,3.3346349456424136
louo,3,severity_labour,75,M1_nosys,gbdt,rule_upm_count_prevyear,6.989907866827367,False,True,False,108006,2339,0.021656204284947134,0.22625439733382707,0.14128321451717435,0.652415562206071,10.447555552987314,6.523914009038877,0.652415562206071,0.27142242840942443,0.8795954870656468,0.029839740728514405,severity_labour,406969,0.07835240522005361,6.077562191899722,6.89989061279344,0.6077623365752587,0.6900023474275933,6.989907866827367,6.810350600523545,6.942880963747794,3.3346349456424136
louo,3,severity_labour,75,M1_nosys,logreg,rule_upm_count_prevyear,6.989907866827367,False,True,False,108006,2339,0.021656204284947134,0.2256989446398815,0.14878252013702434,0.6870457460453185,10.421906889600274,6.8702030226248185,0.6870457460453185,0.24921139503334017,0.9004270710758066,0.046823450199242736,severity_labour,406969,0.07835240522005361,6.487597511672455,7.191815451108847,0.6487660816244684,0.7191892163128498,6.989907866827367,6.810350600523545,6.942880963747794,3.3346349456424136
louo,3,severity_labour,50,M0,gbdt,rule_upm_count_prevyear,6.843301461151278,False,True,False,108006,5446,0.050423124641223636,0.4673208665062026,0.3199703731136006,0.6345941975762027,9.267987056163959,6.345706962634511,0.6345941975762027,0.44480815454521494,0.8859895372908195,0.047912572955800196,severity_labour,406969,0.15498723489995553,5.98712394221577,6.589404647591049,0.5987289443792461,0.6589711650924388,6.843301461151278,6.483417617205572,6.641325834447056,3.196723328109573
louo,3,severity_labour,50,M0,logreg,rule_upm_count_prevyear,6.843301461151278,False,True,False,108006,5446,0.050423124641223636,0.5087946676541382,0.34385705027312286,0.6819684171869261,10.090502547677717,6.819431614358962,0.6819684171869261,0.5013046020123558,0.9131500445015964,0.05664617961940164,severity_labour,406969,0.15498723489995553,6.5176641064204155,7.0799517742020885,0.6517847909848994,0.7080295937419082,6.843301461151278,6.483417617205572,6.641325834447056,3.196723328109573
louo,3,severity_labour,50,M1,gbdt,rule_upm_count_prevyear,6.843301461151278,False,True,False,108006,5446,0.050423124641223636,0.4860211072023699,0.3269141746134617,0.6483657730444363,9.638853416176858,6.483417617205572,0.6483657730444363,0.46748589495445125,0.893225258573325,0.05055950290710383,severity_labour,406969,0.15498723489995553,6.164474848539841,6.725826861279674,0.6164932857514752,0.6725832844199183,6.843301461151278,6.483417617205572,6.641325834447056,3.196723328109573
louo,3,severity_labour,50,M1,logreg,rule_upm_count_prevyear,6.843301461151278,False,True,False,108006,5446,0.050423124641223636,0.5056471023884466,0.34506064253309876,0.6843554902680866,10.028079496982475,6.843301461151278,0.6843554902680866,0.47340891071908536,0.912617633997501,0.056414119705710676,severity_labour,406969,0.15498723489995553,6.527219621922484,7.081034843840106,0.6527283523507588,0.7081093019640051,6.843301461151278,6.483417617205572,6.641325834447056,3.196723328109573
louo,3,severity_labour,50,M1_nosys,gbdt,rule_upm_count_prevyear,6.843301461151278,False,True,False,108006,5446,0.050423124641223636,0.4793556748750231,0.3215443014535691,0.6377157546823357,9.506663426469288,6.376921377670618,0.6377157546823357,0.46487401398341655,0.8927248743227364,0.05141764547360704,severity_labour,406969,0.15498723489995553,6.043730900472256,6.621511941132839,0.6044105770247739,0.6621895407322198,6.843301461151278,6.483417617205572,6.641325834447056,3.196723328109573
louo,3,severity_labour,50,M1_nosys,logreg,rule_upm_count_prevyear,6.843301461151278,False,True,False,108006,5446,0.050423124641223636,0.49583410479540824,0.33533932043329323,0.6650752846125597,9.833466456579666,6.650506544751794,0.6650752846125597,0.4559895875038803,0.9078619322931198,0.057270190439394686,severity_labour,406969,0.15498723489995553,6.35559203178,6.922300850226203,0.6355656639631992,0.6922749526566824,6.843301461151278,6.483417617205572,6.641325834447056,3.196723328109573
louo,3,severity_labour,90,M0,gbdt,rule_upm_labour_prevyear,6.898699210648647,False,True,False,108006,861,0.007971779345591911,0.05813738196630254,0.041570224979168596,0.521486643437863,7.2928990437310945,5.2146733090593305,0.521486643437863,0.08616876849219951,0.8297130534354082,0.010933864674128348,severity_labour,406969,0.03140534045590696,4.512212578098701,5.8379768663299085,0.4512491475602587,0.5838209146646646,6.689647719416869,6.805787436767857,6.898699210648647,3.251912085827645
louo,3,severity_labour,90,M0,logreg,rule_upm_labour_prevyear,6.898699210648647,False,True,False,108006,861,0.007971779345591911,0.07831882984632475,0.0524951393389501,0.6585365853658537,9.824510495217366,6.585121973800981,0.6585365853658537,0.135166833106489,0.8894965840520588,0.03628214941984857,severity_labour,406969,0.03140534045590696,5.881449386777742,7.226709802938285,0.5881923331130205,0.7227119129438717,6.689647719416869,6.805787436767857,6.898699210648647,3.251912085827645
louo,3,severity_labour,90,M1,gbdt,rule_upm_labour_prevyear,6.898699210648647,False,True,False,108006,861,0.007971779345591911,0.07887428254027032,0.05110637903897787,0.6411149825783972,9.89418787461607,6.410912397774499,0.6411149825783972,0.130883929446056,0.8661615873373589,0.01396573856777124,severity_labour,406969,0.03140534045590696,5.792867280259845,6.880926233995383,0.5793180610429518,0.6881370917814579,6.689647719416869,6.805787436767857,6.898699210648647,3.251912085827645
louo,3,severity_labour,90,M1,logreg,rule_upm_labour_prevyear,6.898699210648647,False,True,False,108006,861,0.007971779345591911,0.08424365858174412,0.05434681973891306,0.6817653890824622,10.567735875470216,6.817401408502955,0.6817653890824622,0.11981546958677332,0.8931919681389571,0.03511536150202425,severity_labour,406969,0.03140534045590696,6.128234101084986,7.336324363830247,0.6128291857360794,0.7336672376686889,6.689647719416869,6.805787436767857,6.898699210648647,3.251912085827645
louo,3,severity_labour,90,M1_nosys,gbdt,rule_upm_labour_prevyear,6.898699210648647,False,True,False,108006,861,0.007971779345591911,0.07257915200888725,0.04851402647902972,0.6085946573751452,9.104510908097417,6.0857211891917355,0.6085946573751452,0.11753903516059602,0.8573862560689165,0.01387369962655569,severity_labour,406969,0.03140534045590696,5.468258103699104,6.549098165983443,0.5468702235144732,0.6549522771144635,6.689647719416869,6.805787436767857,6.898699210648647,3.251912085827645
louo,3,severity_labour,90,M1_nosys,logreg,rule_upm_labour_prevyear,6.898699210648647,False,True,False,108006,861,0.007971779345591911,0.07757822625439734,0.0524951393389501,0.6585365853658537,9.73160732268576,6.585121973800981,0.6585365853658537,0.10815529187945017,0.8890497420403896,0.04050844347616658,severity_labour,406969,0.03140534045590696,6.018837567054245,7.031097438736885,0.6018955472596239,0.7031499111085622,6.689647719416869,6.805787436767857,6.898699210648647,3.251912085827645
louo,4,occurrence,75,M0,gbdt,rule_upm_count_prevyear,1.8277528242820198,False,False,False,26857,14694,0.5471199314889973,1.0,1.0,0.1827956989247312,1.8277528242820198,1.8277528242820198,0.1827956989247312,0.9281436260926019,0.9046342364140215,0.12799703382798175,occurrence,488118,0.27577962705739184,1.7309380501905836,1.955473469571562,0.17310608181554,0.19555637195979553,1.8277528242820198,1.728403638747703,1.776717283767816,1.7392912207240665
louo,4,occurrence,75,M0,logreg,rule_upm_count_prevyear,1.8277528242820198,False,False,False,26857,14694,0.5471199314889973,1.0,0.9996276991809382,0.18272764393630053,1.8277528242820198,1.8270723504084971,0.18272764393630053,0.9243484169093683,0.8989023339688528,0.13109158804467327,occurrence,488118,0.27577962705739184,1.7309380501905836,1.9554864633649223,0.17310608181554,0.1955569544393451,1.8277528242820198,1.728403638747703,1.776717283767816,1.7392912207240665
louo,4,occurrence,75,M1,gbdt,rule_upm_count_prevyear,1.8277528242820198,False,False,False,26857,14694,0.5471199314889973,1.0,0.9996276991809382,0.18272764393630053,1.8277528242820198,1.8270723504084971,0.18272764393630053,0.9276077665452076,0.9044148160079701,0.12727838978986875,occurrence,488118,0.27577962705739184,1.7309380501905836,1.955473469571562,0.17310608181554,0.19555637195979553,1.8277528242820198,1.728403638747703,1.776717283767816,1.7392912207240665
louo,4,occurrence,75,M1,logreg,rule_upm_count_prevyear,1.8277528242820198,False,False,False,26857,14694,0.5471199314889973,1.0,0.9996276991809382,0.18272764393630053,1.8277528242820198,1.8270723504084971,0.18272764393630053,0.9243305370227073,0.8988868994801915,0.1312175414628411,occurrence,488118,0.27577962705739184,1.730891214161751,1.9546042909709154,0.1731013975359822,0.19548186019956032,1.8277528242820198,1.728403638747703,1.776717283767816,1.7392912207240665
louo,4,occurrence,75,M1_nosys,gbdt,rule_upm_count_prevyear,1.8277528242820198,False,False,False,26857,14694,0.5471199314889973,1.0,0.9996276991809382,0.18272764393630053,1.8277528242820198,1.8270723504084971,0.18272764393630053,0.9274504749254169,0.9042391812067831,0.12744886898773247,occurrence,488118,0.27577962705739184,1.7309380501905836,1.9546042909709154,0.17310608181554,0.19548186019956032,1.8277528242820198,1.728403638747703,1.776717283767816,1.7392912207240665
louo,4,occurrence,75,M1_nosys,logreg,rule_upm_count_prevyear,1.8277528242820198,False,False,False,26857,14694,0.5471199314889973,1.0,0.9996276991809382,0.18272764393630053,1.8277528242820198,1.8270723504084971,0.18272764393630053,0.9228979279363396,0.8964503093225957,0.13570882952337995,occurrence,488118,0.27577962705739184,1.730891214161751,1.9546042909709154,0.1731013975359822,0.19548186019956032,1.8277528242820198,1.728403638747703,1.776717283767816,1.7392912207240665
louo,4,severity_labour,75,M0,gbdt,rule_upm_labour_prevyear,5.038297312103827,False,True,False,26857,3860,0.14372416874557845,0.7580044676098288,0.6984363365599404,0.48601036269430054,5.27402227632051,4.859560800774694,0.48601036269430054,0.6189468356338214,0.8895611693888436,0.22511349818395937,severity_labour,488118,0.06569518026378868,4.369116084465892,5.414677125531177,0.4370081549395732,0.5414894806418401,4.709318515889336,4.2715435823440675,5.038297312103827,3.012616850373651
louo,4,severity_labour,75,M0,logreg,rule_upm_labour_prevyear,5.038297312103827,False,True,False,26857,3860,0.14372416874557845,0.7520476545048399,0.6857781087118392,0.4772020725388601,5.2325761287659285,4.771487737221208,0.4772020725388601,0.6026209651332541,0.8807935355839385,0.25548230688605883,severity_labour,488118,0.06569518026378868,4.305808325705739,5.240573922244424,0.43062488128539855,0.5240786797733704,4.709318515889336,4.2715435823440675,5.038297312103827,3.012616850373651
louo,4,severity_labour,75,M1,gbdt,rule_upm_labour_prevyear,5.038297312103827,True,True,True,26857,3860,0.14372416874557845,0.9151154132539091,0.7866716306775875,0.5474093264248705,6.3671644180725995,5.473481861426934,0.5474093264248705,0.7523738303333337,0.923699379801961,0.1401640400970055,severity_labour,488118,0.06569518026378868,4.944923171186266,6.051587820531858,0.49452646125635324,0.6053129735755718,4.709318515889336,4.2715435823440675,5.038297312103827,3.012616850373651
louo,4,severity_labour,75,M1,logreg,rule_upm_labour_prevyear,5.038297312103827,False,True,False,26857,3860,0.14372416874557845,0.7818317200297841,0.7077438570364855,0.49248704663212434,5.439806866538836,4.924320406328728,0.49248704663212434,0.6345237971383106,0.8901176961356302,0.24032453502565507,severity_labour,488118,0.06569518026378868,4.445791395092798,5.477331014931506,0.4446134227448004,0.5477553859319151,4.709318515889336,4.2715435823440675,5.038297312103827,3.012616850373651
louo,4,severity_labour,75,M1_nosys,gbdt,rule_upm_labour_prevyear,5.038297312103827,True,True,True,26857,3860,0.14372416874557845,0.9166046165301563,0.7844378257632166,0.5458549222797927,6.3775259549612455,5.457939556093966,0.5458549222797927,0.7500547840822968,0.9216109231188298,0.1407469174571501,severity_labour,488118,0.06569518026378868,4.915963708024062,6.012782938984886,0.49172776987071964,0.601357644978467,4.709318515889336,4.2715435823440675,5.038297312103827,3.012616850373651
louo,4,severity_labour,75,M1_nosys,logreg,rule_upm_labour_prevyear,5.038297312103827,False,True,False,26857,3860,0.14372416874557845,0.7781087118391661,0.7096053611317945,0.4937823834196891,5.413903024317223,4.937272327439534,0.4937823834196891,0.6337312311919826,0.8919851902286873,0.22764565922989782,severity_labour,488118,0.06569518026378868,4.4316008278920425,5.446340473061948,0.4431942603427411,0.5447632889942479,4.709318515889336,4.2715435823440675,5.038297312103827,3.012616850373651
louo,4,severity_labour,50,M0,gbdt,rule_upm_count_prevyear,3.66454379020922,True,True,True,26857,6614,0.2462672673790818,0.9367088607594937,0.9039463886820551,0.3671000907166616,3.8036271353821776,3.6705908921732617,0.3671000907166616,0.7615333171228379,0.8843113100533686,0.21473325064809456,severity_labour,488118,0.13104208408622506,3.2874947478806407,4.076599777170686,0.32878804070455775,0.40774521401438385,3.66454379020922,3.3455591616060247,3.66454379020922,2.65618953770528
louo,4,severity_labour,50,M0,logreg,rule_upm_count_prevyear,3.66454379020922,True,True,True,26857,6614,0.2462672673790818,0.9285182427401341,0.9035740878629933,0.3669488962806169,3.770368074579949,3.6690791166822514,0.3669488962806169,0.7519371859329398,0.8790192695191285,0.21899817993630916,severity_labour,488118,0.13104208408622506,3.276317737870462,4.070453472343843,0.32772363633311763,0.4071304781630616,3.66454379020922,3.3455591616060247,3.66454379020922,2.65618953770528
louo,4,severity_labour,50,M1,gbdt,rule_upm_count_prevyear,3.66454379020922,True,True,True,26857,6614,0.2462672673790818,0.9910647803425168,0.9516008935219658,0.38645297853039007,4.024346357069697,3.8640981550225937,0.38645297853039007,0.8311764843177979,0.9139447510449878,0.1449079027653221,severity_labour,488118,0.13104208408622506,3.4518211590800663,4.3476118560534,0.3452811055486923,0.4348553539405146,3.66454379020922,3.3455591616060247,3.66454379020922,2.65618953770528
louo,4,severity_labour,50,M1,logreg,rule_upm_count_prevyear,3.66454379020922,True,True,True,26857,6614,0.2462672673790818,0.9307520476545048,0.9069247952345495,0.36830964620501966,3.779438727526011,3.682685096101345,0.36830964620501966,0.7561021853387028,0.8802968412171314,0.21451522374372647,severity_labour,488118,0.13104208408622506,3.2838499729762067,4.112428264870768,0.3284770731261529,0.4113305036907581,3.66454379020922,3.3455591616060247,3.66454379020922,2.65618953770528
louo,4,severity_labour,50,M1_nosys,gbdt,rule_upm_count_prevyear,3.66454379020922,True,True,True,26857,6614,0.2462672673790818,0.9851079672375279,0.9556962025316456,0.3881161173268824,4.00015794921353,3.880727685423708,0.3881161173268824,0.8300916865162864,0.9135477676200896,0.14494312486519395,severity_labour,488118,0.13104208408622506,3.4505169573093912,4.34168508683477,0.34515064784667826,0.43425981613979336,3.66454379020922,3.3455591616060247,3.66454379020922,2.65618953770528
louo,4,severity_labour,50,M1_nosys,logreg,rule_upm_count_prevyear,3.66454379020922,True,True,True,26857,6614,0.2462672673790818,0.9307520476545048,0.9072970960536113,0.36846084064106444,3.779438727526011,3.684196871592355,0.36846084064106444,0.7571240111231751,0.881608497576938,0.21066133204174806,severity_labour,488118,0.13104208408622506,3.284589003802457,4.109494928984139,0.3284822499761892,0.41096661415393826,3.66454379020922,3.3455591616060247,3.66454379020922,2.65618953770528
louo,4,severity_labour,90,M0,gbdt,rule_upm_labour_prevyear,6.283155142551281,False,True,False,26857,1846,0.06873440816174554,0.49664929262844376,0.4091586001489203,0.59534127843987,7.225628413933973,5.952747846261946,0.59534127843987,0.4038638180357856,0.8819009884838104,0.20818630754177583,severity_labour,488118,0.026456717433079705,5.3019348334305025,6.441552948084505,0.530275133592538,0.6442068480325867,5.313599305898972,4.864028722423319,6.283155142551281,3.369071119540428
louo,4,severity_labour,90,M0,logreg,rule_upm_labour_prevyear,6.283155142551281,False,True,False,26857,1846,0.06873440816174554,0.4653760238272524,0.3857036485480268,0.5612134344528711,6.770641317404397,5.6115075238647645,0.5612134344528711,0.3709059937914017,0.8774465887230637,0.2882243084447556,severity_labour,488118,0.026456717433079705,5.021094209280804,6.070058511842196,0.5022149483115796,0.6072045907460751,5.313599305898972,4.864028722423319,6.283155142551281,3.369071119540428
louo,4,severity_labour,90,M1,gbdt,rule_upm_labour_prevyear,6.283155142551281,True,True,True,26857,1846,0.06873440816174554,0.6716306775874907,0.47096053611317945,0.6852654387865655,9.771389549278027,6.85188901321325,0.6852654387865655,0.6302695976051097,0.9235897960043843,0.12256730427302708,severity_labour,488118,0.026456717433079705,6.409666682318776,7.25757255058226,0.6409713093636755,0.7259912175989085,5.313599305898972,4.864028722423319,6.283155142551281,3.369071119540428
louo,4,severity_labour,90,M1,logreg,rule_upm_labour_prevyear,6.283155142551281,False,True,False,26857,1846,0.06873440816174554,0.5495160089352197,0.4311243484735666,0.6273022751895991,7.994773267591113,6.2723221164434335,0.6273022751895991,0.46748541372684027,0.9008015671371119,0.25426386262754463,severity_labour,488118,0.026456717433079705,5.730367406655107,6.699229621147149,0.5731192426108375,0.6700447060949997,5.313599305898972,4.864028722423319,6.283155142551281,3.369071119540428
louo,4,severity_labour,90,M1_nosys,gbdt,rule_upm_labour_prevyear,6.283155142551281,True,True,True,26857,1846,0.06873440816174554,0.6693968726731199,0.4761727475800447,0.6928494041170098,9.738890470954486,6.927720195968179,0.6928494041170098,0.6276877556017292,0.9245887822359247,0.12644440631088336,severity_labour,488118,0.026456717433079705,6.397882037707676,7.296819773144412,0.6398436928579597,0.7299274606420796,5.313599305898972,4.864028722423319,6.283155142551281,3.369071119540428
louo,4,severity_labour,90,M1_nosys,logreg,rule_upm_labour_prevyear,6.283155142551281,False,True,False,26857,1846,0.06873440816174554,0.5309009679821296,0.4203276247207744,0.6115926327193932,7.7239476148949375,6.1152432378796515,0.6115926327193932,0.45175078372700345,0.9020175434834675,0.2436475455429848,severity_labour,488118,0.026456717433079705,5.545869332295284,6.573642648800347,0.5547676073155685,0.6574217787632421,5.313599305898972,4.864028722423319,6.283155142551281,3.369071119540428
louo,5,occurrence,75,M0,gbdt,rule_upm_count_prevyear,3.705235684191768,True,True,True,163433,43156,0.2640592781139672,0.9975526186979932,0.9788301517376408,0.37070164055982946,3.7777601522770676,3.7068576371521424,0.37070164055982946,0.8538782937845325,0.9177937601991039,0.09998122015234331,occurrence,351542,0.3019582297421076,3.4687475050593175,4.026684147823538,0.34688303311944985,0.40268100721700295,3.705235684191768,3.477003731910554,3.397528036852223,2.739941965203405
louo,5,occurrence,75,M0,logreg,rule_upm_count_prevyear,3.705235684191768,True,True,True,163433,43156,0.2640592781139672,0.9968184043073911,0.9798091042584435,0.3710723885438873,3.774979661487855,3.710564958204426,0.3710723885438873,0.8572563009519317,0.9211620730205057,0.09749527702348068,occurrence,351542,0.3019582297421076,3.471197030137213,4.036961672345934,0.34712799141781164,0.4037112973339322,3.705235684191768,3.477003731910554,3.397528036852223,2.739941965203405
louo,5,occurrence,75,M1,gbdt,rule_upm_count_prevyear,3.705235684191768,True,True,True,163433,43156,0.2640592781139672,0.99645129711209,0.9802373959862947,0.3712345907869126,3.773589416093248,3.7121869111648,0.3712345907869126,0.8550961364677211,0.9184037492623125,0.09901234845871291,occurrence,351542,0.3019582297421076,3.474661825608808,4.033958431498027,0.3474744791470838,0.4033964065751819,3.705235684191768,3.477003731910554,3.397528036852223,2.739941965203405
louo,5,occurrence,75,M1,logreg,rule_upm_count_prevyear,3.705235684191768,True,True,True,163433,43156,0.2640592781139672,0.9965736661771905,0.9795643661282428,0.37097970154787285,3.774052831224784,3.709638127941355,0.37097970154787285,0.8575648062336787,0.9212187136394296,0.09771152392024614,occurrence,351542,0.3019582297421076,3.4689495686662872,4.03712551378762,0.34690323995454136,0.40372768215411736,3.705235684191768,3.477003731910554,3.397528036852223,2.739941965203405
louo,5,occurrence,75,M1_nosys,gbdt,rule_upm_count_prevyear,3.705235684191768,True,True,True,163433,43156,0.2640592781139672,0.9966960352422908,0.9791360744003916,0.37081749930484753,3.7745162463563195,3.708016174980981,0.37081749930484753,0.8561956297747636,0.9197457103863409,0.09972964192796488,occurrence,351542,0.3019582297421076,3.4726956654864813,4.029808331482677,0.3472778586061491,0.4029934353616567,3.705235684191768,3.477003731910554,3.397528036852223,2.739941965203405
louo,5,occurrence,75,M1_nosys,logreg,rule_upm_count_prevyear,3.705235684191768,True,True,True,163433,43156,0.2640592781139672,0.9965736661771905,0.9788301517376408,0.37070164055982946,3.774052831224784,3.7068576371521424,0.37070164055982946,0.8573790666784586,0.9212198832370102,0.09716403121923846,occurrence,351542,0.3019582297421076,3.46727858386316,4.03540044753715,0.346736137463829,0.40356231833669565,3.705235684191768,3.477003731910554,3.397528036852223,2.739941965203405
louo,5,severity_labour,75,M0,gbdt,rule_upm_labour_prevyear,6.546489853069092,False,True,False,163433,9397,0.057497567810662474,0.4833578071463534,0.3395741556534508,0.5906140257528999,8.406578322374159,5.905887302427415,0.5906140257528999,0.4488762267335544,0.8758974723849915,0.06708097510714812,severity_labour,351542,0.07074830318994602,5.637202666564408,6.2104362354790705,0.5637308582255897,0.6210514077613026,6.302805494104069,6.386871277327811,6.546489853069092,3.497775056410615
louo,5,severity_labour,75,M0,logreg,rule_upm_labour_prevyear,6.546489853069092,False,True,False,163433,9397,0.057497567810662474,0.5378120411160059,0.3648433675966716,0.6345642226242417,9.353648538439096,6.345370447635077,0.6345642226242417,0.516511604425543,0.9064003906324429,0.0857121543585337,severity_labour,351542,0.07074830318994602,6.087765018688208,6.598868612082634,0.6088012055627443,0.659922608718341,6.302805494104069,6.386871277327811,6.546489853069092,3.497775056410615
louo,5,severity_labour,75,M1,gbdt,rule_upm_labour_prevyear,6.546489853069092,False,True,False,163433,9397,0.057497567810662474,0.5243514439549681,0.3578071463534019,0.6223262743428754,9.11954129401855,6.222996206233429,0.6223262743428754,0.49622309887814403,0.8898217546764491,0.06230670037120536,severity_labour,351542,0.07074830318994602,5.942727318125915,6.51200045933695,0.594296678037032,0.651223080997276,6.302805494104069,6.386871277327811,6.546489853069092,3.497775056410615
louo,5,severity_labour,75,M1,logreg,rule_upm_labour_prevyear,6.546489853069092,True,True,True,163433,9397,0.057497567810662474,0.5625305922662751,0.37659079784630445,0.6549962754070447,9.783554569102282,6.5496822245839175,0.6549962754070447,0.5459526265307313,0.9113166680452961,0.08287835413366855,severity_labour,351542,0.07074830318994602,6.309166394454864,6.802879700964201,0.6309282000138483,0.6802963986306371,6.302805494104069,6.386871277327811,6.546489853069092,3.497775056410615
louo,5,severity_labour,75,M1_nosys,gbdt,rule_upm_labour_prevyear,6.546489853069092,False,True,False,163433,9397,0.057497567810662474,0.5258198727361723,0.3565834557023984,0.6201979355113334,9.145080266137155,6.201713729467924,0.6201979355113334,0.4972990780591324,0.8918106625541884,0.062068115476051997,severity_labour,351542,0.07074830318994602,5.938199633038465,6.5078008639846185,0.5938497199495233,0.6508005354097992,6.302805494104069,6.386871277327811,6.546489853069092,3.497775056410615
louo,5,severity_labour,75,M1_nosys,logreg,rule_upm_labour_prevyear,6.546489853069092,False,True,False,163433,9397,0.057497567810662474,0.5504160548213411,0.3661894273127753,0.636905395338938,9.57285804912379,6.3687811720771315,0.636905395338938,0.5306050918412021,0.9045598568601634,0.08603617723706485,severity_labour,351542,0.07074830318994602,6.120192907298048,6.598400594699215,0.6120231536115496,0.6598479952665416,6.302805494104069,6.386871277327811,6.546489853069092,3.497775056410615
louo,5,severity_labour,50,M0,gbdt,rule_upm_count_prevyear,5.569506975498046,False,True,False,163433,21220,0.12983913897438093,0.8642927068037201,0.6962799804209496,0.5362865221489161,6.656642316260716,5.362635534407968,0.5362865221489161,0.6854710037085087,0.9040091124083016,0.0880222684944063,severity_labour,351542,0.14005154433894101,5.111961489780547,5.678802856066865,0.5111995464905851,0.5678808207671622,5.569506975498046,5.350383467281904,5.3508547006329055,3.25386628867197
louo,5,severity_labour,50,M0,logreg,rule_upm_count_prevyear,5.569506975498046,True,True,True,163433,21220,0.12983913897438093,0.8821585903083701,0.7276676456191875,0.5604618284637135,6.794242454753434,5.604378243472228,0.5604618284637135,0.7104538169366222,0.9157406187714353,0.09288806058147707,severity_labour,351542,0.14005154433894101,5.304176171599558,5.958803762106165,0.5304236748543498,0.5958880031156355,5.569506975498046,5.350383467281904,5.3508547006329055,3.25386628867197
louo,5,severity_labour,50,M1,gbdt,rule_upm_count_prevyear,5.569506975498046,False,True,False,163433,21220,0.12983913897438093,0.8897454723445913,0.7230176211453745,0.556880301602262,6.852675390277739,5.568564508796041,0.556880301602262,0.7153136939482897,0.9151258405630726,0.08543131174825966,severity_labour,351542,0.14005154433894101,5.310391056232519,5.893759276775088,0.5310464109221761,0.5893759276775088,5.569506975498046,5.350383467281904,5.3508547006329055,3.25386628867197
louo,5,severity_labour,50,M1,logreg,rule_upm_count_prevyear,5.569506975498046,True,True,True,163433,21220,0.12983913897438093,0.886074400391581,0.7324400391581009,0.5641376060320452,6.8244013892175905,5.64113444485042,0.5641376060320452,0.7160493886940039,0.9167728778458866,0.09238115711146654,severity_labour,351542,0.14005154433894101,5.329207086185902,5.9992485897246635,0.5329330555900076,0.5999250576479631,5.569506975498046,5.350383467281904,5.3508547006329055,3.25386628867197
louo,5,severity_labour,50,M1_nosys,gbdt,rule_upm_count_prevyear,5.569506975498046,True,True,True,163433,21220,0.12983913897438093,0.8870533529123837,0.7236906510034263,0.5573986804901037,6.83194112283363,5.573748075657068,0.5573986804901037,0.713733697343498,0.9140490138270976,0.0855819054131978,severity_labour,351542,0.14005154433894101,5.308303534047602,5.901223612571625,0.5308366337005652,0.5901410087122861,5.569506975498046,5.350383467281904,5.3508547006329055,3.25386628867197
louo,5,severity_labour,50,M1_nosys,logreg,rule_upm_count_prevyear,5.569506975498046,True,True,True,163433,21220,0.12983913897438093,0.8852178169358786,0.7282794909446891,0.560933081998115,6.817804122303556,5.609090576982252,0.560933081998115,0.7131592443866259,0.9157345593098319,0.09306958753969855,severity_labour,351542,0.14005154433894101,5.296632529031298,5.975805767915712,0.5296837333033154,0.5975884876971833,5.569506975498046,5.350383467281904,5.3508547006329055,3.25386628867197
louo,5,severity_labour,90,M0,gbdt,rule_upm_labour_prevyear,6.981756429266689,False,True,False,163433,3065,0.0187538624390423,0.17180616740088106,0.11190651003426334,0.5967373572593802,9.16110843615928,5.967117994919987,0.5967373572593802,0.22085527183043743,0.8463903372976249,0.040120126776915004,severity_labour,351542,0.028400589403257646,5.503808627378302,6.347152520178455,0.5504114436472264,0.6347496579393315,6.224855732262076,6.616356092781703,6.981756429266689,3.565915783732939
louo,5,severity_labour,90,M0,logreg,rule_upm_labour_prevyear,6.981756429266689,False,True,False,163433,3065,0.0187538624390423,0.18061674008810572,0.11606705824767499,0.6189233278955955,9.630908868782832,6.188968199214443,0.6189233278955955,0.2773371266000011,0.8897436985878645,0.07109301027933038,severity_labour,351542,0.028400589403257646,5.663491557570346,6.629556937433259,0.5663499163023287,0.6629722971649998,6.224855732262076,6.616356092781703,6.981756429266689,3.565915783732939
louo,5,severity_labour,90,M1,gbdt,rule_upm_labour_prevyear,6.981756429266689,False,True,False,163433,3065,0.0187538624390423,0.2049681840430739,0.1262848751835536,0.6734094616639478,10.929385064506263,6.733806200937591,0.6734094616639478,0.32761024223693536,0.8870926050345218,0.034279156769015474,severity_labour,351542,0.028400589403257646,6.362622149039158,7.06069257377329,0.6362743160823198,0.7060876954478815,6.224855732262076,6.616356092781703,6.981756429266689,3.565915783732939
louo,5,severity_labour,90,M1,logreg,rule_upm_labour_prevyear,6.981756429266689,False,True,False,163433,3065,0.0187538624390423,0.21536955457660303,0.12922173274596183,0.6890701468189233,11.484010575242403,6.890406345145442,0.6890701468189233,0.36366624501823935,0.9094241472590203,0.06677444369044583,severity_labour,351542,0.028400589403257646,6.421341058855352,7.265454968441135,0.6421653450666847,0.7265673521135904,6.224855732262076,6.616356092781703,6.981756429266689,3.565915783732939
louo,5,severity_labour,90,M1_nosys,gbdt,rule_upm_labour_prevyear,6.981756429266689,False,True,False,163433,3065,0.0187538624390423,0.19652471855115028,0.12475526186979931,0.665252854812398,10.479159649908693,6.6522436258293345,0.665252854812398,0.32116179624137964,0.8850840009251153,0.03332337546973683,severity_labour,351542,0.028400589403257646,6.224031668153296,6.994057922521775,0.6224327049781415,0.6994242074066878,6.224855732262076,6.616356092781703,6.981756429266689,3.565915783732939
louo,5,severity_labour,90,M1_nosys,logreg,rule_upm_labour_prevyear,6.981756429266689,False,True,False,163433,3065,0.0187538624390423,0.20704845814977973,0.12096182085168869,0.6450244698205546,11.04031016665349,6.449968439560861,0.6450244698205546,0.34512615482954345,0.8958269827276546,0.06991743479683535,severity_labour,351542,0.028400589403257646,6.01772137640056,6.82396012832103,0.6017867106214441,0.6824044189803669,6.224855732262076,6.616356092781703,6.981756429266689,3.565915783732939
louo,6,occurrence,75,M0,gbdt,rule_upm_count_prevyear,1.6291234870144184,True,False,False,25536,15644,0.612625313283208,0.9992169146436961,0.9988253719655442,0.1630657120940936,1.631040854790426,1.6304017321984234,0.1630657120940936,0.9352773200897115,0.8953272238669061,0.14076731207957857,occurrence,489439,0.27309429775722815,1.579628283718947,1.6879671215052814,0.1580159600719081,0.1688057535716897,1.6291234870144184,1.0928996323243059,1.5831066603902373,1.522390014149998
louo,6,occurrence,75,M0,logreg,rule_upm_count_prevyear,1.6291234870144184,True,False,False,25536,15644,0.612625313283208,0.9992169146436961,0.9984338292873923,0.16300178982357452,1.631040854790426,1.629762609606421,0.16300178982357452,0.9326171903689856,0.8908828134701102,0.14181835867290715,occurrence,489439,0.27309429775722815,1.5788704737514823,1.6871872917562702,0.15790526749123124,0.16874700245813543,1.6291234870144184,1.0928996323243059,1.5831066603902373,1.522390014149998
louo,6,occurrence,75,M1,gbdt,rule_upm_count_prevyear,1.6291234870144184,True,False,False,25536,15644,0.612625313283208,1.0,0.9988253719655442,0.1630657120940936,1.632319099974431,1.6304017321984234,0.1630657120940936,0.9359087625270666,0.896144681920404,0.1398091581079154,occurrence,489439,0.27309429775722815,1.579628283718947,1.6884165922619248,0.1580159600719081,0.1688899224844601,1.6291234870144184,1.0928996323243059,1.5831066603902373,1.522390014149998
louo,6,occurrence,75,M1,logreg,rule_upm_count_prevyear,1.6291234870144184,True,False,False,25536,15644,0.612625313283208,0.9992169146436961,0.9988253719655442,0.1630657120940936,1.631040854790426,1.6304017321984234,0.1630657120940936,0.9327873861957827,0.8911861696193604,0.14169585837226675,occurrence,489439,0.27309429775722815,1.5794940884563458,1.687834411042086,0.15796763615576248,0.16881162334890953,1.6291234870144184,1.0928996323243059,1.5831066603902373,1.522390014149998
louo,6,occurrence,75,M1_nosys,gbdt,rule_upm_count_prevyear,1.6291234870144184,True,False,False,25536,15644,0.612625313283208,1.0,0.9996084573218481,0.1631935566351317,1.632319099974431,1.6316799773824286,0.1631935566351317,0.9355236275243013,0.8954278762411079,0.14064883451999827,occurrence,489439,0.27309429775722815,1.5802136690663002,1.6897881933494603,0.15807451863046668,0.1690032963337887,1.6291234870144184,1.0928996323243059,1.5831066603902373,1.522390014149998
louo,6,occurrence,75,M1_nosys,logreg,rule_upm_count_prevyear,1.6291234870144184,True,False,False,25536,15644,0.612625313283208,0.9992169146436961,0.9988253719655442,0.1630657120940936,1.631040854790426,1.6304017321984234,0.1630657120940936,0.9317801201752433,0.8890120240556589,0.1435234563225002,occurrence,489439,0.27309429775722815,1.5794940884563458,1.687834411042086,0.15796763615576248,0.16881162334890953,1.6291234870144184,1.0928996323243059,1.5831066603902373,1.522390014149998
louo,6,severity_labour,75,M0,gbdt,rule_upm_count_prevyear,2.8634258139372792,True,True,True,25536,7640,0.2991854636591479,0.9154267815191856,0.8696162881754111,0.2907068062827225,3.0597301430463246,2.9066127663412695,0.2907068062827225,0.7338608160122003,0.8570118552918902,0.2106112243639434,severity_labour,489439,0.06344202239707093,2.727207543890144,3.099505277990845,0.27272092949497295,0.3100040132612109,2.8634258139372792,1.03256077111358,2.758730171745788,2.1397171872885976
louo,6,severity_labour,75,M0,logreg,rule_upm_count_prevyear,2.8634258139372792,True,True,True,25536,7640,0.2991854636591479,0.9514487079091621,0.8852779953014879,0.29594240837696334,3.1801301315665396,2.958960587437015,0.29594240837696334,0.7458846390454147,0.8561846134852447,0.21596409707110506,severity_labour,489439,0.06344202239707093,2.763700812039897,3.1522352853335103,0.2764459538184322,0.3152370794694196,2.8634258139372792,1.03256077111358,2.758730171745788,2.1397171872885976
louo,6,severity_labour,75,M1,gbdt,rule_upm_count_prevyear,2.8634258139372792,True,True,True,25536,7640,0.2991854636591479,0.9537979639780736,0.898981989036805,0.30052356020942406,3.1879823047309013,3.004764930895792,0.30052356020942406,0.7608056589428611,0.8682523822925712,0.22421976847976308,severity_labour,489439,0.06344202239707093,2.8236723744533396,3.202670490151285,0.2824115960996404,0.3203049792710059,2.8634258139372792,1.03256077111358,2.758730171745788,2.1397171872885976
louo,6,severity_labour,75,M1,logreg,rule_upm_count_prevyear,2.8634258139372792,True,True,True,25536,7640,0.2991854636591479,0.9459671104150352,0.8809710258418167,0.29450261780104714,3.1618083941830286,2.9445649366356847,0.29450261780104714,0.7483565509505736,0.8594167552139529,0.22038739364630103,severity_labour,489439,0.06344202239707093,2.7676122673580243,3.1371458714127205,0.27676229353628856,0.31377538712845343,2.8634258139372792,1.03256077111358,2.758730171745788,2.1397171872885976
louo,6,severity_labour,75,M1_nosys,gbdt,rule_upm_count_prevyear,2.8634258139372792,True,True,True,25536,7640,0.2991854636591479,0.9483163664839468,0.8981989036805011,0.30026178010471205,3.1696605673473908,3.0021475398410047,0.30026178010471205,0.760571898504385,0.8675255826567463,0.2245700570642074,severity_labour,489439,0.06344202239707093,2.8248891176631155,3.207233504933993,0.282533346065806,0.32078453943139734,2.8634258139372792,1.03256077111358,2.758730171745788,2.1397171872885976
louo,6,severity_labour,75,M1_nosys,logreg,rule_upm_count_prevyear,2.8634258139372792,True,True,True,25536,7640,0.2991854636591479,0.9428347689898199,0.8707909162098669,0.29109947643979056,3.1513388299638794,2.9105388529234504,0.29109947643979056,0.7335610571696172,0.8472853552345488,0.21637281489446014,severity_labour,489439,0.06344202239707093,2.7541542639816257,3.1073309770050046,0.27546948715922936,0.3107863698933267,2.8634258139372792,1.03256077111358,2.758730171745788,2.1397171872885976
louo,6,severity_labour,50,M0,gbdt,rule_upm_count_prevyear,2.198149253917769,False,True,False,25536,11285,0.4419251253132832,0.9866875489428347,0.9698512137823023,0.21949490474080638,2.232702990678266,2.1946052809166923,0.21949490474080638,0.8522784796880002,0.8732473530528542,0.17907597904011185,severity_labour,489439,0.12630378862330138,2.0915775370208043,2.3144340056813117,0.2091915662970156,0.23150895510307906,2.198149253917769,1.0623059070727146,2.090058077384932,1.8561558593138756
louo,6,severity_labour,50,M0,logreg,rule_upm_count_prevyear,2.198149253917769,True,True,True,25536,11285,0.4419251253132832,0.9929522317932654,0.9745497259201253,0.220558263181214,2.246878882682572,2.2052371999199223,0.220558263181214,0.8544989564723473,0.8707151768251881,0.18019432246360637,severity_labour,489439,0.12630378862330138,2.099275722619369,2.332247727924019,0.20996048760347283,0.23329061973622314,2.198149253917769,1.0623059070727146,2.090058077384932,1.8561558593138756
louo,6,severity_labour,50,M1,gbdt,rule_upm_count_prevyear,2.198149253917769,True,True,True,25536,11285,0.4419251253132832,0.9945184025058731,0.9831636648394675,0.22250775365529463,2.2504228556836487,2.224729051425843,0.22250775365529463,0.863139899809182,0.8799426056802301,0.18642105829597108,severity_labour,489439,0.12630378862330138,2.1155468442810847,2.349929384426399,0.21162892254846277,0.23505834399624698,2.198149253917769,1.0623059070727146,2.090058077384932,1.8561558593138756
louo,6,severity_labour,50,M1,logreg,rule_upm_count_prevyear,2.198149253917769,True,True,True,25536,11285,0.4419251253132832,0.9937353171495693,0.9749412685982772,0.2206468763845813,2.2486508691831104,2.2061231931701912,0.2206468763845813,0.8548659950294013,0.8716949990870371,0.18196511222598888,severity_labour,489439,0.12630378862330138,2.1043999497611776,2.331030912935021,0.21047269023691345,0.2331485418999762,2.198149253917769,1.0623059070727146,2.090058077384932,1.8561558593138756
louo,6,severity_labour,50,M1_nosys,gbdt,rule_upm_count_prevyear,2.198149253917769,True,True,True,25536,11285,0.4419251253132832,0.9929522317932654,0.980814408770556,0.22197607443509082,2.246878882682572,2.2194130919242285,0.22197607443509082,0.8621267501639898,0.8788336970313273,0.18722495053803032,severity_labour,489439,0.12630378862330138,2.1102111469146565,2.3441984688044073,0.2110540047194132,0.23448509288027913,2.198149253917769,1.0623059070727146,2.090058077384932,1.8561558593138756
louo,6,severity_labour,50,M1_nosys,logreg,rule_upm_count_prevyear,2.198149253917769,True,True,True,25536,11285,0.4419251253132832,0.9937353171495693,0.9745497259201253,0.220558263181214,2.2486508691831104,2.2052371999199223,0.220558263181214,0.8499158889370004,0.8656929484415852,0.1798048536234232,severity_labour,489439,0.12630378862330138,2.1011978446555477,2.3273125423430567,0.21019269007774755,0.2327765993242918,2.198149253917769,1.0623059070727146,2.090058077384932,1.8561558593138756
louo,6,severity_labour,90,M0,gbdt,rule_upm_labour_prevyear,3.746177137261833,True,True,True,25536,4249,0.16639254385964913,0.7486296006264683,0.6331245105716523,0.3805601317957166,4.499177566862201,3.8050052958243614,0.3805601317957166,0.554730303798873,0.843523029241525,0.22080263620828638,severity_labour,489439,0.025696767115003096,3.5234944806693576,4.0579422103343115,0.3524037971305222,0.4058708434846318,3.7155864948093176,0.9718411794529755,3.746177137261833,2.4613701542562043
louo,6,severity_labour,90,M0,logreg,rule_upm_labour_prevyear,3.746177137261833,True,True,True,25536,4249,0.16639254385964913,0.8050117462803446,0.6742364917776038,0.4052718286655684,4.838027760182367,4.052083561786983,0.4052718286655684,0.6048247032697435,0.8525997727567798,0.24076209109877786,severity_labour,489439,0.025696767115003096,3.7256099796706175,4.354237924600807,0.37256279908641565,0.435555337147395,3.7155864948093176,0.9718411794529755,3.746177137261833,2.4613701542562043
louo,6,severity_labour,90,M1,gbdt,rule_upm_labour_prevyear,3.746177137261833,True,True,True,25536,4249,0.16639254385964913,0.8073610023492561,0.6855912294440094,0.4120969639915274,4.852146518237374,4.120324225719516,0.4120969639915274,0.6072310944013606,0.86742242927887,0.221546996293977,severity_labour,489439,0.025696767115003096,3.8270306376232637,4.384768902895339,0.3827333558394893,0.43847900215477503,3.7155864948093176,0.9718411794529755,3.746177137261833,2.4613701542562043
louo,6,severity_labour,90,M1,logreg,rule_upm_labour_prevyear,3.746177137261833,True,True,True,25536,4249,0.16639254385964913,0.8034455755677369,0.6773688332028192,0.4071546246175571,4.828615254812362,4.070908572526992,0.4071546246175571,0.6078420708553431,0.86119305863716,0.250584928174383,severity_labour,489439,0.025696767115003096,3.7756575442583613,4.425720118774331,0.3776076248279674,0.44267268738491306,3.7155864948093176,0.9718411794529755,3.746177137261833,2.4613701542562043
louo,6,severity_labour,90,M1_nosys,gbdt,rule_upm_labour_prevyear,3.746177137261833,True,True,True,25536,4249,0.16639254385964913,0.8230227094753328,0.7000783085356304,0.4208048952694752,4.94627157193742,4.207389900392058,0.4208048952694752,0.6233247964356511,0.8682951804277756,0.223168467638952,severity_labour,489439,0.025696767115003096,3.8980809558372163,4.526151642222056,0.3898707290178503,0.4526888075058039,3.7155864948093176,0.9718411794529755,3.746177137261833,2.4613701542562043
louo,6,severity_labour,90,M1_nosys,logreg,rule_upm_labour_prevyear,3.746177137261833,True,True,True,25536,4249,0.16639254385964913,0.7838684416601409,0.6597494126859828,0.3965638973876206,4.7109589376873044,3.9650178871144397,0.3965638973876206,0.5856559944307759,0.844069036308555,0.2440816968936649,severity_labour,489439,0.025696767115003096,3.6664246702755956,4.274741105621129,0.3667422816086635,0.42755522302353416,3.7155864948093176,0.9718411794529755,3.746177137261833,2.4613701542562043
louo,7,occurrence,75,M0,gbdt,rule_upm_count_prevyear,2.1179554390563564,True,True,True,1088,476,0.4375,0.9272727272727272,0.9357798165137615,0.21428571428571427,2.1194805194805193,2.138925294888598,0.21428571428571427,0.8361117949054012,0.8609583539298072,0.15690636777827216,occurrence,513887,0.28961814562345417,1.865799908841379,2.5558545277785982,0.18782574469729166,0.255612789580442,2.1179554390563564,1.9921363040629096,1.9711664482306686,1.63564875491481
louo,7,occurrence,75,M0,logreg,rule_upm_count_prevyear,2.1179554390563564,False,True,False,1088,476,0.4375,0.9454545454545454,0.926605504587156,0.21218487394957983,2.161038961038961,2.1179554390563564,0.21218487394957983,0.8252846912865889,0.8493762701158895,0.16652365331820015,occurrence,513887,0.28961814562345417,1.8474289991746013,2.53782476865258,0.18579840767340766,0.2552645576707727,2.1179554390563564,1.9921363040629096,1.9711664482306686,1.63564875491481
louo,7,occurrence,75,M1,gbdt,rule_upm_count_prevyear,2.1179554390563564,True,True,True,1088,476,0.4375,0.9272727272727272,0.944954128440367,0.21638655462184875,2.1194805194805193,2.1598951507208386,0.21638655462184875,0.8363070015897984,0.8626798758719173,0.15641049794063436,occurrence,513887,0.28961814562345417,1.8493831393568163,2.5419134255509133,0.18599886143049127,0.2555803935509504,2.1179554390563564,1.9921363040629096,1.9711664482306686,1.63564875491481
louo,7,occurrence,75,M1,logreg,rule_upm_count_prevyear,2.1179554390563564,True,True,True,1088,476,0.4375,0.9454545454545454,0.944954128440367,0.21638655462184875,2.161038961038961,2.1598951507208386,0.21638655462184875,0.8278382558192662,0.850368333607953,0.16663109190508762,occurrence,513887,0.28961814562345417,1.872566138056997,2.53782476865258,0.18824812790741652,0.2552645576707727,2.1179554390563564,1.9921363040629096,1.9711664482306686,1.63564875491481
louo,7,occurrence,75,M1_nosys,gbdt,rule_upm_count_prevyear,2.1179554390563564,True,True,True,1088,476,0.4375,0.9272727272727272,0.9357798165137615,0.21428571428571427,2.1194805194805193,2.138925294888598,0.21428571428571427,0.835369571031128,0.8612930466304167,0.15657047568399238,occurrence,513887,0.28961814562345417,1.8474213382167048,2.5509961406175017,0.18578557508285487,0.25615994458128083,2.1179554390563564,1.9921363040629096,1.9711664482306686,1.63564875491481
louo,7,occurrence,75,M1_nosys,logreg,rule_upm_count_prevyear,2.1179554390563564,True,True,True,1088,476,0.4375,0.9454545454545454,0.9357798165137615,0.21428571428571427,2.161038961038961,2.138925294888598,0.21428571428571427,0.8307479681994758,0.8523627588290217,0.16460086672822025,occurrence,513887,0.28961814562345417,1.8660070504647799,2.53782476865258,0.18795044006429681,0.2552645576707727,2.1179554390563564,1.9921363040629096,1.9711664482306686,1.63564875491481
louo,7,severity_labour,75,M0,gbdt,rule_upm_labour_prevyear,3.5648754914809966,False,True,False,1088,70,0.06433823529411764,0.23636363636363636,0.1834862385321101,0.2857142857142857,3.673766233766234,2.8519003931847973,0.2857142857142857,0.19920179947134475,0.7366685377490878,0.17822468685102844,severity_labour,513887,0.06807138534347046,1.750503487752538,4.0279685982584,0.17543859649122806,0.40362513426423186,1.9963302752293581,3.279685452162517,3.5648754914809966,1.140760157273919
louo,7,severity_labour,75,M0,logreg,rule_upm_labour_prevyear,3.5648754914809966,False,False,False,1088,70,0.06433823529411764,0.10909090909090909,0.12844036697247707,0.2,1.6955844155844157,1.9963302752293581,0.2,0.13134218432629788,0.6671063710356441,0.18572536645963855,severity_labour,513887,0.06807138534347046,0.7975165016501651,2.8884055722969,0.08,0.28992914979757045,1.9963302752293581,3.279685452162517,3.5648754914809966,1.140760157273919
louo,7,severity_labour,75,M1,gbdt,rule_upm_labour_prevyear,3.5648754914809966,True,True,True,1088,70,0.06433823529411764,0.3090909090909091,0.25688073394495414,0.4,4.8041558441558445,3.9926605504587163,0.4,0.23618955173752348,0.7790064552343532,0.15833232834227653,severity_labour,513887,0.06807138534347046,2.717557065659515,5.404396258503401,0.27270520741394527,0.5423849878934625,1.9963302752293581,3.279685452162517,3.5648754914809966,1.140760157273919
louo,7,severity_labour,75,M1,logreg,rule_upm_labour_prevyear,3.5648754914809966,False,True,False,1088,70,0.06433823529411764,0.16363636363636364,0.13761467889908258,0.21428571428571427,2.5433766233766235,2.138925294888598,0.21428571428571427,0.15875986748665624,0.6840794274487791,0.18008957545488014,severity_labour,513887,0.06807138534347046,1.3382438144877444,3.259388120002099,0.13476256094975622,0.3275932730356133,1.9963302752293581,3.279685452162517,3.5648754914809966,1.140760157273919
louo,7,severity_labour,75,M1_nosys,gbdt,rule_upm_labour_prevyear,3.5648754914809966,True,True,True,1088,70,0.06433823529411764,0.2727272727272727,0.25688073394495414,0.4,4.2389610389610395,3.9926605504587163,0.4,0.24129874495469722,0.7777224249228178,0.15834547950282662,severity_labour,513887,0.06807138534347046,2.9881797065212834,5.108471441073858,0.30090928850891174,0.5143073593073593,1.9963302752293581,3.279685452162517,3.5648754914809966,1.140760157273919
louo,7,severity_labour,75,M1_nosys,logreg,rule_upm_labour_prevyear,3.5648754914809966,False,True,False,1088,70,0.06433823529411764,0.18181818181818182,0.1834862385321101,0.2857142857142857,2.8259740259740265,2.8519003931847973,0.2857142857142857,0.17626301947377446,0.7018032556834128,0.19076517417041022,severity_labour,513887,0.06807138534347046,2.1998032765085265,3.7633953327879532,0.22074754513778905,0.37940205429200285,1.9963302752293581,3.279685452162517,3.5648754914809966,1.140760157273919
louo,7,severity_labour,50,M0,gbdt,rule_upm_cost_prevyear,2.909225024203587,True,True,True,1088,199,0.18290441176470587,0.6,0.5871559633027523,0.32160804020100503,3.2804020100502513,3.2101793370522342,0.32160804020100503,0.44639539054168514,0.7739343511709278,0.19513246553772276,severity_labour,513887,0.13463076512929886,2.427215003787305,3.866830954648285,0.24399756097560976,0.38738376476501624,2.307316398506293,2.909225024203587,2.8590659720621456,1.4044534599603524
louo,7,severity_labour,50,M0,logreg,rule_upm_cost_prevyear,2.909225024203587,False,False,False,1088,199,0.18290441176470587,0.43636363636363634,0.3577981651376147,0.19597989949748743,2.3857469164001825,1.956203033516205,0.19597989949748743,0.3717689030429974,0.7418165066050162,0.2019379817935936,severity_labour,513887,0.13463076512929886,1.4633147187252653,2.7675930913605944,0.1467482983131104,0.27699541284403667,2.307316398506293,2.909225024203587,2.8590659720621456,1.4044534599603524
louo,7,severity_labour,50,M1,gbdt,rule_upm_cost_prevyear,2.909225024203587,True,True,True,1088,199,0.18290441176470587,0.5636363636363636,0.5688073394495413,0.31155778894472363,3.0815897670169026,3.109861232769352,0.31155778894472363,0.4761277955987985,0.8017477714783139,0.17610937843818905,severity_labour,513887,0.13463076512929886,2.2898186666281086,4.0481971692791445,0.2299318059166953,0.4069152207335822,2.307316398506293,2.909225024203587,2.8590659720621456,1.4044534599603524
louo,7,severity_labour,50,M1,logreg,rule_upm_cost_prevyear,2.909225024203587,False,True,False,1088,199,0.18290441176470587,0.4909090909090909,0.43119266055045874,0.23618090452261306,2.683965280950206,2.3574754506477342,0.23618090452261306,0.3857067889143651,0.7467935854751824,0.19930385809238682,severity_labour,513887,0.13463076512929886,1.6549643079858631,2.968039912520503,0.16591764191184513,0.29801693404634577,2.307316398506293,2.909225024203587,2.8590659720621456,1.4044534599603524
louo,7,severity_labour,50,M1_nosys,gbdt,rule_upm_cost_prevyear,2.909225024203587,True,True,True,1088,199,0.18290441176470587,0.6181818181818182,0.5779816513761468,0.3165829145728643,3.3798081315669255,3.1600202849107926,0.3165829145728643,0.47537545537759557,0.7969035277625474,0.1760797419827077,severity_labour,513887,0.13463076512929886,2.4629091231506,4.0481971692791445,0.24772288522288521,0.4059149348362099,2.307316398506293,2.909225024203587,2.8590659720621456,1.4044534599603524
louo,7,severity_labour,50,M1_nosys,logreg,rule_upm_cost_prevyear,2.909225024203587,False,True,False,1088,199,0.18290441176470587,0.4727272727272727,0.43119266055045874,0.23618090452261306,2.5845591594335313,2.3574754506477342,0.23618090452261306,0.38830746446835795,0.7460135322280695,0.20637036563079317,severity_labour,513887,0.13463076512929886,1.7522796931339593,3.125468568075797,0.1761231984478936,0.31413986537023186,2.307316398506293,2.909225024203587,2.8590659720621456,1.4044534599603524
louo,7,severity_labour,90,M0,gbdt,rule_upm_cost_prevyear,2.661773700305811,True,True,True,1088,15,0.013786764705882353,0.05454545454545454,0.045871559633027525,0.3333333333333333,3.956363636363636,3.3272171253822633,0.3333333333333333,0.048140973653057154,0.7633426529978254,0.12089927837458735,severity_labour,513887,0.027465182034182613,1.4269624060150377,6.197197859596988,0.14285714285714285,0.6252840909090907,0.6654434250764527,2.661773700305811,2.661773700305811,1.3308868501529054
louo,7,severity_labour,90,M0,logreg,rule_upm_cost_prevyear,2.661773700305811,True,True,True,1088,15,0.013786764705882353,0.01818181818181818,0.045871559633027525,0.3333333333333333,1.3187878787878788,3.3272171253822633,0.3333333333333333,0.031976287047056774,0.7325877601739671,0.1599183067748281,severity_labour,513887,0.027465182034182613,0.7355988653592216,5.88434817170111,0.07400793650793652,0.5885294117647056,0.6654434250764527,2.661773700305811,2.661773700305811,1.3308868501529054
louo,7,severity_labour,90,M1,gbdt,rule_upm_cost_prevyear,2.661773700305811,False,False,False,1088,15,0.013786764705882353,0.01818181818181818,0.027522935779816515,0.2,1.3187878787878788,1.996330275229358,0.2,0.037853944957513874,0.7785026405716061,0.11427546850965432,severity_labour,513887,0.027465182034182613,0.6190234836036179,4.980820436412573,0.062408088235294146,0.5,0.6654434250764527,2.661773700305811,2.661773700305811,1.3308868501529054
louo,7,severity_labour,90,M1,logreg,rule_upm_cost_prevyear,2.661773700305811,True,True,True,1088,15,0.013786764705882353,0.05454545454545454,0.045871559633027525,0.3333333333333333,3.956363636363636,3.3272171253822633,0.3333333333333333,0.03532033257734254,0.7268095681888785,0.1470841550162476,severity_labour,513887,0.027465182034182613,0.9003787878787886,5.973361702127659,0.09071969696969703,0.6,0.6654434250764527,2.661773700305811,2.661773700305811,1.3308868501529054
louo,7,severity_labour,90,M1_nosys,gbdt,rule_upm_cost_prevyear,2.661773700305811,False,False,False,1088,15,0.013786764705882353,0.0,0.01834862385321101,0.13333333333333333,0.0,1.3308868501529054,0.13333333333333333,0.0334129761363143,0.7673190431811122,0.11482863964486516,severity_labour,513887,0.027465182034182613,0.0,3.737255149411297,0.0,0.3752403846153844,0.6654434250764527,2.661773700305811,2.661773700305811,1.3308868501529054
louo,7,severity_labour,90,M1_nosys,logreg,rule_upm_cost_prevyear,2.661773700305811,False,True,False,1088,15,0.013786764705882353,0.03636363636363636,0.03669724770642202,0.26666666666666666,2.6375757575757577,2.661773700305811,0.26666666666666666,0.03298425554818722,0.7136377757067413,0.16464200893221936,severity_labour,513887,0.027465182034182613,0.8272168803418808,4.995357142857142,0.08317307692307697,0.5,0.6654434250764527,2.661773700305811,2.661773700305811,1.3308868501529054
louo,10,occurrence,75,M0,gbdt,rule_upm_count_prevyear,2.8621873223054695,True,True,True,58763,19895,0.33856338171978967,0.9962572303504593,0.9746469287051217,0.2879115355616989,2.9426018410195547,2.8787724288262915,0.2879115355616989,0.8459393958757556,0.89727273418544,0.13528492831739686,occurrence,456212,0.2836663656370284,2.747923806200779,3.045585086824307,0.27482860689913047,0.3046066557711656,2.8621873223054695,1.2921305716676668,2.7460915766597163,1.9314110411975276
louo,10,occurrence,75,M0,logreg,rule_upm_count_prevyear,2.8621873223054695,True,True,True,58763,19895,0.33856338171978967,0.9908132017693093,0.9693721286370597,0.28635335511435034,2.9265220495385735,2.863192480276428,0.28635335511435034,0.8373936900563954,0.8899778813298995,0.14335271902715216,occurrence,456212,0.2836663656370284,2.7346417847281956,3.0242133054885105,0.27348179909456993,0.3024544297664415,2.8621873223054695,1.2921305716676668,2.7460915766597163,1.9314110411975276
louo,10,occurrence,75,M1,gbdt,rule_upm_count_prevyear,2.8621873223054695,True,True,True,58763,19895,0.33856338171978967,0.9969377339231031,0.9748170835460269,0.28796179944709727,2.9446118149546776,2.8792750078117706,0.28796179944709727,0.8457496714449741,0.8969457092102584,0.13808452996825352,occurrence,456212,0.2836663656370284,2.74849427943567,3.04645349529511,0.2748889709442368,0.30467816738884723,2.8621873223054695,1.2921305716676668,2.7460915766597163,1.9314110411975276
louo,10,occurrence,75,M1,logreg,rule_upm_count_prevyear,2.8621873223054695,True,True,True,58763,19895,0.33856338171978967,0.9918339571282749,0.9719244512506381,0.28710731339532547,2.9295370104412575,2.87073116505862,0.28710731339532547,0.8381838086929242,0.890577921656878,0.14313800470501784,occurrence,456212,0.2836663656370284,2.7387566195034605,3.0264599789146214,0.2738934029302403,0.3026862687513463,2.8621873223054695,1.2921305716676668,2.7460915766597163,1.9314110411975276
louo,10,occurrence,75,M1_nosys,gbdt,rule_upm_count_prevyear,2.8621873223054695,True,True,True,58763,19895,0.33856338171978967,0.9962572303504593,0.9773694061596052,0.2887157577280724,2.9426018410195547,2.8868136925939623,0.2887157577280724,0.8470236195913441,0.8976846463900487,0.13706969358683957,occurrence,456212,0.2836663656370284,2.757425469756558,3.0551915744388745,0.27576031692954633,0.3055681535587728,2.8621873223054695,1.2921305716676668,2.7460915766597163,1.9314110411975276
louo,10,occurrence,75,M1_nosys,logreg,rule_upm_count_prevyear,2.8621873223054695,True,True,True,58763,19895,0.33856338171978967,0.9904729499829874,0.9700527480006806,0.2865544106559437,2.925517062571012,2.865202796218346,0.2865544106559437,0.835948640751484,0.8876885616658394,0.14221954395056505,occurrence,456212,0.2836663656370284,2.736526026617479,3.022160806854268,0.27368178868915877,0.3022562945679568,2.8621873223054695,1.2921305716676668,2.7460915766597163,1.9314110411975276
louo,10,severity_labour,75,M0,gbdt,rule_upm_count_prevyear,6.115530979863959,False,True,False,58763,4748,0.08079914231744464,0.6767608029942157,0.49327888378424367,0.6105728727885426,8.375841420882287,6.105001484375213,0.6105728727885426,0.5863638737255964,0.9018485925584183,0.08560866927138293,severity_labour,456212,0.06670802170920537,5.796482948323242,6.357969292535792,0.5796862712440908,0.6358308081714716,6.115530979863959,1.4804470657177562,5.852293592645298,3.003012113390498
louo,10,severity_labour,75,M0,logreg,rule_upm_count_prevyear,6.115530979863959,True,True,True,58763,4748,0.08079914231744464,0.6913916298060565,0.49753275480687426,0.615838247683235,8.556917932243746,6.157648961818945,0.615838247683235,0.5791014456497743,0.8982721927924011,0.13631268339376354,severity_labour,456212,0.06670802170920537,5.845991587657229,6.408467679660458,0.5846832666256158,0.6409364854772198,6.115530979863959,1.4804470657177562,5.852293592645298,3.003012113390498
louo,10,severity_labour,75,M1,gbdt,rule_upm_count_prevyear,6.115530979863959,True,True,True,58763,4748,0.08079914231744464,0.7294998298741069,0.5193125744427429,0.6427969671440606,9.028559078115448,6.427204046330856,0.6427969671440606,0.6293813893827316,0.9135133860520038,0.09338963751050125,severity_labour,456212,0.06670802170920537,6.143091055867415,6.690533483025799,0.6143906355184396,0.6691356211353165,6.115530979863959,1.4804470657177562,5.852293592645298,3.003012113390498
louo,10,severity_labour,75,M1,logreg,rule_upm_count_prevyear,6.115530979863959,True,True,True,58763,4748,0.08079914231744464,0.7046614494726098,0.5097839033520504,0.6310025273799494,8.721150116966928,6.309273696856895,0.6310025273799494,0.5851636568027373,0.9029182040216136,0.13148455860401498,severity_labour,456212,0.06670802170920537,6.010225283799586,6.549196684961195,0.6011013349616459,0.6549518362720351,6.115530979863959,1.4804470657177562,5.852293592645298,3.003012113390498
louo,10,severity_labour,75,M1_nosys,gbdt,rule_upm_count_prevyear,6.115530979863959,True,True,True,58763,4748,0.08079914231744464,0.7237155495066349,0.5128466904883444,0.6347935973041281,8.956970689902777,6.347179880616383,0.6347935973041281,0.6249568297907578,0.9122300831284892,0.09716604354481105,severity_labour,456212,0.06670802170920537,6.055922299912129,6.6315170429670935,0.605602704427168,0.6631852968417661,6.115530979863959,1.4804470657177562,5.852293592645298,3.003012113390498
louo,10,severity_labour,75,M1_nosys,logreg,rule_upm_count_prevyear,6.115530979863959,True,True,True,58763,4748,0.08079914231744464,0.692752636951344,0.5005955419431682,0.6196293176074137,8.57376225888202,6.195555145578433,0.6196293176074137,0.572334994731056,0.89343569810907,0.1358083661394234,severity_labour,456212,0.06670802170920537,5.897712932152985,6.436945046410347,0.5897819434696916,0.643782453544028,6.115530979863959,1.4804470657177562,5.852293592645298,3.003012113390498
louo,10,severity_labour,50,M0,gbdt,rule_upm_count_prevyear,4.839030063551159,False,True,False,58763,9352,0.15914776304817657,0.9108540319836679,0.7685894163688957,0.48299828913601367,5.723322870130056,4.829407599880819,0.48299828913601367,0.7128013494585578,0.8999189288570428,0.11261699272945001,severity_labour,456212,0.13058841065118848,4.580968711388006,5.0833104019540984,0.4581415804492259,0.5083510316668224,4.839030063551159,1.4583378273715821,4.577085219191894,2.579889426281252
louo,10,severity_labour,50,M0,logreg,rule_upm_count_prevyear,4.839030063551159,True,True,True,58763,9352,0.15914776304817657,0.8986049676760803,0.7759060745278203,0.4875962360992301,5.646356257009144,4.875381592972445,0.4875962360992301,0.7011004497053972,0.8906879055374969,0.14123903879331132,severity_labour,456212,0.13058841065118848,4.60310297774498,5.143621223943381,0.46033464898772725,0.5144258782994763,4.839030063551159,1.4583378273715821,4.577085219191894,2.579889426281252
louo,10,severity_labour,50,M1,gbdt,rule_upm_count_prevyear,4.839030063551159,True,True,True,58763,9352,0.15914776304817657,0.9271861177271181,0.7910498553683852,0.4971129170230967,5.825945020957938,4.970537067045811,0.4971129170230967,0.7318474641081821,0.9064340765699841,0.12178523139370216,severity_labour,456212,0.13058841065118848,4.730821851796381,5.2208451939462766,0.4731071822834816,0.5221050517962538,4.839030063551159,1.4583378273715821,4.577085219191894,2.579889426281252
louo,10,severity_labour,50,M1,logreg,rule_upm_count_prevyear,4.839030063551159,True,True,True,58763,9352,0.15914776304817657,0.9009867301803335,0.776416539050536,0.4879170230966638,5.6613219873382095,4.878589080862558,0.4879170230966638,0.7011209776597556,0.8916477432209597,0.1403857702574716,severity_labour,456212,0.13058841065118848,4.636851644233329,5.156977301040222,0.4636934179872922,0.5157176180855249,4.839030063551159,1.4583378273715821,4.577085219191894,2.579889426281252
louo,10,severity_labour,50,M1_nosys,gbdt,rule_upm_count_prevyear,4.839030063551159,True,True,True,58763,9352,0.15914776304817657,0.9210615855733243,0.7879870682320912,0.4951881950384944,5.787461714397483,4.95129213970513,0.4951881950384944,0.725770205487975,0.9032356278864079,0.12282215492862077,severity_labour,456212,0.13058841065118848,4.7008776231933584,5.195174313789678,0.47009613036945513,0.5195456188505218,4.839030063551159,1.4583378273715821,4.577085219191894,2.579889426281252
louo,10,severity_labour,50,M1_nosys,logreg,rule_upm_count_prevyear,4.839030063551159,True,True,True,58763,9352,0.15914776304817657,0.9064307587614835,0.7786285519823039,0.4893071000855432,5.6955293709475034,4.892488195053049,0.4893071000855432,0.6996868101787813,0.8884395140105446,0.14126943520716792,severity_labour,456212,0.13058841065118848,4.6474406714742,5.159641436021893,0.46476808114374213,0.5160283549498619,4.839030063551159,1.4583378273715821,4.577085219191894,2.579889426281252
louo,10,severity_labour,90,M0,gbdt,rule_upm_count_prevyear,7.1127890698717655,False,True,False,58763,1760,0.029950819393155557,0.31983667914256547,0.20044240258635357,0.6693181818181818,10.678728850258281,6.6923846040806225,0.6693181818181818,0.35963683743375174,0.8849266007530704,0.05786869151998362,severity_labour,456212,0.02674414526579748,6.3765421757618,6.992741800120669,0.6377401756299922,0.6992763458327378,7.1127890698717655,1.5339081859947097,6.913949119835414,3.408684857766022
louo,10,severity_labour,90,M0,logreg,rule_upm_count_prevyear,7.1127890698717655,False,True,False,58763,1760,0.029950819393155557,0.3354882613133719,0.21099200272247745,0.7045454545454546,11.201304942930497,7.044615372716445,0.7045454545454546,0.36923000041898457,0.9062997930332215,0.13293742971621028,severity_labour,456212,0.02674414526579748,6.6677488980615935,7.417659212939656,0.6668512292715123,0.741791169569309,7.1127890698717655,1.5339081859947097,6.913949119835414,3.408684857766022
louo,10,severity_labour,90,M1,gbdt,rule_upm_count_prevyear,7.1127890698717655,True,True,True,58763,1760,0.029950819393155557,0.3344675059544063,0.21507571890420282,0.7181818181818181,11.167223893408396,7.1809627670270855,0.7181818181818181,0.40469325902190906,0.9086650244086036,0.05706598163731231,severity_labour,456212,0.02674414526579748,6.859055202464037,7.506336412129721,0.685997407822658,0.7506614563543385,7.1127890698717655,1.5339081859947097,6.913949119835414,3.408684857766022
louo,10,severity_labour,90,M1,logreg,rule_upm_count_prevyear,7.1127890698717655,True,True,True,58763,1760,0.029950819393155557,0.3450153113303845,0.21881912540411774,0.7306818181818182,11.519394738470105,7.305947878478507,0.7306818181818182,0.36417735944492863,0.9117190951273697,0.11971218222005416,severity_labour,456212,0.02674414526579748,6.994273201767882,7.602280653863488,0.6994298400896914,0.7602536317164666,7.1127890698717655,1.5339081859947097,6.913949119835414,3.408684857766022
louo,10,severity_labour,90,M1_nosys,gbdt,rule_upm_count_prevyear,7.1127890698717655,True,True,True,58763,1760,0.029950819393155557,0.33480775774072813,0.21388463501786625,0.7142045454545455,11.178584243249094,7.141194777019815,0.7142045454545455,0.40264272798771117,0.9059874390582314,0.05729203299343775,severity_labour,456212,0.02674414526579748,6.780537456445126,7.436311790974633,0.6781499274040483,0.7436568324075676,7.1127890698717655,1.5339081859947097,6.913949119835414,3.408684857766022
louo,10,severity_labour,90,M1_nosys,logreg,rule_upm_count_prevyear,7.1127890698717655,False,True,False,58763,1760,0.029950819393155557,0.3365090166723375,0.210651693040667,0.7034090909090909,11.235385992452596,7.033253089857224,0.7034090909090909,0.3498636388357067,0.8941011029323815,0.12380086106721727,severity_labour,456212,0.02674414526579748,6.603702154639514,7.35808379680071,0.6604245026012373,0.7358691588994243,7.1127890698717655,1.5339081859947097,6.913949119835414,3.408684857766022
louo,11,occurrence,75,M0,gbdt,rule_upm_count_prevyear,3.31714483940742,True,True,True,87150,24503,0.28115892139988524,0.9821018815970629,0.9429718875502008,0.3353875035709913,3.4930489728271654,3.353875035709913,0.3353875035709913,0.8278391512172865,0.9064230044106079,0.11600709773126834,occurrence,427825,0.29171740781861744,3.2039656342205656,3.556336118508645,0.32041404499485593,0.35565099528005645,3.31714483940742,3.1526751826306985,3.1469615965391995,2.1862629065828676
louo,11,occurrence,75,M0,logreg,rule_upm_count_prevyear,3.31714483940742,True,True,True,87150,24503,0.28115892139988524,0.976824231298761,0.9374641422834193,0.33342855976819163,3.4742779152629075,3.3342855976819163,0.33342855976819163,0.8228897654318962,0.9046257658991317,0.12324547769460813,occurrence,427825,0.29171740781861744,3.1843154242910408,3.530970818113205,0.318439457118265,0.3531149608284698,3.31714483940742,3.1526751826306985,3.1469615965391995,2.1862629065828676
louo,11,occurrence,75,M1,gbdt,rule_upm_count_prevyear,3.31714483940742,True,True,True,87150,24503,0.28115892139988524,0.9814134924277191,0.9436603557085484,0.3356323715463413,3.490600574014436,3.3563237154634127,0.3356323715463413,0.8273750964473671,0.9060448444203851,0.11673856992609793,occurrence,427825,0.29171740781861744,3.200906851936739,3.5563224287902773,0.320123476978093,0.3556502501774998,3.31714483940742,3.1526751826306985,3.1469615965391995,2.1862629065828676
louo,11,occurrence,75,M1,logreg,rule_upm_count_prevyear,3.31714483940742,True,True,True,87150,24503,0.28115892139988524,0.9749885268471776,0.9375788869764773,0.33346937109741664,3.4677488517622956,3.3346937109741663,0.33346937109741664,0.8225367601513547,0.9045020619115154,0.12316102989084762,occurrence,427825,0.29171740781861744,3.1829830766451166,3.5310588303130905,0.3183058079652649,0.35313293558368086,3.31714483940742,3.1526751826306985,3.1469615965391995,2.1862629065828676
louo,11,occurrence,75,M1_nosys,gbdt,rule_upm_count_prevyear,3.31714483940742,True,True,True,87150,24503,0.28115892139988524,0.9802661771454796,0.9429718875502008,0.3353875035709913,3.486519909326554,3.353875035709913,0.3353875035709913,0.8265092851635105,0.9052580346696122,0.11780365163040439,occurrence,427825,0.29171740781861744,3.195142819069388,3.5525978216933836,0.31954734875835983,0.3552688018384327,3.31714483940742,3.1526751826306985,3.1469615965391995,2.1862629065828676
louo,11,occurrence,75,M1_nosys,logreg,rule_upm_count_prevyear,3.31714483940742,True,True,True,87150,24503,0.28115892139988524,0.9752179899036255,0.9373493975903614,0.3333877484389667,3.468564984699872,3.3338774843896664,0.3333877484389667,0.8221352516045566,0.9031318997229597,0.12410033816526252,occurrence,427825,0.29171740781861744,3.179708383706105,3.529824651376713,0.317978741596594,0.35298290786386993,3.31714483940742,3.1526751826306985,3.1469615965391995,2.1862629065828676
louo,11,severity_labour,75,M0,gbdt,rule_upm_labour_prevyear,7.060250707642539,True,True,True,87150,2473,0.028376362593230064,0.35360256998623224,0.21124497991967872,0.7444399514759401,12.461166184512793,7.444399514759401,0.7444399514759401,0.4531246488244075,0.9020909627130896,0.10149654379632082,severity_labour,427825,0.06861450359375913,6.99489385286443,7.830191553841969,0.699504717022357,0.7830636696352518,6.930853214718964,6.75293166194905,7.060250707642539,3.24706833805095
louo,11,severity_labour,75,M0,logreg,rule_upm_labour_prevyear,7.060250707642539,True,True,True,87150,2473,0.028376362593230064,0.3439651216154199,0.208491107286288,0.734735139506672,12.121536736265202,7.34735139506672,0.734735139506672,0.4254990422841592,0.905653079905396,0.14490144191644802,severity_labour,427825,0.06861450359375913,6.890194245934426,7.73860569958491,0.6890558068019834,0.7738619355093498,6.930853214718964,6.75293166194905,7.060250707642539,3.24706833805095
louo,11,severity_labour,75,M1,gbdt,rule_upm_labour_prevyear,7.060250707642539,True,True,True,87150,2473,0.028376362593230064,0.3591096833409821,0.2139988525530694,0.7541447634452082,12.655240154939987,7.541447634452082,0.7541447634452082,0.48052819357264703,0.9093306234679628,0.0754764607074367,severity_labour,427825,0.06861450359375913,7.161994914810405,7.921286106552227,0.7162156745200572,0.7922171423664432,6.930853214718964,6.75293166194905,7.060250707642539,3.24706833805095
louo,11,severity_labour,75,M1,logreg,rule_upm_labour_prevyear,7.060250707642539,True,True,True,87150,2473,0.028376362593230064,0.34878384580082605,0.20940906483075158,0.7379700768297615,12.291351460388997,7.379700768297614,0.7379700768297615,0.40560285750127395,0.9077058651471486,0.13410450030363047,severity_labour,427825,0.06861450359375913,6.944401171608077,7.739779614474642,0.6944405073411833,0.7739955526094798,6.930853214718964,6.75293166194905,7.060250707642539,3.24706833805095
louo,11,severity_labour,75,M1_nosys,gbdt,rule_upm_labour_prevyear,7.060250707642539,True,True,True,87150,2473,0.028376362593230064,0.35865075722808626,0.21457257601835916,0.7561665992721391,12.639067324071053,7.561665992721391,0.7561665992721391,0.47742827747614713,0.9074838349716459,0.07532046422530818,severity_labour,427825,0.06861450359375913,7.169193842525463,7.897038609893039,0.7169197737111234,0.7897214774818537,6.930853214718964,6.75293166194905,7.060250707642539,3.24706833805095
louo,11,severity_labour,75,M1_nosys,logreg,rule_upm_labour_prevyear,7.060250707642539,True,True,True,87150,2473,0.028376362593230064,0.3327214318494722,0.20608146873207114,0.7262434290335624,11.725302379976347,7.262434290335625,0.7262434290335624,0.38175715786806713,0.907035617628571,0.13365434336633364,severity_labour,427825,0.06861450359375913,6.826983469104164,7.601495759221977,0.6827135345953907,0.7602276912350542,6.930853214718964,6.75293166194905,7.060250707642539,3.24706833805095
louo,11,severity_labour,50,M0,gbdt,rule_upm_count_prevyear,5.7941653160453805,True,True,True,87150,7404,0.08495697074010328,0.7246443322625057,0.5205966724039013,0.6127768773635872,8.529545320999103,6.1277687736358715,0.6127768773635872,0.6052985677241423,0.9028251196400545,0.1224458738116785,severity_labour,427825,0.13590136153801205,5.893306734555877,6.398284366001265,0.5893441804898119,0.6398720777263135,5.7941653160453805,5.4227444624527275,5.656401944894651,2.8484602917341975
louo,11,severity_labour,50,M0,logreg,rule_upm_count_prevyear,5.7941653160453805,True,True,True,87150,7404,0.08495697074010328,0.7021569527306104,0.5092369477911647,0.5994057266342517,8.264853920917435,5.994057266342518,0.5994057266342517,0.5858836924667276,0.9010024549785113,0.14645783710136057,severity_labour,427825,0.13590136153801205,5.762915326366763,6.276632102242647,0.5763163625996678,0.6276864962342279,5.7941653160453805,5.4227444624527275,5.656401944894651,2.8484602917341975
louo,11,severity_labour,50,M1,gbdt,rule_upm_count_prevyear,5.7941653160453805,True,True,True,87150,7404,0.08495697074010328,0.7248737953189537,0.5267928858290304,0.6200702323068612,8.532246253653,6.200702323068611,0.6200702323068612,0.6156434079364177,0.9057028638184474,0.10416638306458846,severity_labour,427825,0.13590136153801205,5.971909035570162,6.441412250710278,0.5972239569438655,0.6441780255375931,5.7941653160453805,5.4227444624527275,5.656401944894651,2.8484602917341975
louo,11,severity_labour,50,M1,logreg,rule_upm_count_prevyear,5.7941653160453805,True,True,True,87150,7404,0.08495697074010328,0.7012391005048187,0.5113023522662077,0.6018368449486764,8.254050190301857,6.018368449486763,0.6018368449486764,0.5781992667994291,0.901272198163529,0.1430997393143041,severity_labour,427825,0.13590136153801205,5.779678635434669,6.300735958905373,0.577981591957028,0.6301395802773988,5.7941653160453805,5.4227444624527275,5.656401944894651,2.8484602917341975
louo,11,severity_labour,50,M1_nosys,gbdt,rule_upm_count_prevyear,5.7941653160453805,True,True,True,87150,7404,0.08495697074010328,0.7241854061496099,0.527481353987378,0.6208806050783361,8.524143455691314,6.20880605078336,0.6208806050783361,0.6140019048216167,0.9059406164206689,0.10515934697224144,severity_labour,427825,0.13590136153801205,5.940600587176358,6.436264774657422,0.5940729912712214,0.6436709327699562,5.7941653160453805,5.4227444624527275,5.656401944894651,2.8484602917341975
louo,11,severity_labour,50,M1_nosys,logreg,rule_upm_count_prevyear,5.7941653160453805,True,True,True,87150,7404,0.08495697074010328,0.6812758145938503,0.4998278829604131,0.5883306320907618,8.019069049413027,5.883306320907617,0.5883306320907618,0.5664518577689779,0.9000603921434888,0.14277845086321203,severity_labour,427825,0.13590136153801205,5.645622541642664,6.157042340847318,0.5645683923109293,0.6157059120941082,5.7941653160453805,5.4227444624527275,5.656401944894651,2.8484602917341975
louo,11,severity_labour,90,M0,gbdt,rule_upm_labour_prevyear,7.564322469982848,False,True,False,87150,583,0.006689615605278256,0.0890316659017898,0.04899598393574297,0.7324185248713551,13.308935992008545,7.32418524871355,0.7324185248713551,0.24385120484246584,0.8629119819762644,0.06968729985590703,severity_labour,427825,0.02761175714369193,6.474853157835748,8.054641600332037,0.6475198397702366,0.8054934685305613,6.912521440823327,7.135506003430533,7.564322469982848,3.3962264150943398
louo,11,severity_labour,90,M0,logreg,rule_upm_labour_prevyear,7.564322469982848,False,True,False,87150,583,0.006689615605278256,0.08949059201468564,0.04911072862880092,0.7341337907375644,13.377538754853951,7.341337907375643,0.7341337907375644,0.2234981402629333,0.8806031144815086,0.1366841238308965,severity_labour,427825,0.02761175714369193,6.461606859398522,8.046385096447539,0.6461816592498412,0.8046486438414089,6.912521440823327,7.135506003430533,7.564322469982848,3.3962264150943398
louo,11,severity_labour,90,M1,gbdt,rule_upm_labour_prevyear,7.564322469982848,False,True,False,87150,583,0.006689615605278256,0.08972005507113355,0.05037292025243832,0.7530017152658662,13.411840136276654,7.530017152658662,0.7530017152658662,0.30174244697823227,0.8796298452020457,0.043513746612647314,severity_labour,427825,0.02761175714369193,6.734002867217644,8.199220853400721,0.673440264054882,0.8200036932853038,6.912521440823327,7.135506003430533,7.564322469982848,3.3962264150943398
louo,11,severity_labour,90,M1,logreg,rule_upm_labour_prevyear,7.564322469982848,False,True,False,87150,583,0.006689615605278256,0.08972005507113355,0.05014343086632243,0.7495711835334476,13.411840136276654,7.495711835334477,0.7495711835334476,0.19091413994173306,0.8830440796598105,0.11597842634932856,severity_labour,427825,0.02761175714369193,6.618579529193321,8.133231006539527,0.6618658525324346,0.813353399090997,6.912521440823327,7.135506003430533,7.564322469982848,3.3962264150943398
louo,11,severity_labour,90,M1_nosys,gbdt,rule_upm_labour_prevyear,7.564322469982848,False,True,False,87150,583,0.006689615605278256,0.09155575952271684,0.05014343086632243,0.7495711835334476,13.686251187658273,7.495711835334477,0.7495711835334476,0.2969351940753718,0.8692794213015108,0.04612017376792724,severity_labour,427825,0.02761175714369193,6.6766461305777725,8.205041641247975,0.667687576057195,0.8205613577023498,6.912521440823327,7.135506003430533,7.564322469982848,3.3962264150943398
louo,11,severity_labour,90,M1_nosys,logreg,rule_upm_labour_prevyear,7.564322469982848,False,True,False,87150,583,0.006689615605278256,0.08926112895823772,0.05025817555938038,0.7512864493996569,13.343237373431247,7.512864493996569,0.7512864493996569,0.17664929646333483,0.9044471666231974,0.11672647602658487,severity_labour,427825,0.02761175714369193,6.852944667430335,8.131069481202811,0.6853114478114478,0.8131265563328985,6.912521440823327,7.135506003430533,7.564322469982848,3.3962264150943398
